PUBMEDID,FIRST AUTHOR,CATEGORY,COUNTRY OF ORIGIN,COUNTRY OF RECRUITMENT,ADDITONAL ANCESTRY DESCRIPTION
30647433,Legge SE,Sub-Saharan African,NR,U.K.,
30642363,Hoffman J,Hispanic or Latin American,NR,U.S.,
30642363,Hoffman J,Hispanic or Latin American,NR,"Mexico, U.S., Colombia",
30642363,Hoffman J,African American or Afro-Caribbean,NR,U.S.,
30642363,Hoffman J,"African unspecified, African American or Afro-Caribbean",NR,NR,"African, African American and West Indian"
30642363,Hoffman J,East Asian,NR,China,
30642363,Hoffman J,European,NR,NR,
30610202,Ruderfer DM,European,NR,NR,White British
30610202,Ruderfer DM,European,NR,NR,
30610198,Soler Artigas M,European,NR,NR,
30582445,Mola-Caminal M,European,NR,Spain,
30582445,Mola-Caminal M,European,NR,"U.S., Australia, Belgium, Sweden, U.K., Spain",
30598549,Morris JA,European,NR,U.K.,
30598549,Morris JA,European,NR,U.K.,
30598549,Morris JA,European,NR,NR,
30583798,Bovijn J,European,NR,"Estonia, U.K., NR",
30563984,Hawi Z,European,NR,"Australia, Republic of Ireland, U.K.",
30552067,Shrine N,European,NR,U.K.,
30552067,Shrine N,European,NR,U.K.,
30531825,Morgan MD,European,NR,U.K.,White British
30531941,Doherty A,European,NR,NR,
30531941,Doherty A,European,NR,NR,
30531941,Doherty A,European,NR,NR,
30531941,Doherty A,European,NR,NR,
30531825,Morgan MD,European,NR,U.K.,White British
30531825,Morgan MD,European,NR,U.K.,White British
30535121,Gao XR,European,NR,U.K.,
30535121,Gao XR,European,NR,U.K.,
30498034,Terao C,East Asian,NR,Japan,Japanese
30498034,Terao C,East Asian,NR,Japan,Japanese
30423114,Laufer VA,African American or Afro-Caribbean,NR,U.S.,African American
30423114,Laufer VA,East Asian,NR,NR,
30423114,Laufer VA,European,NR,NR,
30395268,Khanshour AM,East Asian,"China, Hong Kong SAR, Japan",NR,
30395268,Khanshour AM,European,NR,U.S.,
30395268,Khanshour AM,East Asian,NR,Japan,
30395268,Khanshour AM,European,NR,NR,
30374069,Styrkarsdottir U,European,NR,"Iceland, U.K.",
30374069,Styrkarsdottir U,European,NR,"U.K., Iceland",
30367059,Teumer A,European,NR,NR,
30367059,Teumer A,European,NR,NR,
30367059,Teumer A,European,NR,"U.S., Australia, Germany, Netherlands, Republic of Ireland, U.K., Italy",
30367059,Teumer A,European,NR,"U.S., Australia, Germany, Netherlands, Republic of Ireland, U.K., Italy",
30367059,Teumer A,European,NR,NR,
30367059,Teumer A,European,NR,NR,
30361487,Yan Q,European,NR,U.S.,
30348214,Zhang Q,NR,NR,U.K.,
30336701,Sanchez-Roige S,European,NR,"U.K., NR",
30343302,Kim SH,East Asian,NR,Democratic People's Republic of Korea,Koreans
30336701,Sanchez-Roige S,European,NR,U.K.,
30336701,Sanchez-Roige S,European,NR,U.K.,white British
30326835,Li Z,East Asian,NR,China,
30320955,Baird DA,European,NR,"U.S., U.K.",
30320955,Baird DA,NR,NR,"U.K., NR",
30323354,Lee JY,East Asian,NR,Republic of Korea,Korean
30305740,Elliott LT,European,NR,NR,British
30305740,Elliott LT,European,NR,NR,
30305637,McMaster ML,European,NR,"U.S., Australia, France, Germany, Denmark, Sweden, Italy",
30305637,McMaster ML,European,NR,U.S.,
30289880,Qi G,European,NR,NR,
30289880,Qi G,NR,NR,NR,
30289880,Qi G,European,NR,NR,
30289880,Qi G,European,NR,NR,
30287856,Zheng R,East Asian,NR,China,Han Chinese
30287856,Zheng R,East Asian,NR,China,Han Chinese
30287806,Zhou H,African American or Afro-Caribbean,NR,U.S.,
30281874,Tanikawa C,East Asian,NR,Japan,Japanese
30281874,Tanikawa C,East Asian,NR,Japan,Japanese
30279531,Baselmans BML,European,NR,U.K.,
30279459,van der Meer D,European,NR,"U.S., Netherlands, Norway, NR",
30279459,van der Meer D,European,NR,"U.S., Netherlands, Norway, NR",
30279459,van der Meer D,European,NR,"U.S., Netherlands, Norway, NR",
30279459,van der Meer D,European,NR,"U.S., Netherlands, Norway, NR",
30279459,van der Meer D,European,NR,"U.S., Netherlands, Norway, NR",
30279459,van der Meer D,European,NR,"U.S., Netherlands, Norway, NR",
30279459,van der Meer D,European,NR,"U.S., Netherlands, Norway, NR",
30279459,van der Meer D,European,NR,"U.S., Netherlands, Norway, NR",
30279459,van der Meer D,European,NR,"U.S., Netherlands, Norway, NR",
30279459,van der Meer D,European,NR,"U.S., Netherlands, Norway, NR",
30279459,van der Meer D,European,NR,"U.S., Netherlands, Norway, NR",
30279459,van der Meer D,European,NR,"U.S., Netherlands, Norway, NR",
30279459,van der Meer D,European,NR,"U.S., Netherlands, Norway, NR",
30279459,van der Meer D,European,NR,"U.S., Netherlands, Norway, NR",
30279459,van der Meer D,European,NR,"U.S., Netherlands, Norway, NR",
30279459,van der Meer D,European,NR,"U.S., Netherlands, Norway, NR",
30279459,van der Meer D,European,NR,"U.S., Netherlands, Norway, NR",
30279459,van der Meer D,European,NR,"U.S., Netherlands, Norway, NR",
30279459,van der Meer D,European,NR,"U.S., Netherlands, Norway, NR",
30279459,van der Meer D,European,NR,"U.S., Netherlands, Norway, NR",
30279459,van der Meer D,European,NR,"U.S., Netherlands, Norway, NR",
30279459,van der Meer D,European,NR,"U.S., Netherlands, Norway, NR",
30279459,van der Meer D,European,NR,"Netherlands, U.S., Norway, NR",
30279459,van der Meer D,European,NR,"U.S., Netherlands, Norway, NR",
30279531,Baselmans BML,European,NR,U.K.,
30279459,van der Meer D,European,NR,"U.S., Netherlands, Norway, NR",
30281099,Fadista J,European,NR,Denmark,Danish
30281099,Fadista J,European,NR,"U.S., Sweden",
30281099,Fadista J,Hispanic or Latin American,NR,U.S.,
30305239,Macias-Kauffer LR,Hispanic or Latin American,NR,Mexico,Mexican
30275531,Klarin D,European,NR,U.S.,
30275531,Klarin D,African American or Afro-Caribbean,NR,U.S.,
30275531,Klarin D,Hispanic or Latin American,NR,U.S.,
30275531,Klarin D,NR,NR,NR,
30275531,Klarin D,European,NR,U.S.,
30275531,Klarin D,African American or Afro-Caribbean,NR,U.S.,
30275531,Klarin D,Hispanic or Latin American,NR,U.S.,
30275531,Klarin D,NR,NR,NR,
30275531,Klarin D,European,NR,U.S.,
30275531,Klarin D,African American or Afro-Caribbean,NR,U.S.,
30275531,Klarin D,Hispanic or Latin American,NR,U.S.,
30275531,Klarin D,NR,NR,NR,
30275531,Klarin D,European,NR,U.S.,
30275531,Klarin D,African American or Afro-Caribbean,NR,U.S.,
30275531,Klarin D,Hispanic or Latin American,NR,U.S.,
30275531,Klarin D,NR,NR,NR,
30276832,Edwards AC,European,NR,"U.S., U.K.",
30276832,Edwards AC,African unspecified,NR,U.S.,
30276832,Edwards AC,Hispanic or Latin American,NR,U.S.,
30319691,Liu C,NR,NR,NR,
30248107,Wu S,East Asian,NR,China,Han Chinese
30248107,Wu S,Other admixed ancestry,NR,China,Uyghur
30248107,Wu S,Hispanic or Latin American,NR,NR,Latin American
30248107,Wu S,European,NR,Netherlands,Dutch
30319691,Liu C,NR,NR,NR,
30319691,Liu C,NR,NR,NR,
30319691,Liu C,NR,NR,NR,
30247649,Gonzalez-Serna D,"Greater Middle Eastern (Middle Eastern, North African or Persian)",NR,"Iran (Islamic Republic of), Turkey","Iranian, Turkish"
30223776,Hwang LD,European,NR,NR,
30224653,Evangelou E,European,NR,"U.K., NR",
30224653,Evangelou E,European,NR,"NR, U.K.",
30224653,Evangelou E,European,NR,"U.K., NR",
30224653,Evangelou E,European,NR,NR,
30224653,Evangelou E,European,NR,"U.K., NR",
30224653,Evangelou E,European,NR,NR,
30224653,Evangelou E,European,NR,"U.K., NR",
30223776,Hwang LD,European,NR,NR,
30224653,Evangelou E,European,NR,NR,
30224653,Evangelou E,European,NR,"U.K., NR",
30275891,Das S,NR,NR,NR,
30263053,Deng X,NR,NR,U.S.,
30263053,Deng X,NR,NR,U.S.,
30263053,Deng X,NR,NR,U.S.,
30275891,Das S,NR,NR,NR,
30217807,Robinson-Cohen C,European,NR,NR,
30217807,Robinson-Cohen C,African unspecified,NR,NR,
30218097,Munz M,European,NR,"U.S., Germany, Netherlands",
30218097,Munz M,European,NR,Germany,
30213928,Went M,European,NR,"Germany, U.S., Netherlands, Iceland, Norway, Sweden, U.K.",
30213928,Went M,European,NR,"Germany, Denmark, Sweden",
30277614,Carlson JC,NR,NR,NR,
30202859,Laisk T,European,NR,"U.K., Estonia",
30219690,Heinzman JT,European,NR,NR,non-Hispanic White
30219690,Heinzman JT,African American or Afro-Caribbean,NR,U.S.,African American
30194396,Rafnar T,European,NR,"Iceland, U.K.","Icelandic, white British"
30188897,Jeong C,NR,NR,Nepal,
30220432,Haas ME,European,NR,U.K.,
30188897,Jeong C,NR,NR,Nepal,
30188897,Jeong C,NR,NR,Nepal,
30188897,Jeong C,NR,NR,Nepal,
30188897,Jeong C,NR,NR,Nepal,
30188897,Jeong C,NR,NR,Nepal,
30188897,Jeong C,NR,NR,Nepal,
30188897,Jeong C,NR,NR,Nepal,
30188897,Jeong C,NR,NR,Nepal,
30188897,Jeong C,NR,NR,Nepal,
30188897,Jeong C,NR,NR,Nepal,
30188897,Jeong C,NR,NR,Nepal,
30188897,Jeong C,NR,NR,Nepal,
30188897,Jeong C,NR,NR,Nepal,
30188897,Jeong C,NR,NR,Nepal,
30188897,Jeong C,NR,NR,Nepal,
30188897,Jeong C,NR,NR,Nepal,
30188897,Jeong C,NR,NR,Nepal,
30188897,Jeong C,NR,NR,Nepal,
30188897,Jeong C,NR,NR,Nepal,
30188897,Jeong C,NR,NR,Nepal,
30188897,Jeong C,NR,NR,Nepal,
30188897,Jeong C,NR,NR,Nepal,
30188897,Jeong C,NR,NR,Nepal,
30188897,Jeong C,NR,NR,Nepal,
30188897,Jeong C,NR,NR,Nepal,
30188897,Jeong C,NR,NR,Nepal,
30188897,Jeong C,NR,NR,Nepal,
30188897,Jeong C,NR,NR,Nepal,
30188897,Jeong C,NR,NR,Nepal,
30188897,Jeong C,NR,NR,Nepal,
30188897,Jeong C,NR,NR,Nepal,
30188897,Jeong C,NR,NR,Nepal,
30188897,Jeong C,NR,NR,Nepal,
30188897,Jeong C,NR,NR,Nepal,
30188897,Jeong C,NR,NR,Nepal,
30188897,Jeong C,NR,NR,Nepal,
30188897,Jeong C,NR,NR,Nepal,
30188897,Jeong C,NR,NR,Nepal,
30188897,Jeong C,NR,NR,Nepal,
30188897,Jeong C,NR,NR,Nepal,
30188897,Jeong C,NR,NR,Nepal,
30188897,Jeong C,NR,NR,Nepal,
30188897,Jeong C,NR,NR,Nepal,
30188897,Jeong C,NR,NR,Nepal,
30188897,Jeong C,NR,NR,Nepal,
30188897,Jeong C,NR,NR,Nepal,
30188897,Jeong C,NR,NR,Nepal,
30220432,Haas ME,European,NR,U.K.,
30188897,Jeong C,NR,NR,Nepal,
30188897,Jeong C,NR,NR,Nepal,
30188897,Jeong C,NR,NR,Nepal,
30188897,Jeong C,NR,NR,Nepal,
30188897,Jeong C,NR,NR,Nepal,
30188897,Jeong C,NR,NR,Nepal,
30188897,Jeong C,NR,NR,Nepal,
30188897,Jeong C,NR,NR,Nepal,
30188897,Jeong C,NR,NR,Nepal,
30185882,Zeiger AM,African American or Afro-Caribbean,NR,U.S.,African American
30178632,Meng W,European,NR,U.K.,Scottish
30181573,Jing J,European,NR,Germany,
30181555,Strawbridge RJ,European,NR,NR,white British
30181555,Strawbridge RJ,South Asian,NR,NR,
30181555,Strawbridge RJ,African American or Afro-Caribbean,NR,NR,African Caribbean
30181555,Strawbridge RJ,European,NR,NR,white non-British
30181555,Strawbridge RJ,NR,NR,NR,mixed ancestry
30181573,Jing J,European,NR,Germany,
30177863,Maguire LH,European,NR,U.K.,white British
30196971,Bray MJ,"European, African American or Afro-Caribbean",NR,U.S.,"African American, European American"
30196971,Bray MJ,"European, African American or Afro-Caribbean",NR,U.S.,"African American, European American"
30196971,Bray MJ,"African American or Afro-Caribbean, European",NR,U.S.,"African American, European American"
30166627,Massey J,European,NR,U.K.,
30169916,Sun Y,East Asian,NR,China,Chinese
30169916,Sun Y,East Asian,NR,China,Chinese
30169916,Sun Y,East Asian,NR,China,Chinese
30169916,Sun Y,East Asian,NR,China,Chinese
30166627,Massey J,European,NR,U.K.,
30166627,Massey J,European,NR,U.K.,
30166627,Massey J,European,NR,U.K.,
30166627,Massey J,European,NR,U.K.,
30172742,Hu Y,European,NR,NR,
30161160,Onishi H,East Asian,NR,"Japan, Singapore",
30161160,Onishi H,"East Asian, Asian unspecified",NR,"Japan, Singapore",
30160337,Asleh R,Native American,NR,U.S.,
30160337,Asleh R,European,NR,U.S.,
30160337,Asleh R,NR,NR,U.S.,
30172743,Liang X,European,NR,U.S.,
30172743,Liang X,European,NR,U.S.,
30172743,Liang X,European,NR,U.S.,
30172743,Liang X,European,NR,U.S.,
30172743,Liang X,European,NR,U.S.,
30158200,Trajanoska K,East Asian,NR,"China, Hong Kong SAR",Southern Han Chinese
30158200,Trajanoska K,European,NR,"U.S., Australia, Netherlands, Estonia, Finland, Iceland, Republic of Ireland, Sweden, U.K.","Northern European, North Western European, European American"
30158200,Trajanoska K,European,NR,U.S.,
30158200,Trajanoska K,East Asian,NR,"China, Hong Kong SAR",Southern Han Chinese
30158200,Trajanoska K,European,NR,"U.S., Australia, Netherlands, Estonia, Finland, Iceland, Republic of Ireland, Sweden, U.K.","Northern European, North Western European, European American"
30158200,Trajanoska K,European,NR,"Canada, U.S., Australia, Austria, France, Netherlands, Poland, Denmark, Finland, Sweden, U.K., Greece, Italy, Malta, Slovenia, Spain, NR","North Western European, Northern European, Mediterranean European, Central European, Southern European, Western European, European Canadian, European American."
30158200,Trajanoska K,East Asian,NR,"China, Hong Kong SAR, Republic of Korea","Chinese, East Asian/Korean"
30158200,Trajanoska K,Other,NR,Russian Federation,"Russian, Tatar"
30169657,Ashar FN,European,NR,"U.S., France, Germany, Netherlands, Finland, NR",
30169657,Ashar FN,"European, African unspecified, Asian unspecified",NR,"U.S., Netherlands, Denmark, Finland, Sweden",
30169657,Ashar FN,African American or Afro-Caribbean,NR,U.S.,
30169657,Ashar FN,Asian unspecified,NR,U.S.,
30150663,Pasman JA,European,NR,"Canada, U.S., Australia, NR",
30152087,Ostrom QT,NR,NR,NR,
30294719,Zeng Y,East Asian,NR,China,Han Chinese
30132804,Kim M,East Asian,NR,Republic of Korea,Korean
30134952,Traglia M,"European, South Asian, Asian unspecified, African American or Afro-Caribbean, Hispanic or Latin American",NR,U.S.,
30134952,Traglia M,"European, South Asian, Asian unspecified, African American or Afro-Caribbean, Hispanic or Latin American",NR,U.S.,
30134952,Traglia M,"European, South Asian, Asian unspecified, African American or Afro-Caribbean, Hispanic or Latin American",NR,U.S.,
30134952,Traglia M,"European, South Asian, Asian unspecified, African American or Afro-Caribbean, Hispanic or Latin American",NR,U.S.,
30130595,Dominguez-Cruz MG,Native American,NR,Mexico,Maya
30120420,Sun R,South Asian,NR,Bangladesh,Bangladeshi
30120420,Sun R,Hispanic or Latin American,NR,Mexico,
30120336,Kikuchi M,East Asian,NR,Japan,Japanese
30120429,Schlauch KA,European,NR,U.S.,
30120420,Sun R,South Asian,NR,Bangladesh,Bangladeshi
30120420,Sun R,Hispanic or Latin American,NR,Mexico,
30120336,Kikuchi M,East Asian,NR,Japan,Japanese
30120336,Kikuchi M,East Asian,NR,Japan,Japanese
30120336,Kikuchi M,East Asian,NR,Japan,Japanese
30120336,Kikuchi M,East Asian,NR,Japan,Japanese
30120336,Kikuchi M,East Asian,NR,Japan,Japanese
30120336,Kikuchi M,East Asian,NR,Japan,Japanese
30120336,Kikuchi M,East Asian,NR,Japan,Japanese
30120336,Kikuchi M,East Asian,NR,Japan,Japanese
30120336,Kikuchi M,East Asian,NR,Japan,Japanese
30120336,Kikuchi M,East Asian,NR,Japan,Japanese
30124842,Yengo L,NR,NR,NR,
30124842,Yengo L,European,NR,NR,
30174134,Qiao L,Other admixed ancestry,NR,China,Uyghur
30174134,Qiao L,Other admixed ancestry,NR,China,Uyghur
30174134,Qiao L,East Asian,NR,NR,Han Chinese
30174134,Qiao L,Other admixed ancestry,NR,China,Uyghur
30174134,Qiao L,Other admixed ancestry,NR,China,Uyghur
30174134,Qiao L,East Asian,NR,NR,Han Chinese
30174134,Qiao L,Other admixed ancestry,NR,China,Uyghur
30174134,Qiao L,Other admixed ancestry,NR,China,Uyghur
30174134,Qiao L,East Asian,NR,NR,Han Chinese
30174134,Qiao L,Other admixed ancestry,NR,China,Uyghur
30174134,Qiao L,Other admixed ancestry,NR,China,Uyghur
30174134,Qiao L,East Asian,NR,NR,Han Chinese
30174134,Qiao L,Other admixed ancestry,NR,China,Uyghur
30174134,Qiao L,Other admixed ancestry,NR,China,Uyghur
30174134,Qiao L,East Asian,NR,NR,Han Chinese
30174134,Qiao L,Other admixed ancestry,NR,China,Uyghur
30174134,Qiao L,Other admixed ancestry,NR,China,Uyghur
30174134,Qiao L,East Asian,NR,NR,Han Chinese
30174134,Qiao L,Other admixed ancestry,NR,China,Uyghur
30174134,Qiao L,Other admixed ancestry,NR,China,Uyghur
30174134,Qiao L,East Asian,NR,NR,Han Chinese
30174134,Qiao L,Other admixed ancestry,NR,China,Uyghur
30174134,Qiao L,Other admixed ancestry,NR,China,Uyghur
30174134,Qiao L,East Asian,NR,NR,Han Chinese
30174134,Qiao L,Other admixed ancestry,NR,China,Uyghur
30174134,Qiao L,Other admixed ancestry,NR,China,Uyghur
30174134,Qiao L,East Asian,NR,NR,Han Chinese
30174134,Qiao L,Other admixed ancestry,NR,China,Uyghur
30174134,Qiao L,Other admixed ancestry,NR,China,Uyghur
30174134,Qiao L,East Asian,NR,NR,Han Chinese
30174134,Qiao L,Other admixed ancestry,NR,China,Uyghur
30174134,Qiao L,Other admixed ancestry,NR,China,Uyghur
30174134,Qiao L,East Asian,NR,NR,Han Chinese
30174134,Qiao L,Other admixed ancestry,NR,China,Uyghur
30174134,Qiao L,Other admixed ancestry,NR,China,Uyghur
30174134,Qiao L,East Asian,NR,NR,Han Chinese
30174134,Qiao L,Other admixed ancestry,NR,China,Uyghur
30174134,Qiao L,Other admixed ancestry,NR,China,Uyghur
30174134,Qiao L,East Asian,NR,NR,Han Chinese
30174134,Qiao L,Other admixed ancestry,NR,China,Uyghur
30174134,Qiao L,Other admixed ancestry,NR,China,Uyghur
30174134,Qiao L,East Asian,NR,NR,Han Chinese
30174134,Qiao L,Other admixed ancestry,NR,China,Uyghur
30174134,Qiao L,Other admixed ancestry,NR,China,Uyghur
30174134,Qiao L,East Asian,NR,NR,Han Chinese
30174134,Qiao L,Other admixed ancestry,NR,China,Uyghur
30174134,Qiao L,Other admixed ancestry,NR,China,Uyghur
30174134,Qiao L,East Asian,NR,NR,Han Chinese
30174134,Qiao L,Other admixed ancestry,NR,China,Uyghur
30174134,Qiao L,Other admixed ancestry,NR,China,Uyghur
30174134,Qiao L,East Asian,NR,NR,Han Chinese
30174134,Qiao L,Other admixed ancestry,NR,China,Uyghur
30174134,Qiao L,Other admixed ancestry,NR,China,Uyghur
30174134,Qiao L,East Asian,NR,NR,Han Chinese
30174134,Qiao L,Other admixed ancestry,NR,China,Uyghur
30174134,Qiao L,Other admixed ancestry,NR,China,Uyghur
30174134,Qiao L,East Asian,NR,NR,Han Chinese
30174134,Qiao L,Other admixed ancestry,NR,China,Uyghur
30174134,Qiao L,Other admixed ancestry,NR,China,Uyghur
30174134,Qiao L,East Asian,NR,NR,Han Chinese
30174134,Qiao L,Other admixed ancestry,NR,China,Uyghur
30174134,Qiao L,Other admixed ancestry,NR,China,Uyghur
30174134,Qiao L,East Asian,NR,NR,Han Chinese
30124842,Yengo L,NR,NR,NR,
30124842,Yengo L,European,NR,NR,
30113228,Torgerson DG,European,NR,U.S.,non-Hispanic White
30113228,Torgerson DG,African American or Afro-Caribbean,NR,U.S.,African American
30113228,Torgerson DG,Hispanic or Latin American,NR,U.S.,Hispanic white
30116032,Erlangsen A,European,NR,Denmark,
30116032,Erlangsen A,European,NR,Denmark,
30174134,Qiao L,Other admixed ancestry,NR,China,Uyghur
30174134,Qiao L,Other admixed ancestry,NR,China,Uyghur
30174134,Qiao L,East Asian,NR,NR,Han Chinese
30108155,Hebbar P,"Greater Middle Eastern (Middle Eastern, North African or Persian)",Kuwait,Kuwait,Arab
30108155,Hebbar P,"Greater Middle Eastern (Middle Eastern, North African or Persian)",Kuwait,Kuwait,Arab
30108209,Ganjgahi H,European,NR,NR,
30108155,Hebbar P,"Greater Middle Eastern (Middle Eastern, North African or Persian)",Kuwait,Kuwait,Arab
30108155,Hebbar P,"Greater Middle Eastern (Middle Eastern, North African or Persian)",Kuwait,Kuwait,Arab
30120083,Ferguson A,European,NR,U.K.,
30108127,Hoffmann TJ,European,NR,NR,non-Hispanic white
30108127,Hoffmann TJ,Hispanic or Latin American,NR,NR,Hispanic/Latino
30108127,Hoffmann TJ,East Asian,NR,NR,
30108127,Hoffmann TJ,African American or Afro-Caribbean,NR,NR,African American
30108127,Hoffmann TJ,South Asian,NR,NR,
30108127,Hoffmann TJ,European,NR,NR,non-Hispanic white
30108127,Hoffmann TJ,South Asian,NR,NR,
30108127,Hoffmann TJ,African unspecified,NR,NR,African British
30108127,Hoffmann TJ,East Asian,NR,NR,
30108127,Hoffmann TJ,NR,NR,NR,
30120083,Ferguson A,European,NR,U.K.,
30108155,Hebbar P,"Greater Middle Eastern (Middle Eastern, North African or Persian)",Kuwait,Kuwait,Arab
30108155,Hebbar P,"Greater Middle Eastern (Middle Eastern, North African or Persian)",Kuwait,Kuwait,Arab
30108155,Hebbar P,"Greater Middle Eastern (Middle Eastern, North African or Persian)",Kuwait,Kuwait,Arab
30108155,Hebbar P,"Greater Middle Eastern (Middle Eastern, North African or Persian)",Kuwait,Kuwait,Arab
30104567,Ji X,European,NR,"U.S., Italy, NR",
30104567,Ji X,European,NR,NR,
30104601,Ren H,European,NR,NR,
30104601,Ren H,NR,NR,NR,
30102696,Chen Y,European,NR,U.S.,
30102696,Chen Y,European,NR,U.S.,
30104567,Ji X,European,NR,"U.S., Italy, NR",
30104567,Ji X,European,NR,NR,
30103242,Karhausen JA,European,NR,U.S.,
30103242,Karhausen JA,European,NR,U.S.,
30104567,Ji X,European,NR,"U.S., Italy, NR",
30102679,Hara M,East Asian,NR,Japan,Japanese
30102679,Hara M,East Asian,NR,Japan,Japanese
30102679,Hara M,East Asian,NR,Japan,Japanese
30102679,Hara M,East Asian,NR,Japan,Japanese
30093612,O'Mara TA,European,NR,"U.S., Australia, Belgium, Germany, Norway, Sweden, U.K.",
30093612,O'Mara TA,European,NR,"U.S., Australia, Belgium, Germany, Norway, Sweden, U.K.",
30093639,Machiela MJ,European,NR,"U.S., France, Spain",
30093639,Machiela MJ,European,NR,"France, Germany",
30093612,O'Mara TA,European,NR,"U.S., Australia, Belgium, Germany, Norway, Sweden, U.K.",
30089514,Chen JA,European,NR,"U.S., France, Germany, U.K., NR",
30087447,Aubart M,European,NR,NR,
30087453,Yilmaz Z,European,NR,NR,
30099483,Hwangbo Y,East Asian,NR,Republic of Korea,Korean
30099483,Hwangbo Y,East Asian,NR,Republic of Korea,Korean
30072576,Emilsson V,European,NR,Iceland,
30071075,Jiang L,European,NR,NR,
30073298,Schellevis RL,European,NR,"Germany, Netherlands",
30070759,Olsson M,European,NR,Sweden,Swedish
30071075,Jiang L,European,NR,NR,
30196823,Blum S,European,NR,Australia,Caucasian
30068317,Li X,European,NR,NR,
30068317,Li X,European,NR,NR,
30067744,Howe LJ,European,NR,NR,
30067744,Howe LJ,NR,NR,NR,
30067105,Chang LC,East Asian,NR,Taiwan,
30067105,Chang LC,East Asian,NR,Taiwan,
30067744,Howe LJ,European,NR,"U.S., U.K.",
30066433,Jabbari E,European,NR,U.K.,
30061609,Wyss AB,European,NR,"U.S., Australia, Netherlands, Brazil, Denmark, Iceland",
30061609,Wyss AB,African unspecified,NR,"U.S., Brazil",
30061609,Wyss AB,Hispanic or Latin American,NR,U.S.,
30061609,Wyss AB,East Asian,NR,Republic of Korea,
30061609,Wyss AB,European,NR,"Australia, Netherlands, Brazil, Denmark, Iceland, U.S.",
30061609,Wyss AB,African unspecified,NR,"U.S., Brazil",
30061609,Wyss AB,Hispanic or Latin American,NR,U.S.,
30061609,Wyss AB,East Asian,NR,Republic of Korea,
30061737,Nielsen JB,European,NR,"U.S., Iceland, Norway, U.K.",
30061609,Wyss AB,European,NR,"U.S., Australia, Netherlands, Brazil, Denmark, Iceland",
30061609,Wyss AB,African unspecified,NR,"U.S., Brazil",
30061609,Wyss AB,Hispanic or Latin American,NR,U.S.,
30061609,Wyss AB,East Asian,NR,Republic of Korea,
30054556,Akiyama M,East Asian,NR,Japan,
30054556,Akiyama M,East Asian,NR,Japan,
30060048,Wang SC,East Asian,NR,Taiwan,Taiwanese
30054458,Xue A,European,NR,NR,
30053915,Scepanovic P,European,France,France,Metropolitan French
30053915,Scepanovic P,European,France,France,Metropolitan French
30053915,Scepanovic P,European,France,France,Metropolitan French
30053915,Scepanovic P,European,France,France,Metropolitan French
30053915,Scepanovic P,European,France,France,Metropolitan French
30053915,Scepanovic P,European,France,France,Metropolitan French
30053915,Scepanovic P,European,France,France,Metropolitan French
30053915,Scepanovic P,European,France,France,Metropolitan French
30053915,Scepanovic P,European,France,France,Metropolitan French
30053915,Scepanovic P,European,France,France,Metropolitan French
30053915,Scepanovic P,European,France,France,Metropolitan French
30053915,Scepanovic P,European,France,France,Metropolitan French
30053915,Scepanovic P,European,France,France,Metropolitan French
30053915,Scepanovic P,European,France,France,Metropolitan French
30053915,Scepanovic P,European,France,France,Metropolitan French
30053915,Scepanovic P,European,France,France,Metropolitan French
30053915,Scepanovic P,European,France,France,Metropolitan French
30053915,Scepanovic P,European,France,France,Metropolitan French
30053915,Scepanovic P,European,France,France,Metropolitan French
30053915,Scepanovic P,European,France,France,Metropolitan French
30053915,Scepanovic P,European,France,France,Metropolitan French
30053915,Scepanovic P,European,France,France,Metropolitan French
30053915,Scepanovic P,European,France,France,Metropolitan French
30053915,Scepanovic P,European,France,France,Metropolitan French
30053915,Scepanovic P,European,France,France,Metropolitan French
30053915,Scepanovic P,European,France,France,Metropolitan French
30053915,Scepanovic P,European,France,France,Metropolitan French
30053915,Scepanovic P,European,France,France,Metropolitan French
30053915,Scepanovic P,European,France,France,Metropolitan French
30053915,Scepanovic P,European,France,France,Metropolitan French
30053915,Scepanovic P,European,France,France,Metropolitan French
30053915,Scepanovic P,European,France,France,Metropolitan French
30053915,Scepanovic P,European,France,France,Metropolitan French
30054594,MacGregor S,European,NR,NR,"white British, Northern European"
30053915,Scepanovic P,European,France,France,Metropolitan French
30054594,MacGregor S,European,NR,NR,"white British, Northern European"
30054458,Xue A,European,NR,NR,
30054458,Xue A,South Asian,NR,NR,Pakistani
30048462,Kim SK,European,NR,NR,
30049742,Terzikhan N,European,NR,"U.S., Netherlands",
30038396,Lee JJ,European,NR,"U.S., Australia, Austria, Belgium, Germany, Netherlands, Switzerland, Denmark, Estonia, Finland, Iceland, Norway, Sweden, U.K., Croatia, Greece, Italy",
30038396,Lee JJ,European,NR,"U.S., NR",
30038396,Lee JJ,European,NR,"U.S., Estonia, U.K.",
30038396,Lee JJ,European,NR,"NR, U.S.",
30038396,Lee JJ,European,NR,"U.S., NR",
30038396,Lee JJ,European,NR,"U.K., NR",
30038396,Lee JJ,European,NR,"U.K., NR",
30038396,Lee JJ,European,NR,"U.S., Australia, Austria, Belgium, Germany, Netherlands, Switzerland, Denmark, Estonia, Finland, Iceland, Norway, Sweden, U.K., Croatia, Greece, Italy",
30079052,Rujescu D,European,NR,Germany,"German, European"
30031151,Virtanen VB,European,NR,Finland,
30031151,Virtanen VB,European,NR,Sweden,Swedish
30031151,Virtanen VB,European,NR,Finland,
30019117,Liu J,NR,NR,NR,
30145303,Kimbrel NA,European,NR,U.S.,
30145303,Kimbrel NA,NR,NR,U.S.,
30145303,Kimbrel NA,European,NR,U.S.,
30145303,Kimbrel NA,NR,NR,U.S.,
30013178,Kowalec K,European,NR,"U.S., Sweden",
30013178,Kowalec K,European,NR,Canada,
30013184,Waage J,"European, NR",NR,"Australia, Germany, Netherlands, Denmark, Finland, U.K.",
30013184,Waage J,"European, NR",NR,"U.S., Australia, Germany, Netherlands, Denmark, Finland, U.K., Spain",
30014611,Weiss RB,European,NR,NR,
30014611,Weiss RB,NR,NR,NR,
30012571,Jia X,East Asian,NR,Japan,Japanese
30012571,Jia X,East Asian,NR,Japan,Japanese
30009487,Schoeler NE,NR,NR,"Australia, U.K.",
30013184,Waage J,"NR, European",NR,"U.S., Australia, Germany, Netherlands, Denmark, Finland, Sweden, U.K., Spain, NR",
30013184,Waage J,"European, NR",NR,"France, Germany, Switzerland, Estonia, Finland, Iceland, Norway, Sweden, U.K., Spain, Austria, NR",
30003630,Minica CC,European,NR,"U.S., Australia, Netherlands, Finland, U.K., Spain",
30003630,Minica CC,European,NR,"U.S., Canada, Netherlands",
30003307,Fall T,European,NR,NR,white British
29988085,Merino J,European,NR,"Canada, U.S., Australia, Netherlands, Denmark, Finland, Sweden, U.K., Greece, Italy",
29988085,Merino J,European,NR,"Canada, U.S., Netherlands, U.K.",
30034349,Lin E,East Asian,NR,Taiwan,Taiwanese
30034349,Lin E,East Asian,NR,Taiwan,Taiwanese
29975729,Kim TH,East Asian,NR,NR,
29973135,Rimpela JM,European,NR,Finland,Finnish
29973135,Rimpela JM,European,NR,Finland,Finnish
29970889,Day FR,European,NR,NR,
29970928,Zhu Z,East Asian,NR,China,Chinese
29970928,Zhu Z,East Asian,NR,China,Chinese
29970889,Day FR,European,NR,NR,
29971594,Rosenberger A,European,NR,"Canada, U.S., Germany, Netherlands, Israel, Denmark, Finland, Norway, Sweden, U.K., Italy, Spain, NR",
29970928,Zhu Z,East Asian,NR,China,Chinese
29970928,Zhu Z,East Asian,NR,China,Chinese
29970928,Zhu Z,East Asian,NR,China,Chinese
29970928,Zhu Z,East Asian,NR,China,Chinese
29970928,Zhu Z,East Asian,NR,China,Chinese
29970928,Zhu Z,East Asian,NR,China,Chinese
29970889,Day FR,European,NR,NR,
29970889,Day FR,European,NR,NR,
29970889,Day FR,European,NR,NR,
29970889,Day FR,European,NR,NR,
29970889,Day FR,European,NR,NR,
29967481,Joo YB,East Asian,NR,Republic of Korea,Korean
30004843,Ge S,East Asian,NR,China,
30134085,Zhang H,African American or Afro-Caribbean,NR,U.S.,
30134085,Zhang H,European,NR,U.S.,
30045251,Lee MR,East Asian,NR,Republic of Korea,Korean
30304924,Kim HJ,East Asian,NR,Republic of Korea,Korean
30304924,Kim HJ,East Asian,NR,"Japan, Republic of Korea","Korean, Japanese"
29959729,Zhong XL,European,NR,NR,non-Hispanic Caucasian
30065583,Choi MR,East Asian,NR,NR,Korean
29947131,Smit DJA,"European, NR",NR,"Australia, U.S., Netherlands",
29942085,Nagel M,European,NR,NR,
29953918,Deng C,East Asian,NR,China,Han Chinese
29942086,Savage JE,European,NR,"U.S., Australia, Germany, Netherlands, Denmark, Sweden, U.K., NR",
29942085,Nagel M,European,NR,"U.S., Australia, Netherlands, Estonia, Finland, U.K., Italy, NR",
29942085,Nagel M,European,NR,NR,
29942085,Nagel M,European,NR,NR,
29934777,Witten A,European,NR,Germany,
29934777,Witten A,European,NR,Germany,
29931343,Haworth S,European,NR,"U.S., Australia, Germany, Netherlands, Denmark, Finland, U.K.",
29931343,Haworth S,NR,NR,"U.S., Australia, Germany, Netherlands, Denmark, Finland, U.K.",
29931343,Haworth S,European,NR,"U.S., Australia, Germany, Netherlands, Denmark, Finland, U.K.",
29923122,Kakuta Y,East Asian,NR,Japan,Japanese
29923122,Kakuta Y,East Asian,NR,Japan,Japanese
29923122,Kakuta Y,East Asian,NR,Japan,Japanese
29923122,Kakuta Y,East Asian,NR,Japan,Japanese
29923122,Kakuta Y,East Asian,NR,Japan,Japanese
29923122,Kakuta Y,East Asian,NR,Japan,Japanese
29923122,Kakuta Y,East Asian,NR,Japan,Japanese
29923122,Kakuta Y,East Asian,NR,Japan,Japanese
29923122,Kakuta Y,East Asian,NR,Japan,Japanese
29923122,Kakuta Y,East Asian,NR,Japan,Japanese
29923122,Kakuta Y,East Asian,NR,Japan,Japanese
29923122,Kakuta Y,East Asian,NR,Japan,Japanese
29923122,Kakuta Y,East Asian,NR,Japan,Japanese
29923122,Kakuta Y,East Asian,NR,Japan,Japanese
29921221,Cha S,East Asian,NR,Republic of Korea,Korean
29921221,Cha S,East Asian,NR,Republic of Korea,Korean
29921221,Cha S,East Asian,NR,Republic of Korea,Korean
29921221,Cha S,East Asian,NR,Republic of Korea,Korean
29921221,Cha S,East Asian,NR,Republic of Korea,Korean
29921221,Cha S,East Asian,NR,Republic of Korea,Korean
29921221,Cha S,East Asian,NR,Republic of Korea,Korean
29921221,Cha S,East Asian,NR,Republic of Korea,Korean
29921221,Cha S,East Asian,NR,Republic of Korea,Korean
29921221,Cha S,East Asian,NR,Republic of Korea,Korean
29924316,Byun J,European,NR,"Canada, U.S., Iceland, Italy, NR",
29924316,Byun J,European,NR,"Canada, U.S., Iceland, Italy, NR",
29923122,Kakuta Y,East Asian,NR,Japan,Japanese
29924316,Byun J,European,NR,"Canada, U.S., Iceland, Italy, NR",
29921221,Cha S,East Asian,NR,Republic of Korea,Korean
29921221,Cha S,East Asian,NR,Republic of Korea,Korean
29923122,Kakuta Y,East Asian,NR,Japan,Japanese
29915124,Marini S,European,NR,U.S.,
29915124,Marini S,European,NR,"Sweden, Spain",
29912962,Feitosa MF,European,NR,"U.S., Netherlands, Iceland, U.K., Croatia, NR",
29912962,Feitosa MF,African unspecified,NR,U.S.,
29912962,Feitosa MF,Asian unspecified,NR,"U.S., China, Singapore",
29912962,Feitosa MF,Hispanic or Latin American,NR,"U.S., Brazil","Hispanic, Brazilian"
29912962,Feitosa MF,European,NR,"U.S., France, Germany, Netherlands, Switzerland, Denmark, Estonia, Finland, Republic of Ireland, Norway, Sweden, U.K., Greece, Italy, Spain, NR",
29912962,Feitosa MF,African American or Afro-Caribbean,NR,U.S.,
29912962,Feitosa MF,Asian unspecified,NR,"China, Japan, U.K.",
29912962,Feitosa MF,Hispanic or Latin American,NR,U.S.,
29912962,Feitosa MF,European,NR,"U.S., Netherlands, Iceland, U.K., Croatia, NR",
29912962,Feitosa MF,African American or Afro-Caribbean,NR,U.S.,
29912962,Feitosa MF,Asian unspecified,NR,"U.S., China, Singapore",
29912962,Feitosa MF,Hispanic or Latin American,NR,"U.S., Brazil","Hispanic, Brazilian"
29912962,Feitosa MF,European,NR,"U.S., France, Germany, Netherlands, Switzerland, Denmark, Estonia, Finland, Republic of Ireland, Norway, Sweden, U.K., Greece, Italy, Spain, NR",
29912962,Feitosa MF,African American or Afro-Caribbean,NR,"U.S., Jamaica",
29912962,Feitosa MF,Asian unspecified,NR,"China, Japan, Sri Lanka, U.K.",
29912962,Feitosa MF,Hispanic or Latin American,NR,U.S.,
29912962,Feitosa MF,European,NR,"U.S., Netherlands, Iceland, U.K., Croatia, NR",
29912962,Feitosa MF,African American or Afro-Caribbean,NR,U.S.,
29912962,Feitosa MF,Asian unspecified,NR,"U.S., China, Singapore",
29912962,Feitosa MF,Hispanic or Latin American,NR,"U.S., Brazil","Hispanic, Brazilian"
29912962,Feitosa MF,European,NR,"U.S., France, Germany, Netherlands, Switzerland, Denmark, Estonia, Finland, Republic of Ireland, Norway, Sweden, U.K., Greece, Italy, Spain, NR",
29912962,Feitosa MF,African American or Afro-Caribbean,NR,U.S.,
29912962,Feitosa MF,Asian unspecified,NR,"China, Japan, U.K.",
29912962,Feitosa MF,Hispanic or Latin American,NR,U.S.,
29912962,Feitosa MF,European,NR,"U.S., Netherlands, Iceland, U.K., Croatia, NR",
29912962,Feitosa MF,African American or Afro-Caribbean,NR,U.S.,
29912962,Feitosa MF,Asian unspecified,NR,"U.S., China, Singapore",
29912962,Feitosa MF,Hispanic or Latin American,NR,"U.S., Brazil","Hispanic, Brazilian"
29912962,Feitosa MF,European,NR,"U.S., France, Germany, Netherlands, Switzerland, Denmark, Estonia, Finland, Republic of Ireland, Norway, Sweden, U.K., Greece, Italy, Spain, NR",
29912962,Feitosa MF,African American or Afro-Caribbean,NR,"U.S., Jamaica",
29912962,Feitosa MF,Asian unspecified,NR,"China, Japan, Sri Lanka, U.K.",
29912962,Feitosa MF,Hispanic or Latin American,NR,U.S.,
29912962,Feitosa MF,European,NR,"U.S., Netherlands, Iceland, U.K., Croatia, NR",
29912962,Feitosa MF,African American or Afro-Caribbean,NR,U.S.,
29912962,Feitosa MF,Asian unspecified,NR,"U.S., China, Singapore",
29912962,Feitosa MF,Hispanic or Latin American,NR,"U.S., Brazil","Hispanic, Brazilian"
29912962,Feitosa MF,European,NR,"U.S., France, Germany, Netherlands, Switzerland, Denmark, Estonia, Finland, Republic of Ireland, Norway, Sweden, U.K., Greece, Italy, Spain, NR",
29912962,Feitosa MF,African American or Afro-Caribbean,NR,"U.S., Jamaica",
29912962,Feitosa MF,Asian unspecified,NR,"China, Japan, Sri Lanka, U.K.",
29912962,Feitosa MF,Hispanic or Latin American,NR,U.S.,
29912962,Feitosa MF,European,NR,"U.S., Netherlands, Iceland, U.K., Croatia, NR",
29912962,Feitosa MF,African American or Afro-Caribbean,NR,U.S.,
29912962,Feitosa MF,Asian unspecified,NR,"U.S., China, Singapore",
29912962,Feitosa MF,Hispanic or Latin American,NR,"U.S., Brazil","Hispanic, Brazilian"
29912962,Feitosa MF,European,NR,"U.S., France, Germany, Netherlands, Switzerland, Denmark, Estonia, Finland, Republic of Ireland, Norway, Sweden, U.K., Greece, Italy, Spain, NR",
29912962,Feitosa MF,African American or Afro-Caribbean,NR,U.S.,
29912962,Feitosa MF,Asian unspecified,NR,"China, Japan, U.K.",
29912962,Feitosa MF,Hispanic or Latin American,NR,U.S.,
29912962,Feitosa MF,European,NR,"U.S., Netherlands, Iceland, U.K., Croatia, NR",
29912962,Feitosa MF,African American or Afro-Caribbean,NR,U.S.,
29912962,Feitosa MF,Asian unspecified,NR,"U.S., China, Singapore",
29912962,Feitosa MF,Hispanic or Latin American,NR,"U.S., Brazil",
29912962,Feitosa MF,European,NR,"France, Germany, Netherlands, Switzerland, Denmark, Estonia, U.S., Finland, Republic of Ireland, Norway, Sweden, U.K., Greece, Italy, Spain, NR",
29912962,Feitosa MF,African American or Afro-Caribbean,NR,"U.S., Jamaica",
29912962,Feitosa MF,Asian unspecified,NR,"China, Japan, Sri Lanka, U.K.",
29912962,Feitosa MF,Hispanic or Latin American,NR,U.S.,
29915124,Marini S,European,NR,U.S.,
29915124,Marini S,European,NR,"Spain, Sweden",
29912962,Feitosa MF,European,NR,"Netherlands, Iceland, U.K., Croatia, U.S., NR",
29912962,Feitosa MF,African American or Afro-Caribbean,NR,U.S.,
29912962,Feitosa MF,Asian unspecified,NR,"U.S., China, Singapore",
29912962,Feitosa MF,Hispanic or Latin American,NR,"U.S., Brazil","Hispanic, Brazilian"
29912962,Feitosa MF,African American or Afro-Caribbean,NR,U.S.,
29912962,Feitosa MF,European,NR,"U.S., France, Germany, Netherlands, Switzerland, Denmark, Estonia, Finland, Republic of Ireland, Norway, Sweden, U.K., Greece, Italy, Spain, NR",
29912962,Feitosa MF,Asian unspecified,NR,"China, Japan, U.K.",
29912962,Feitosa MF,Hispanic or Latin American,NR,U.S.,
29917119,Schmit SL,European,NR,"Canada, U.S., Australia, Austria, Germany, Israel, Finland, Sweden, U.K., Italy, Spain, Puerto Rico, NR",
29917119,Schmit SL,European,NR,"Austria, U.S., France, Germany, Netherlands, Sweden, U.K., Greece, Italy, Spain, NR",
29917119,Schmit SL,East Asian,NR,"China, Japan, Republic of Korea",
29917119,Schmit SL,Hispanic or Latin American,NR,"Mexico, U.S., Cuba",
29917119,Schmit SL,African American or Afro-Caribbean,NR,U.S.,
29903748,Debiec H,European,NR,"France, Italy, Spain, NR",
29903748,Debiec H,African unspecified,NR,"France, NR",
29903748,Debiec H,"Greater Middle Eastern (Middle Eastern, North African or Persian)",NR,"France, NR",
29898447,Alaraudanjoki VK,European,NR,Finland,Finnish
29898447,Alaraudanjoki VK,European,NR,Finland,Finnish
29942513,Penney ME,European,NR,Canada,
29899525,Klimentidis YC,European,NR,U.K.,
29899525,Klimentidis YC,European,NR,U.K.,
29899525,Klimentidis YC,European,NR,U.K.,
29899525,Klimentidis YC,European,NR,U.K.,
29899525,Klimentidis YC,European,NR,U.K.,
29907492,Nakahara S,Native American,NR,NR,
29907492,Nakahara S,Asian unspecified,NR,NR,
29907492,Nakahara S,African American or Afro-Caribbean,NR,NR,
29907492,Nakahara S,Oceanian,NR,NR,
29907492,Nakahara S,European,NR,NR,
29895819,Endo C,East Asian,NR,NR,Japanese
29907492,Nakahara S,Native American,NR,NR,
29907492,Nakahara S,Asian unspecified,NR,NR,
29907492,Nakahara S,African American or Afro-Caribbean,NR,NR,
29907492,Nakahara S,Oceanian,NR,NR,
29907492,Nakahara S,European,NR,NR,
29895819,Endo C,East Asian,NR,NR,Japanese
29895819,Endo C,East Asian,NR,NR,Japanese
29895819,Endo C,East Asian,NR,NR,Japanese
29895819,Endo C,East Asian,NR,NR,Japanese
29895819,Endo C,East Asian,NR,NR,Japanese
29895819,Endo C,East Asian,NR,NR,Japanese
29907492,Nakahara S,Native American,NR,NR,
29907492,Nakahara S,Asian unspecified,NR,NR,
29907492,Nakahara S,African American or Afro-Caribbean,NR,NR,
29907492,Nakahara S,Oceanian,NR,NR,
29907492,Nakahara S,European,NR,NR,
29907492,Nakahara S,Native American,NR,NR,
29907492,Nakahara S,Asian unspecified,NR,NR,
29907492,Nakahara S,African American or Afro-Caribbean,NR,NR,
29907492,Nakahara S,Oceanian,NR,NR,
29907492,Nakahara S,European,NR,NR,
29907492,Nakahara S,Native American,NR,NR,
29907492,Nakahara S,Asian unspecified,NR,NR,
29907492,Nakahara S,African American or Afro-Caribbean,NR,NR,
29907492,Nakahara S,Oceanian,NR,NR,
29907492,Nakahara S,European,NR,NR,
29907492,Nakahara S,Native American,NR,NR,
29907492,Nakahara S,Asian unspecified,NR,NR,
29907492,Nakahara S,African American or Afro-Caribbean,NR,NR,
29907492,Nakahara S,Oceanian,NR,NR,
29907492,Nakahara S,European,NR,NR,
29907492,Nakahara S,Native American,NR,NR,
29907492,Nakahara S,Asian unspecified,NR,NR,
29907492,Nakahara S,African American or Afro-Caribbean,NR,NR,
29907492,Nakahara S,Oceanian,NR,NR,
29907492,Nakahara S,European,NR,NR,
29892015,Roselli C,European,NR,"U.S., Australia, Germany, Netherlands, Denmark, Estonia, Norway, Sweden, NR",
29892015,Roselli C,East Asian,NR,NR,Japanese
29892015,Roselli C,African American or Afro-Caribbean,NR,U.S.,African American
29892015,Roselli C,Hispanic or Latin American,NR,"Brazil, NR","Brazilian, Hispanic"
29891935,Choquet H,European,NR,NR,
29891935,Choquet H,Hispanic or Latin American,NR,NR,
29891935,Choquet H,East Asian,NR,NR,
29891935,Choquet H,African American or Afro-Caribbean,NR,U.S.,
29891935,Choquet H,South Asian,NR,NR,
29891935,Choquet H,African unspecified,NR,U.K.,
29891935,Choquet H,Other admixed ancestry,NR,NR,
29892016,Schumacher FR,European,NR,"Canada, U.S., Australia, Belgium, France, Germany, Netherlands, Japan, Bulgaria, Poland, Denmark, Finland, Norway, Sweden, U.K., Portugal, Spain",
30134812,Chattopadhyay S,European,NR,Germany,
29891935,Choquet H,European,NR,NR,
29891935,Choquet H,Hispanic or Latin American,NR,NR,
29891935,Choquet H,East Asian,NR,NR,
29891935,Choquet H,African American or Afro-Caribbean,NR,U.S.,
29891935,Choquet H,European,NR,NR,
29891935,Choquet H,South Asian,NR,NR,
29891935,Choquet H,African unspecified,NR,U.K.,
29891935,Choquet H,East Asian,NR,NR,
29891935,Choquet H,Other admixed ancestry,NR,NR,
29891935,Choquet H,European,NR,NR,
29891935,Choquet H,Hispanic or Latin American,NR,NR,
29891935,Choquet H,East Asian,NR,NR,
29891935,Choquet H,African American or Afro-Caribbean,NR,U.S.,
29891935,Choquet H,European,NR,NR,
29891935,Choquet H,South Asian,NR,NR,
29891935,Choquet H,African unspecified,NR,U.K.,
29891935,Choquet H,East Asian,NR,NR,
29891935,Choquet H,Other admixed ancestry,NR,NR,
29892016,Schumacher FR,European,NR,"Canada, U.S., Australia, Belgium, France, Germany, Netherlands, Japan, Bulgaria, Poland, Denmark, Finland, Norway, Sweden, U.K., Portugal, Spain",
29892016,Schumacher FR,European,NR,"Canada, U.S., Australia, Belgium, France, Germany, Netherlands, Japan, Bulgaria, Poland, Denmark, Finland, Norway, Sweden, U.K., Portugal, Spain",
29892016,Schumacher FR,European,NR,"Canada, U.S., Australia, Belgium, France, Germany, Netherlands, Japan, Bulgaria, Poland, Denmark, Finland, Norway, Sweden, U.K., Portugal, Spain",
29892016,Schumacher FR,European,NR,"Canada, U.S., Australia, Belgium, France, Germany, Netherlands, Japan, Bulgaria, Poland, Denmark, Finland, Norway, Sweden, U.K., Portugal, Spain",
29892016,Schumacher FR,European,NR,"Canada, U.S., Australia, Belgium, France, Germany, Netherlands, Japan, Bulgaria, Poland, Denmark, Finland, Norway, Sweden, U.K., Portugal, Spain",
29892016,Schumacher FR,European,NR,"Canada, U.S., Australia, Belgium, France, Germany, Netherlands, Japan, Bulgaria, Poland, Denmark, Finland, Norway, Sweden, U.K., Portugal, Spain",
29884837,Reyes-Gibby CC,European,NR,U.S.,
29875488,Sun BB,European,NR,U.K.,
29885931,Langefeld CD,African American or Afro-Caribbean,NR,U.S.,
29875475,Montalvo-Ortiz JL,African American or Afro-Caribbean,NR,U.S.,
29875475,Montalvo-Ortiz JL,European,NR,U.S.,
29875475,Montalvo-Ortiz JL,African American or Afro-Caribbean,NR,U.S.,
29885931,Langefeld CD,African American or Afro-Caribbean,NR,U.S.,
29885931,Langefeld CD,African American or Afro-Caribbean,NR,U.S.,
29885931,Langefeld CD,African American or Afro-Caribbean,NR,U.S.,
29883787,Gregson CL,European,NR,"Australia, New Zealand, U.K.",
29883787,Gregson CL,European,NR,"Australia, New Zealand, U.K.",
29883787,Gregson CL,NR,NR,NR,
29883787,Gregson CL,European,NR,U.K.,
29967566,Roberts CH,European,NR,Netherlands,Dutch Caucasian
29855537,Hirata T,East Asian,NR,NR,Japanese
29855537,Hirata T,East Asian,NR,NR,Japanese
29855589,Chernus J,NR,NR,"U.S., Philippines, Hungary",
29855589,Chernus J,Hispanic or Latin American,NR,"Colombia, Puerto Rico",
29852030,Lores-Motta L,European,NR,"Germany, Australia, Netherlands, Israel",
29852030,Lores-Motta L,"European, NR",NR,"Australia, Israel, U.K., NR",
29855537,Hirata T,East Asian,NR,NR,Japanese
30273415,Hatzikotoulas K,European,NR,U.K.,
30273415,Hatzikotoulas K,European,NR,U.K.,
29855537,Hirata T,East Asian,NR,NR,Japanese
29855537,Hirata T,East Asian,NR,NR,Japanese
29855537,Hirata T,East Asian,NR,NR,Japanese
29855537,Hirata T,East Asian,NR,NR,Japanese
29855537,Hirata T,East Asian,NR,NR,Japanese
29855537,Hirata T,East Asian,NR,NR,Japanese
29855537,Hirata T,East Asian,NR,NR,Japanese
29855537,Hirata T,East Asian,NR,NR,Japanese
29855537,Hirata T,East Asian,NR,NR,Japanese
29855537,Hirata T,East Asian,NR,NR,Japanese
29855537,Hirata T,East Asian,NR,NR,Japanese
29855537,Hirata T,East Asian,NR,NR,Japanese
29855537,Hirata T,East Asian,NR,NR,Japanese
29855537,Hirata T,East Asian,NR,NR,Japanese
29855537,Hirata T,East Asian,NR,NR,Japanese
29855537,Hirata T,East Asian,NR,NR,Japanese
29855537,Hirata T,East Asian,NR,NR,Japanese
29855537,Hirata T,East Asian,NR,NR,Japanese
29855537,Hirata T,East Asian,NR,NR,Japanese
29855537,Hirata T,East Asian,NR,NR,Japanese
29855537,Hirata T,East Asian,NR,NR,Japanese
29855537,Hirata T,East Asian,NR,NR,Japanese
29855537,Hirata T,East Asian,NR,NR,Japanese
29855537,Hirata T,East Asian,NR,NR,Japanese
29855537,Hirata T,East Asian,NR,NR,Japanese
29855537,Hirata T,East Asian,NR,NR,Japanese
29855537,Hirata T,East Asian,NR,NR,Japanese
29855537,Hirata T,East Asian,NR,NR,Japanese
29855537,Hirata T,East Asian,NR,NR,Japanese
29855537,Hirata T,East Asian,NR,NR,Japanese
29855537,Hirata T,East Asian,NR,NR,Japanese
29855537,Hirata T,East Asian,NR,NR,Japanese
29855537,Hirata T,East Asian,NR,NR,Japanese
29855537,Hirata T,East Asian,NR,NR,Japanese
29855537,Hirata T,East Asian,NR,NR,Japanese
29855537,Hirata T,East Asian,NR,NR,Japanese
29855537,Hirata T,East Asian,NR,NR,Japanese
29860282,Scelsi MA,European,NR,NR,
29848360,Julia A,European,NR,"Spain, NR","Spanish, Caucasian European, Northern European"
29860282,Scelsi MA,European,NR,NR,
29860282,Scelsi MA,European,NR,NR,
29844566,Davies G,European,NR,NR,
29844224,Loomis SJ,European,NR,U.S.,
29844224,Loomis SJ,African unspecified,NR,U.S.,Black
29844224,Loomis SJ,European,NR,U.S.,
29844224,Loomis SJ,African unspecified,NR,U.S.,Black
29857070,Gao J,East Asian,NR,China,Han Chinese
29857070,Gao J,East Asian,NR,China,Han Chinese
29844195,Hosoda Y,East Asian,NR,Japan,Japanese
29844195,Hosoda Y,East Asian,NR,Japan,Japanese
29844566,Davies G,European,NR,"Canada, U.S., Australia, Austria, France, Germany, Netherlands, Denmark, Finland, Iceland, Republic of Ireland, Norway, Sweden, U.K., Croatia, Greece, NR",
29844224,Loomis SJ,European,NR,U.S.,
29844224,Loomis SJ,African unspecified,NR,U.S.,Black
29844224,Loomis SJ,European,NR,U.S.,
29844224,Loomis SJ,African unspecified,NR,U.S.,Black
29844224,Loomis SJ,European,NR,U.S.,
29844224,Loomis SJ,African unspecified,NR,U.S.,Black
29844224,Loomis SJ,European,NR,U.S.,
29844224,Loomis SJ,African unspecified,NR,U.S.,Black
29844224,Loomis SJ,European,NR,U.S.,
29844224,Loomis SJ,African unspecified,NR,U.S.,Black
29808027,Tedja MS,Asian unspecified,NR,Singapore,
29808027,Tedja MS,European,NR,"U.S., Australia, France, Germany, Netherlands, Estonia, Finland, U.K., Croatia, Italy","European, Erasmus Rucphen, Talana"
29808027,Tedja MS,East Asian,NR,"China, Japan, Singapore","Han Chinese, Japanese, Singaporean Chinese"
29808027,Tedja MS,South East Asian,NR,Singapore,Malay
29808027,Tedja MS,South Asian,NR,Singapore,Indian
29808027,Tedja MS,Asian unspecified,NR,Singapore,
29808027,Tedja MS,South Asian,NR,Singapore,Indian
29808027,Tedja MS,South East Asian,NR,Singapore,Malay
29808027,Tedja MS,East Asian,NR,"China, Japan, Singapore","Han Chinese, Japanese, Singaporean Chinese"
29808027,Tedja MS,European,NR,NR,
29808027,Tedja MS,European,NR,"U.S., Australia, France, Germany, Netherlands, Estonia, Finland, U.K., Croatia, Italy","European, Erasmus Rucphen, Talana"
29808027,Tedja MS,European,NR,U.S.,
29785010,Khawaja AP,European,NR,"U.S., Australia, Germany, Netherlands, U.K.",
29781551,Guo X,NR,NR,NR,
29781551,Guo X,NR,NR,NR,
29787419,Hrdlickova B,European,NR,Netherlands,Dutch
29787419,Hrdlickova B,European,NR,"France, Netherlands","Dutch, French"
29782485,Rueger S,European,NR,NR,
29782485,Rueger S,European,NR,NR,
29784950,Sawai H,East Asian,NR,Japan,Japanese
29784950,Sawai H,East Asian,NR,"China, Hong Kong SAR, Japan","Japanese, Hong Kong Chinese"
29784950,Sawai H,South East Asian,NR,Thailand,Thai
29781551,Guo X,NR,NR,NR,
29777097,Marioni RE,European,NR,U.K.,British ancestry
29779033,Hishida A,East Asian,NR,Japan,Japanese
29779033,Hishida A,East Asian,NR,Japan,Japanese
29779033,Hishida A,East Asian,NR,Japan,Japanese
29779033,Hishida A,East Asian,NR,Japan,Japanese
29777097,Marioni RE,European,NR,U.K.,British ancestry
29779033,Hishida A,East Asian,NR,Japan,Japanese
29779033,Hishida A,East Asian,NR,Japan,Japanese
29777097,Marioni RE,European,NR,U.K.,British ancestry
29777097,Marioni RE,NR,NR,NR,
29777097,Marioni RE,European,NR,U.K.,British ancestry
29773799,Horikoshi M,East Asian,NR,Japan,Japanese
29773799,Horikoshi M,European,NR,U.K.,
30271932,Oskarsson GR,European,NR,Iceland,Icelandic
30271932,Oskarsson GR,European,NR,Iceland,Icelandic
29773799,Horikoshi M,East Asian,NR,Japan,Japanese
29773799,Horikoshi M,East Asian,NR,Japan,Japanese
29773799,Horikoshi M,East Asian,NR,Japan,Japanese
29773799,Horikoshi M,European,NR,U.K.,
29769521,Ramirez J,European,NR,NR,
29868124,Wu Y,East Asian,NR,China,Han Chinese
29769526,Estrada K,European,NR,U.S.,
29769526,Estrada K,European,NR,U.S.,
29769526,Estrada K,European,NR,U.S.,
29769526,Estrada K,European,NR,U.S.,
29769526,Estrada K,European,NR,U.S.,
29769526,Estrada K,European,NR,U.S.,
29769613,Sun X,East Asian,NR,China,
29771307,Aponte JL,European,NR,NR,
29769521,Ramirez J,European,NR,NR,
29769521,Ramirez J,European,NR,NR,
29767774,Lutz SM,European,NR,NR,
29767774,Lutz SM,African American or Afro-Caribbean,NR,NR,
29767774,Lutz SM,NR,NR,Norway,
29766673,Fusco JP,European,NR,Spain,
29766673,Fusco JP,European,NR,Spain,
29760442,Iglesias AI,European,NR,NR,
29760442,Iglesias AI,Asian unspecified,NR,NR,"Indian, Malay, Chinese"
29760442,Iglesias AI,Asian unspecified,NR,NR,"Indian, Malay, Chinese"
29760442,Iglesias AI,European,NR,NR,
29762745,Claus EB,European,NR,"Germany, U.S.","German, non-Hispanic white"
29762745,Claus EB,NR,NR,U.K.,
29762745,Claus EB,European,NR,Denmark,Danish
29751835,Hu H,European,NR,"Canada, U.S.",non-Hispanic Caucasian
29752348,Rutten-Jacobs LCA,European,NR,U.K.,
29752348,Rutten-Jacobs LCA,European,NR,U.K.,
29752348,Rutten-Jacobs LCA,European,NR,U.K.,
29747637,Li JQ,European,NR,NR,non-Hispanic Caucasian
29743610,Ostrom QT,European,NR,U.S.,
29743610,Ostrom QT,European,NR,U.S.,
29743610,Ostrom QT,European,NR,U.S.,
29739359,Graham PS,European,NR,Australia,Australian Caucasian
29739359,Graham PS,European,NR,Australia,Australian Caucasian
29738550,de Oliveira Otto MC,European,NR,U.S.,
29738550,de Oliveira Otto MC,European,NR,U.S.,
29738550,de Oliveira Otto MC,European,NR,U.S.,
29738550,de Oliveira Otto MC,European,NR,U.S.,
29739929,Visconti A,NR,NR,U.K.,
29739929,Visconti A,European,NR,U.K.,
29739929,Visconti A,European,NR,"U.S., Australia, Netherlands, U.K.",
29738550,de Oliveira Otto MC,European,NR,U.S.,
29998114,Gadad BS,European,NR,NR,
29725004,Hosoda Y,East Asian,NR,Japan,Japanese
29725004,Hosoda Y,East Asian,NR,Japan,Japanese
30271922,Clifton EAD,European,NR,U.K.,
30271922,Clifton EAD,NR,NR,"U.K., NR",
30271922,Clifton EAD,European,NR,U.K.,
29998114,Gadad BS,European,NR,NR,
29730043,Li J,European,NR,NR,
29730043,Li J,African American or Afro-Caribbean,NR,U.S.,African American
29748315,Pott J,European,NR,Germany,
29847655,Fan BJ,South Asian,NR,India,South Indian
29847655,Fan BJ,Hispanic or Latin American,NR,U.S.,Mexican American
29847655,Fan BJ,European,NR,"U.K., Croatia",European
29728394,Blauw LL,NR,NR,Netherlands,
29728394,Blauw LL,NR,NR,Netherlands,
29847655,Fan BJ,South Asian,NR,India,South Indian
29847655,Fan BJ,South Asian,NR,Singapore,Singaporean Indian
29847655,Fan BJ,Hispanic or Latin American,NR,U.S.,Mexican American
29847655,Fan BJ,European,NR,"U.K., Croatia",European
29724592,Pottier C,European,NR,"Canada, U.S., Australia, France, Germany, Netherlands, Poland, Denmark, Sweden, U.K., Italy, Spain",White
29724592,Pottier C,European,NR,"Canada, U.S., Australia, France, Germany, Netherlands, Poland, Denmark, Sweden, U.K., Italy, Spain",White
29724592,Pottier C,European,NR,"Canada, U.S., Australia, Germany, Netherlands, U.K., Italy",Non-Hispanic White
29724592,Pottier C,European,NR,"Canada, U.S., Australia, France, Germany, Netherlands, Poland, Denmark, Sweden, U.K., Italy, Spain",White
29724592,Pottier C,European,NR,"Canada, U.S., Australia, France, Germany, Netherlands, Poland, Denmark, Sweden, U.K., Italy, Spain",White
29724592,Pottier C,European,NR,"Canada, U.S., Australia, France, Germany, Netherlands, Poland, Denmark, Sweden, U.K., Italy, Spain",White
29724592,Pottier C,European,NR,"Canada, U.S., Australia, France, Germany, Netherlands, Poland, Denmark, Sweden, U.K., Italy, Spain",White
29724592,Pottier C,European,NR,"Canada, U.S., Australia, Germany, Netherlands, U.K., Italy",Non-Hispanic White
29724592,Pottier C,European,NR,"Canada, U.S., Australia, France, Germany, Netherlands, Poland, Denmark, Sweden, U.K., Italy, Spain",White
29724592,Pottier C,European,NR,"Canada, U.S., Australia, Germany, Netherlands, U.K., Italy",Non-Hispanic White
29724592,Pottier C,European,NR,"Canada, U.S., Australia, France, Germany, Netherlands, Poland, Denmark, Sweden, U.K., Italy, Spain",White
29724592,Pottier C,European,NR,"Canada, U.S., Australia, Germany, Netherlands, U.K., Italy",Non-Hispanic White
29724592,Pottier C,European,NR,"Canada, U.S., Australia, France, Germany, Netherlands, Poland, Denmark, Sweden, U.K., Italy, Spain",White
29724592,Pottier C,European,NR,"Canada, U.S., Australia, Germany, Netherlands, U.K., Italy",Non-Hispanic White
29703844,van Zuydam NR,European,NR,NR,
29703844,van Zuydam NR,European,NR,NR,
29703844,van Zuydam NR,Asian unspecified,NR,NR,
29703844,van Zuydam NR,East Asian,NR,NR,
29703844,van Zuydam NR,South Asian,NR,NR,
29703844,van Zuydam NR,South East Asian,NR,NR,
29703844,van Zuydam NR,European,NR,NR,
29703844,van Zuydam NR,European,NR,NR,
29703844,van Zuydam NR,Asian unspecified,NR,NR,
29703844,van Zuydam NR,East Asian,NR,NR,
29703844,van Zuydam NR,South Asian,NR,NR,
29703844,van Zuydam NR,South East Asian,NR,NR,
29703846,Wei WQ,European,NR,NR,White
29703846,Wei WQ,NR,NR,NR,
29703846,Wei WQ,NR,NR,NR,
29703846,Wei WQ,European,NR,NR,
29703947,Jawinski P,European,NR,Germany,Central European
29728651,Li X,European,NR,NR,
29728651,Li X,East Asian,NR,China,
29728651,Li X,European,NR,U.K.,
29703844,van Zuydam NR,European,NR,NR,
29703844,van Zuydam NR,European,NR,NR,
29703844,van Zuydam NR,Asian unspecified,NR,NR,
29703844,van Zuydam NR,East Asian,NR,NR,
29703844,van Zuydam NR,European,NR,NR,
29703844,van Zuydam NR,European,NR,NR,
29703844,van Zuydam NR,Asian unspecified,NR,NR,
29703844,van Zuydam NR,East Asian,NR,NR,
29703844,van Zuydam NR,European,NR,NR,
29703844,van Zuydam NR,European,NR,NR,
29703844,van Zuydam NR,Asian unspecified,NR,NR,
29703844,van Zuydam NR,East Asian,NR,NR,
29703844,van Zuydam NR,South Asian,NR,NR,
29703844,van Zuydam NR,South East Asian,NR,NR,
29703844,van Zuydam NR,European,NR,NR,
29703844,van Zuydam NR,European,NR,NR,
29703844,van Zuydam NR,Asian unspecified,NR,NR,
29703844,van Zuydam NR,East Asian,NR,NR,
29703844,van Zuydam NR,South Asian,NR,NR,
29703844,van Zuydam NR,South East Asian,NR,NR,
29703844,van Zuydam NR,European,NR,NR,
29703844,van Zuydam NR,European,NR,NR,
29703844,van Zuydam NR,Asian unspecified,NR,NR,
29703844,van Zuydam NR,East Asian,NR,NR,
29703844,van Zuydam NR,South Asian,NR,NR,
29703844,van Zuydam NR,South East Asian,NR,NR,
29703844,van Zuydam NR,European,NR,NR,
29703844,van Zuydam NR,European,NR,NR,
29703844,van Zuydam NR,Asian unspecified,NR,NR,
29703844,van Zuydam NR,East Asian,NR,NR,
29703844,van Zuydam NR,South Asian,NR,NR,
29703844,van Zuydam NR,South East Asian,NR,NR,
29703844,van Zuydam NR,European,NR,NR,
29703844,van Zuydam NR,European,NR,NR,
29703844,van Zuydam NR,Asian unspecified,NR,NR,
29703844,van Zuydam NR,East Asian,NR,NR,
29703844,van Zuydam NR,South Asian,NR,NR,
29703844,van Zuydam NR,European,NR,NR,
29703844,van Zuydam NR,European,NR,NR,
29703844,van Zuydam NR,Asian unspecified,NR,NR,
29703844,van Zuydam NR,East Asian,NR,NR,
29703844,van Zuydam NR,South Asian,NR,NR,
29703844,van Zuydam NR,European,NR,NR,
29703844,van Zuydam NR,European,NR,NR,
29703844,van Zuydam NR,Asian unspecified,NR,NR,
29703844,van Zuydam NR,East Asian,NR,NR,
29703844,van Zuydam NR,European,NR,NR,
29703844,van Zuydam NR,European,NR,NR,
29703844,van Zuydam NR,Asian unspecified,NR,NR,
29703844,van Zuydam NR,East Asian,NR,NR,
29703844,van Zuydam NR,European,NR,NR,
29703844,van Zuydam NR,European,NR,NR,
29703844,van Zuydam NR,Asian unspecified,NR,NR,
29703844,van Zuydam NR,East Asian,NR,NR,
29703844,van Zuydam NR,European,NR,NR,
29703844,van Zuydam NR,European,NR,NR,
29703844,van Zuydam NR,Asian unspecified,NR,NR,
29703844,van Zuydam NR,East Asian,NR,NR,
29703844,van Zuydam NR,European,NR,NR,
29703844,van Zuydam NR,European,NR,NR,
29703844,van Zuydam NR,Asian unspecified,NR,NR,
29703844,van Zuydam NR,East Asian,NR,NR,
29703844,van Zuydam NR,South Asian,NR,NR,
29703844,van Zuydam NR,South East Asian,NR,NR,
29703844,van Zuydam NR,European,NR,NR,
29703844,van Zuydam NR,European,NR,NR,
29703844,van Zuydam NR,Asian unspecified,NR,NR,
29703844,van Zuydam NR,East Asian,NR,NR,
29703844,van Zuydam NR,South Asian,NR,NR,
29703844,van Zuydam NR,South East Asian,NR,NR,
29698431,Roosenboom J,European,NR,"U.S., Hungary, Denmark",
29700475,Wray NR,European,NR,"U.S., Australia, Germany, Netherlands, Switzerland, Denmark, Iceland, Republic of Ireland, Sweden, U.K.",
29698419,Pande M,European,NR,"Canada, U.S., Australia",non-Hispanic White
29698431,Roosenboom J,European,NR,"U.S., Hungary, Denmark",
29698431,Roosenboom J,European,NR,"Hungary, Denmark, U.S.",
29695241,Charmet R,European,NR,"France, Denmark, U.K.",
29695241,Charmet R,NR,NR,U.S.,
29691431,Tikkanen E,European,NR,U.K.,White British
29691896,Keaton JM,African American or Afro-Caribbean,NR,U.S.,African American
29691896,Keaton JM,African American or Afro-Caribbean,NR,U.S.,African American
29691431,Tikkanen E,European,NR,U.K.,White British
29691431,Tikkanen E,European,NR,U.K.,White British
29682794,Szekely E,European,NR,"U.S., Netherlands",
29682794,Szekely E,Asian unspecified,NR,U.S.,
29682794,Szekely E,African American or Afro-Caribbean,NR,U.S.,
29682794,Szekely E,Other admixed ancestry,NR,U.S.,
29682794,Szekely E,"African unspecified, Asian unspecified, African American or Afro-Caribbean, Greater Middle Eastern (Middle Eastern, North African or Persian), NR",NR,Netherlands,
29682794,Szekely E,European,NR,"Netherlands, U.S.",
29682794,Szekely E,African American or Afro-Caribbean,NR,U.S.,
29682794,Szekely E,Asian unspecified,NR,U.S.,
29682794,Szekely E,Other admixed ancestry,NR,U.S.,
29682794,Szekely E,"African unspecified, Asian unspecified, African American or Afro-Caribbean, Greater Middle Eastern (Middle Eastern, North African or Persian), NR",NR,Netherlands,
29682794,Szekely E,European,NR,"U.S., Netherlands",
29682794,Szekely E,Asian unspecified,NR,U.S.,
29682794,Szekely E,African American or Afro-Caribbean,NR,U.S.,
29682794,Szekely E,Other admixed ancestry,NR,U.S.,
29682794,Szekely E,"African unspecified, Asian unspecified, African American or Afro-Caribbean, Greater Middle Eastern (Middle Eastern, North African or Persian), NR",NR,Netherlands,
29682794,Szekely E,European,NR,"U.S., Netherlands",
29682794,Szekely E,Asian unspecified,NR,U.S.,
29682794,Szekely E,African American or Afro-Caribbean,NR,U.S.,
29682794,Szekely E,Other admixed ancestry,NR,U.S.,
29682794,Szekely E,"African unspecified, Asian unspecified, African American or Afro-Caribbean, Greater Middle Eastern (Middle Eastern, North African or Persian), NR",NR,Netherlands,
29682794,Szekely E,European,NR,"U.S., Netherlands",
29682794,Szekely E,"African unspecified, Asian unspecified, African American or Afro-Caribbean, Greater Middle Eastern (Middle Eastern, North African or Persian), NR",NR,Netherlands,
29682794,Szekely E,African American or Afro-Caribbean,NR,U.S.,
29682794,Szekely E,Asian unspecified,NR,U.S.,
29682794,Szekely E,Other admixed ancestry,NR,U.S.,
29673008,Bonfiglio F,European,NR,"Germany, Netherlands, Finland, Sweden, U.K.",
29665250,Shimanoe C,East Asian,NR,Japan,
29665250,Shimanoe C,East Asian,NR,Japan,
29665250,Shimanoe C,East Asian,NR,Japan,
29665250,Shimanoe C,East Asian,NR,Japan,
29665250,Shimanoe C,East Asian,NR,Japan,
29665250,Shimanoe C,East Asian,NR,Japan,
29665250,Shimanoe C,East Asian,NR,Japan,
29665250,Shimanoe C,East Asian,NR,Japan,
29665250,Shimanoe C,East Asian,NR,Japan,
29665250,Shimanoe C,East Asian,NR,Japan,
29665250,Shimanoe C,East Asian,NR,Japan,
29665250,Shimanoe C,East Asian,NR,Japan,
29665250,Shimanoe C,East Asian,NR,Japan,
29665250,Shimanoe C,East Asian,NR,Japan,
29665250,Shimanoe C,East Asian,NR,Japan,
29665250,Shimanoe C,East Asian,NR,Japan,
29662059,Howard DM,European,NR,U.K.,White British
29884306,Workalemahu T,NR,NR,Peru,
29662059,Howard DM,European,NR,U.K.,White British
29662168,Hysi PG,European,NR,"NR, U.K.",
29662168,Hysi PG,European,NR,"Australia, Netherlands, U.K., Italy",
29662059,Howard DM,European,NR,U.K.,White British
29654602,Laville V,European,NR,France,French
29659830,Warrington NM,European,NR,"Australia, Netherlands, U.K.",
29674289,Cheon EJ,East Asian,NR,Republic of Korea,Korean
29674289,Cheon EJ,East Asian,NR,Republic of Korea,Korean
29650774,Rotroff DM,European,NR,U.S.,
29650774,Rotroff DM,African American or Afro-Caribbean,NR,U.S.,
29650774,Rotroff DM,NR,NR,U.S.,
29650774,Rotroff DM,European,NR,NR,White
29650774,Rotroff DM,African American or Afro-Caribbean,NR,NR,Black
29650774,Rotroff DM,NR,NR,NR,Black
29659830,Warrington NM,NR,NR,Netherlands,
29659830,Warrington NM,European,NR,"Australia, Netherlands, U.K.",
29659830,Warrington NM,European,NR,"Australia, Netherlands, U.K.",
30134803,Matana A,European,NR,Croatia,Croatian
29631575,Obeidat M,European,NR,U.S.,European American
29631575,Obeidat M,European,NR,U.S.,European American
29631575,Obeidat M,European,NR,U.S.,European American
29631575,Obeidat M,European,NR,U.S.,European American
29632305,Lee HS,East Asian,NR,Republic of Korea,Korean
29632305,Lee HS,East Asian,NR,Republic of Korea,Korean
29632299,Vijayakrishnan J,European,NR,"Germany, U.K.",
29622589,Tereshchenko LG,European,NR,"NR, U.S.",
29622589,Tereshchenko LG,African unspecified,NR,"U.S., NR",Black
29621232,Spracklen CN,East Asian,NR,China,"Han, Miao, Buyi, Man, Tujia"
29621232,Spracklen CN,East Asian,NR,China,"Han, Miao, Buyi, Man, Tujia"
29621232,Spracklen CN,East Asian,NR,China,"Han, Miao, Buyi, Man, Tujia"
29621232,Spracklen CN,East Asian,NR,China,"Han, Miao, Buyi, Man, Tujia"
29670602,Moreau K,European,NR,France,French
29670602,Moreau K,European,NR,Denmark,Danish
29618737,Napier MD,European,NR,U.S.,
29618737,Napier MD,African unspecified,NR,U.S.,
29618737,Napier MD,Hispanic or Latin American,NR,U.S.,"Central American, Cuba, Dominican, Mexican, Puerto-Rican, South American"
29618737,Napier MD,European,NR,U.S.,
29618737,Napier MD,African unspecified,NR,U.S.,
29618737,Napier MD,Hispanic or Latin American,NR,U.S.,"Central American, Cuba, Dominican, Mexican, Puerto-Rican, South American"
29626450,Bonfiglio F,European,NR,U.K.,British
29618737,Napier MD,European,NR,U.S.,
29618737,Napier MD,African unspecified,NR,U.S.,
29618737,Napier MD,Hispanic or Latin American,NR,U.S.,"Central American, Cuba, Dominican, Mexican, Puerto-Rican, South American"
29608257,Painter JN,NR,NR,"Australia, U.K., NR","Australian, UK"
29650764,McDonough CW,European,NR,NR,White
29650764,McDonough CW,African American or Afro-Caribbean,NR,U.S.,Black
29650764,McDonough CW,European,NR,NR,White
29603866,Pain O,European,NR,U.K.,
29603866,Pain O,European,NR,U.K.,
29603866,Pain O,European,NR,"Sweden, U.K.",
29603866,Pain O,European,NR,"Sweden, U.K.",
29603866,Pain O,European,NR,"Sweden, U.K.",
29603369,Naito T,East Asian,NR,Japan,Japanese
29603369,Naito T,East Asian,NR,Japan,Japanese
29608535,Kuehn MH,European,NR,"U.S., Canada",Caucasian
29608535,Kuehn MH,African American or Afro-Caribbean,NR,"Canada, U.S.",African American
29608535,Kuehn MH,Native American,NR,"Canada, U.S.",
29608535,Kuehn MH,Asian unspecified,NR,"Canada, U.S.",Asian
29608535,Kuehn MH,NR,NR,"Canada, U.S.",
29596498,Charles BA,African American or Afro-Caribbean,NR,U.S.,
29596498,Charles BA,African American or Afro-Caribbean,NR,U.S.,
29617998,Gao XR,European,NR,U.K.,
29594489,Apewokin S,European,NR,U.S.,Caucasian
29580174,Ala-Mutka EM,European,NR,NR,
29580174,Ala-Mutka EM,European,NR,"U.S., Denmark, Finland, Norway, Sweden, U.K.",
29590334,Bjornsson T,European,NR,Iceland,Icelandic
29590334,Bjornsson T,European,NR,Iceland,Icelandic
29572449,Gurung RL,East Asian,NR,Singapore,Chinese
29572449,Gurung RL,East Asian,NR,China,Chinese
29572449,Gurung RL,South East Asian,NR,Singapore,Malay
29572449,Gurung RL,East Asian,NR,Singapore,Chinese
29572449,Gurung RL,South East Asian,NR,Singapore,Malay
29628937,Jiang J,European,NR,"NR, Sweden",Caucasian
29628937,Jiang J,European,NR,Australia,Caucasian
29628937,Jiang J,European,NR,"NR, Sweden",Caucasian
29628937,Jiang J,European,NR,Australia,Caucasian
29563342,Li XS,European,NR,NR,
29563502,Fejzo MS,European,NR,U.S.,
29566793,Nicolas A,European,NR,"Belgium, U.S., France, U.K., Italy",non-Hispanic White
29566793,Nicolas A,NR,NR,NR,
29563502,Fejzo MS,European,NR,U.S.,
29563502,Fejzo MS,European,NR,U.S.,
29558500,Lee J,East Asian,NR,Republic of Korea,
29558500,Lee J,East Asian,NR,Republic of Korea,
29559738,Sasayama D,East Asian,NR,Japan,
29558500,Lee J,"European, East Asian",NR,Republic of Korea,
29558500,Lee J,East Asian,NR,Republic of Korea,
29559693,Zengini E,European,NR,U.K.,
29559693,Zengini E,European,NR,U.K.,
29559693,Zengini E,European,NR,Iceland,
29559693,Zengini E,European,NR,U.K.,
29559693,Zengini E,European,NR,Iceland,
29559693,Zengini E,European,NR,U.K.,
29559693,Zengini E,European,NR,Iceland,
29559693,Zengini E,European,NR,U.K.,
29559693,Zengini E,European,NR,Iceland,
29558500,Lee J,East Asian,NR,Republic of Korea,
29558500,Lee J,East Asian,NR,Republic of Korea,
29558500,Lee J,East Asian,NR,Republic of Korea,
29558500,Lee J,East Asian,NR,Republic of Korea,
29743933,Wu B,European,NR,U.S.,
29555444,Hamer MA,European,NR,Netherlands,north-western European
29555444,Hamer MA,European,NR,Netherlands,north-western European
29545352,Li Y,European,NR,NR,
29551627,Hawcutt DB,NR,NR,U.K.,
29551627,Hawcutt DB,European,NR,U.K.,
29551627,Hawcutt DB,European,NR,U.K.,
29551627,Hawcutt DB,European,NR,U.K.,
29551627,Hawcutt DB,NR,NR,U.K.,
29551627,Hawcutt DB,European,NR,U.K.,
29545352,Li Y,European,NR,NR,
29545352,Li Y,European,NR,NR,
29551738,Dong J,European,NR,"Australia, U.K., NR",
29551738,Dong J,European,NR,"U.K., NR, Australia",
29551738,Dong J,European,NR,"Australia, U.K., NR",
29551738,Dong J,European,NR,"Australia, U.K., NR",
29551738,Dong J,European,NR,"Australia, U.K., NR",
29551738,Dong J,European,NR,"U.K., NR, Australia",
29551738,Dong J,European,NR,"Australia, U.K., NR",
29545352,Li Y,European,NR,NR,
29545352,Li Y,European,NR,NR,
29551738,Dong J,European,NR,"Australia, U.K., NR",
29538362,Jilling T,European,NR,NR,Non-Hispanic Caucasian
29538362,Jilling T,African American or Afro-Caribbean,NR,U.S.,African American
29538362,Jilling T,Hispanic or Latin American,NR,NR,Hispanic Caucasian
29547969,Chen X,European,NR,Sweden,Swedish
29547969,Chen X,European,NR,Sweden,Swedish
29532581,Hallfors J,European,NR,Finland,
29532581,Hallfors J,European,NR,Finland,
29534260,Kim SK,European,NR,U.S.,European-White
29534260,Kim SK,Hispanic or Latin American,NR,U.S.,Latin American
29534260,Kim SK,East Asian,NR,U.S.,
29534260,Kim SK,African American or Afro-Caribbean,NR,U.S.,African American
29532581,Hallfors J,European,NR,Finland,
29532581,Hallfors J,European,NR,Finland,
29532581,Hallfors J,European,NR,Finland,
29532581,Hallfors J,European,NR,Finland,
29532581,Hallfors J,European,NR,Finland,
29534301,Nishida N,East Asian,NR,Japan,
29527006,Warrier V,European,NR,NR,
29531354,Malik R,European,NR,"Canada, U.S., Australia, Austria, Belgium, France, Germany, Switzerland, Poland, Finland, Iceland, Sweden, U.K., Italy, Spain, NR",
29531354,Malik R,European,NR,"Canada, U.S., Australia, Austria, Belgium, France, Germany, Poland, Finland, Iceland, Sweden, U.K., Italy, Spain, NR",
29531354,Malik R,European,NR,"Canada, U.S., Australia, Austria, Belgium, France, Germany, Netherlands, Switzerland, Poland, Denmark, Finland, Iceland, Norway, Sweden, U.K., Italy, Spain, NR",
29531354,Malik R,East Asian,NR,Japan,
29531354,Malik R,South Asian,NR,"Pakistan, India",
29531354,Malik R,African American or Afro-Caribbean,NR,"U.S., U.K., NR, Canada",
29531354,Malik R,Asian unspecified,NR,NR,
29531354,Malik R,Hispanic or Latin American,NR,U.S.,
29531354,Malik R,European,NR,"Canada, U.S., Australia, Austria, Belgium, France, Germany, Switzerland, Poland, Finland, Iceland, Sweden, U.K., Italy, Spain, NR",
29531354,Malik R,East Asian,NR,Japan,
29531354,Malik R,South Asian,NR,Pakistan,
29531354,Malik R,African American or Afro-Caribbean,NR,"Canada, U.S., NR",
29531354,Malik R,Asian unspecified,NR,NR,
29531354,Malik R,Hispanic or Latin American,NR,U.S.,
29531354,Malik R,European,NR,"Canada, U.S., Australia, Austria, Belgium, France, Germany, Poland, Finland, Iceland, Sweden, U.K., Italy, Spain, NR",
29531354,Malik R,East Asian,NR,Japan,
29531354,Malik R,South Asian,NR,Pakistan,
29531354,Malik R,African American or Afro-Caribbean,NR,"Canada, U.S., NR",
29531354,Malik R,Asian unspecified,NR,NR,
29531354,Malik R,Hispanic or Latin American,NR,U.S.,
29531354,Malik R,European,NR,"U.S., Canada, Australia, Austria, Belgium, France, Germany, Switzerland, Poland, Finland, Iceland, Sweden, U.K., Italy, Spain, NR",
29531354,Malik R,East Asian,NR,Japan,
29531354,Malik R,South Asian,NR,Pakistan,
29531354,Malik R,African American or Afro-Caribbean,NR,"Canada, U.S., U.K., NR",
29531354,Malik R,Asian unspecified,NR,NR,
29531354,Malik R,Hispanic or Latin American,NR,U.S.,
29531354,Malik R,European,NR,"Canada, U.S., Australia, Austria, Belgium, France, Germany, Netherlands, Switzerland, Poland, Denmark, Finland, Iceland, Norway, Sweden, U.K., Italy, Spain, NR",
29531354,Malik R,European,NR,"U.S., Canada, Australia, Austria, Belgium, France, Germany, Switzerland, Poland, Finland, Iceland, Sweden, U.K., Italy, Spain, NR",
29531354,Malik R,European,NR,"Canada, U.S., Australia, Austria, Belgium, France, Germany, Netherlands, Switzerland, Poland, Denmark, Finland, Iceland, Sweden, U.K., Italy, Spain, NR",
29531354,Malik R,East Asian,NR,Japan,
29531354,Malik R,South Asian,NR,"India, Pakistan",
29531354,Malik R,African American or Afro-Caribbean,NR,"Canada, U.S., U.K., NR",
29531354,Malik R,Asian unspecified,NR,NR,
29531354,Malik R,Hispanic or Latin American,NR,U.S.,
29531279,Zhou S,European,NR,Canada,French Canadian
29531279,Zhou S,NR,NR,NR,
29531354,Malik R,European,NR,"Canada, U.S., Australia, Austria, Belgium, France, Germany, Netherlands, Switzerland, Poland, Denmark, Finland, Iceland, Sweden, U.K., Italy, Spain, NR",
29631748,McCoy TH Jr.,European,NR,U.S.,Northern European ancestry
29523524,Singh S,African American or Afro-Caribbean,NR,U.S.,Black
29523524,Singh S,European,NR,U.S.,European American; White
29523524,Singh S,African American or Afro-Caribbean,NR,U.S.,Black
29523524,Singh S,European,NR,U.S.,European American; White
29523850,Gilchrist JJ,Sub-Saharan African,NR,"Kenya, Malawi",
29523850,Gilchrist JJ,Sub-Saharan African,NR,Kenya,
29518117,Lee HS,East Asian,NR,Republic of Korea,Korean
29518117,Lee HS,East Asian,NR,Republic of Korea,Korean
29520036,Stein MB,European,NR,U.S.,
29520036,Stein MB,African American or Afro-Caribbean,NR,U.S.,
29520036,Stein MB,Hispanic or Latin American,NR,U.S.,
29511167,Theriault S,European,NR,Canada,French Canadian
29511167,Theriault S,European,NR,U.K.,
29514873,Mychaleckyj JC,South Asian,NR,Bangladesh,
29513936,Haasnoot AJW,European,NR,"Belgium, Germany, Netherlands, Switzerland",
29513936,Haasnoot AJW,European,NR,"Belgium, Germany, Netherlands, Switzerland",
29513936,Haasnoot AJW,European,NR,"Belgium, Germany, Netherlands, Switzerland",
29514873,Mychaleckyj JC,South Asian,NR,Bangladesh,
29511194,Helgadottir A,European,NR,Iceland,
29511194,Helgadottir A,European,NR,"U.S., Norway, Sweden, U.K.",
29559929,Amare AT,NR,NR,"U.S., Germany, Japan, Thailand, NR, Taiwan",
29559929,Amare AT,NR,NR,"U.S., Germany, Japan, Thailand, NR, Taiwan",
29559957,Wang W,East Asian,NR,China,
29559929,Amare AT,NR,NR,"U.S., Germany, Japan, Thailand, NR, Taiwan",
29559929,Amare AT,NR,NR,"U.S., Germany, Japan, Thailand, NR, Taiwan",
29495898,Peterson RE,East Asian,NR,China,Han Chinese
29495898,Peterson RE,East Asian,NR,China,Han Chinese
29495898,Peterson RE,East Asian,NR,China,
29500382,Nagel M,European,NR,NR,
29500382,Nagel M,European,NR,NR,
29500382,Nagel M,European,NR,NR,
29500382,Nagel M,European,NR,NR,
29500382,Nagel M,European,NR,NR,
29500382,Nagel M,European,NR,NR,
29500382,Nagel M,European,NR,NR,
29500382,Nagel M,European,NR,NR,
29500382,Nagel M,European,NR,NR,
29500382,Nagel M,European,NR,NR,
29500382,Nagel M,European,NR,NR,
29500382,Nagel M,European,NR,NR,
29500382,Nagel M,European,NR,NR,
29497042,Verweij N,European,NR,U.K.,
29497042,Verweij N,Asian unspecified,NR,U.K.,
29497042,Verweij N,African unspecified,NR,U.K.,
29497042,Verweij N,Other admixed ancestry,NR,U.K.,
29497042,Verweij N,"Other, NR",NR,U.K.,
29562276,Venkateswaran S,European,NR,"U.S., NR",Controls from UKBiobank
29503163,Yu H,East Asian,NR,China,Han Chinese
29503163,Yu H,East Asian,NR,China,Han Chinese
29503163,Yu H,East Asian,NR,China,Han Chinese
29503163,Yu H,East Asian,NR,China,Han Chinese
29503163,Yu H,East Asian,NR,China,Han Chinese
29503163,Yu H,East Asian,NR,China,Han Chinese
29503163,Yu H,East Asian,NR,China,Han Chinese
29503163,Yu H,East Asian,NR,China,Han Chinese
29503163,Yu H,East Asian,NR,China,Han Chinese
29503163,Yu H,East Asian,NR,China,Han Chinese
29615537,Kulminski AM,European,NR,NR,Caucasian ancestry
29625478,Papakostas TD,NR,NR,U.S.,
29521573,Buck D,European,NR,NR,
29521573,Buck D,Hispanic or Latin American,NR,NR,
29521573,Buck D,Asian unspecified,NR,NR,
29521573,Buck D,African unspecified,NR,NR,
29521573,Buck D,NR,NR,NR,
29521573,Buck D,European,NR,NR,
29521573,Buck D,Hispanic or Latin American,NR,NR,
29521573,Buck D,Asian unspecified,NR,NR,
29521573,Buck D,African unspecified,NR,NR,
29521573,Buck D,NR,NR,NR,
29521573,Buck D,European,NR,NR,
29521573,Buck D,Hispanic or Latin American,NR,NR,
29521573,Buck D,Asian unspecified,NR,NR,
29521573,Buck D,African unspecified,NR,NR,
29521573,Buck D,NR,NR,NR,
29521573,Buck D,European,NR,NR,
29521573,Buck D,Hispanic or Latin American,NR,NR,
29521573,Buck D,Asian unspecified,NR,NR,
29521573,Buck D,African unspecified,NR,NR,
29521573,Buck D,NR,NR,NR,
29615537,Kulminski AM,European,NR,NR,Caucasian ancestry
29615537,Kulminski AM,European,NR,NR,Caucasian ancestry
29615537,Kulminski AM,European,NR,NR,Caucasian ancestry
29615537,Kulminski AM,European,NR,NR,Caucasian ancestry
29615537,Kulminski AM,European,NR,NR,Caucasian ancestry
29615537,Kulminski AM,European,NR,NR,Caucasian ancestry
29615537,Kulminski AM,European,NR,NR,Caucasian ancestry
29615537,Kulminski AM,European,NR,NR,Caucasian ancestry
29615537,Kulminski AM,European,NR,NR,Caucasian ancestry
29615537,Kulminski AM,European,NR,NR,Caucasian ancestry
29615537,Kulminski AM,European,NR,NR,Caucasian ancestry
29615537,Kulminski AM,European,NR,NR,Caucasian ancestry
29615537,Kulminski AM,European,NR,NR,Caucasian ancestry
29615537,Kulminski AM,European,NR,NR,Caucasian ancestry
29615537,Kulminski AM,European,NR,NR,Caucasian ancestry
29615537,Kulminski AM,European,NR,NR,Caucasian ancestry
29615537,Kulminski AM,European,NR,NR,Caucasian ancestry
29615537,Kulminski AM,European,NR,NR,Caucasian ancestry
29615537,Kulminski AM,European,NR,NR,Caucasian ancestry
29497042,Verweij N,European,NR,U.K.,
29497042,Verweij N,Asian unspecified,NR,U.K.,
29497042,Verweij N,African unspecified,NR,U.K.,
29497042,Verweij N,Other admixed ancestry,NR,U.K.,
29497042,Verweij N,"Other, NR",NR,U.K.,
29497042,Verweij N,European,NR,U.K.,
29497042,Verweij N,Asian unspecified,NR,U.K.,
29497042,Verweij N,African unspecified,NR,U.K.,
29497042,Verweij N,Other admixed ancestry,NR,U.K.,
29497042,Verweij N,"Other, NR",NR,U.K.,
29489655,Liu X,European,NR,U.S.,
29489655,Liu X,European,NR,U.S.,
29489655,Liu X,European,NR,U.S.,
29489655,Liu X,European,NR,U.S.,
29489655,Liu X,European,NR,U.S.,
29489655,Liu X,European,NR,U.S.,
29545823,O'Brien KM,African American or Afro-Caribbean,NR,"U.S., Puerto Rico",
29545823,O'Brien KM,European,NR,"U.S., Puerto Rico",
29545823,O'Brien KM,Hispanic or Latin American,NR,"U.S., Puerto Rico",
29545823,O'Brien KM,Other,NR,"U.S., Puerto Rico",
29545823,O'Brien KM,European,NR,"U.S., Puerto Rico",
29545823,O'Brien KM,African American or Afro-Caribbean,NR,"U.S., Puerto Rico",
29545823,O'Brien KM,Hispanic or Latin American,NR,"U.S., Puerto Rico",
29545823,O'Brien KM,Other,NR,"U.S., Puerto Rico",
29503163,Yu H,East Asian,NR,China,Han Chinese
29503163,Yu H,East Asian,NR,China,Han Chinese
29494758,Liu L,East Asian,NR,NR,Han Chinese
29494758,Liu L,East Asian,NR,NR,Han Chinese
29489655,Liu X,European,NR,U.S.,
29521573,Buck D,"European, African unspecified, Asian unspecified, Hispanic or Latin American, NR",NR,NR,
29497042,Verweij N,European,NR,U.K.,
29497042,Verweij N,Asian unspecified,NR,U.K.,
29497042,Verweij N,African unspecified,NR,U.K.,
29497042,Verweij N,Other admixed ancestry,NR,U.K.,
29497042,Verweij N,"Other, NR",NR,U.K.,
29497042,Verweij N,European,NR,U.K.,
29497042,Verweij N,Asian unspecified,NR,U.K.,
29497042,Verweij N,African unspecified,NR,U.K.,
29497042,Verweij N,Other admixed ancestry,NR,U.K.,
29497042,Verweij N,"Other, NR",NR,U.K.,
29497042,Verweij N,European,NR,U.K.,
29497042,Verweij N,Asian unspecified,NR,U.K.,
29497042,Verweij N,African unspecified,NR,U.K.,
29497042,Verweij N,Other admixed ancestry,NR,U.K.,
29497042,Verweij N,"Other, NR",NR,U.K.,
29489655,Liu X,European,NR,U.S.,
29535370,Kleinstein SE,European,NR,U.S.,
29499414,Pei YF,European,NR,NR,
29499414,Pei YF,East Asian,NR,China,Chinese Han
29499414,Pei YF,African American or Afro-Caribbean,NR,U.S.,
29499414,Pei YF,Hispanic or Latin American,NR,U.S.,Admixed American population
29499414,Pei YF,European,NR,NR,
29499414,Pei YF,East Asian,NR,China,Chinese Han
29499414,Pei YF,African American or Afro-Caribbean,NR,U.S.,
29499414,Pei YF,Hispanic or Latin American,NR,U.S.,Admixed American population
29495422,Xu H,African American or Afro-Caribbean,NR,U.S.,
29483656,Pardinas AF,European,NR,"Australia, U.K., NR",
29483656,Pardinas AF,NR,NR,"Georgia, Russian Federation, Denmark, Italy, Serbia, The former Yugoslav Republic of Macedonia",
29483656,Pardinas AF,European,NR,"Norway, Iceland",
29535761,Haaland OA,European,NR,NR,
29535761,Haaland OA,Asian unspecified,NR,NR,
29535761,Haaland OA,Other,NR,NR,
29535761,Haaland OA,European,NR,NR,
29535761,Haaland OA,Asian unspecified,NR,NR,
29535761,Haaland OA,Other,NR,NR,
29535710,Wahl A,European,NR,NR,
29535710,Wahl A,European,NR,NR,
29535761,Haaland OA,European,NR,NR,
29535761,Haaland OA,Asian unspecified,NR,NR,
29535761,Haaland OA,Other,NR,NR,
29478026,Shahin MH,European,NR,U.S.,
29478026,Shahin MH,African American or Afro-Caribbean,NR,U.S.,
29478026,Shahin MH,European,NR,U.S.,
29478026,Shahin MH,African American or Afro-Caribbean,NR,U.S.,
29478026,Shahin MH,European,NR,U.S.,
29478026,Shahin MH,African American or Afro-Caribbean,NR,U.S.,
29478026,Shahin MH,European,NR,U.S.,
29478026,Shahin MH,African American or Afro-Caribbean,NR,U.S.,
29472232,Li Y,East Asian,NR,China,Han Chinese
29472232,Li Y,East Asian,NR,China,Han Chinese
29472613,Warrier V,European,NR,U.K.,
29460428,Gelernter J,South East Asian,NR,Thailand,
29458411,Chung J,European,NR,NR,
29458411,Chung J,European,NR,NR,
29458411,Chung J,European,NR,NR,
29496196,McCoy TH Jr.,European,NR,U.S.,Northern European
29496196,McCoy TH Jr.,European,NR,U.S.,Northern European
29496196,McCoy TH Jr.,European,NR,U.S.,Northern European
29496196,McCoy TH Jr.,European,NR,U.S.,Northern European
29460428,Gelernter J,South East Asian,NR,Thailand,
29460428,Gelernter J,South East Asian,NR,Thailand,
29496196,McCoy TH Jr.,European,NR,U.S.,Northern European
29458411,Chung J,European,NR,NR,
29471430,Tanikawa C,East Asian,NR,Japan,Japanese
29471430,Tanikawa C,East Asian,NR,Japan,Japanese
29453196,Sato Y,East Asian,NR,Japan,Japanese
29453196,Sato Y,East Asian,NR,Japan,Japanese
29453348,Chen CJ,East Asian,NR,Taiwan,
29453348,Chen CJ,East Asian,NR,Taiwan,
29453348,Chen CJ,East Asian,NR,Taiwan,
29455858,Sung YJ,Asian unspecified,NR,"U.S., Singapore",
29455858,Sung YJ,Asian unspecified,NR,NR,
29455858,Sung YJ,Sub-Saharan African,NR,Nigeria,
29455858,Sung YJ,European,NR,"U.S., Netherlands, Iceland, Croatia, NR",
29455858,Sung YJ,African American or Afro-Caribbean,NR,U.S.,
29455858,Sung YJ,East Asian,NR,NR,
29455858,Sung YJ,Hispanic or Latin American,NR,"U.S., NR",
29455858,Sung YJ,European,NR,"U.S., France, Germany, Netherlands, Denmark, Estonia, Finland, Norway, Sweden, U.K., Greece, Italy, Spain",
29455858,Sung YJ,African American or Afro-Caribbean,NR,"U.S., Jamaica",
29455858,Sung YJ,East Asian,NR,"China, NR, Taiwan",
29455858,Sung YJ,South Asian,NR,"Sri Lanka, U.K.",
29455858,Sung YJ,Hispanic or Latin American,NR,"Brazil, U.S.",
29455858,Sung YJ,Sub-Saharan African,NR,Nigeria,
29455858,Sung YJ,European,NR,"U.S., Netherlands, Iceland",
29455858,Sung YJ,African American or Afro-Caribbean,NR,U.S.,
29455858,Sung YJ,"East Asian, Asian unspecified",NR,"U.S., Singapore",
29455858,Sung YJ,Hispanic or Latin American,NR,U.S.,
29455858,Sung YJ,European,NR,"U.S., France, Germany, Netherlands, Denmark, Estonia, Finland, Norway, Sweden, U.K., Greece, Italy, Spain",
29455858,Sung YJ,African American or Afro-Caribbean,NR,"U.S., Jamaica",
29455858,Sung YJ,East Asian,NR,"China, Taiwan",
29455858,Sung YJ,South Asian,NR,"Sri Lanka, U.K.",
29455858,Sung YJ,Hispanic or Latin American,NR,"U.S., Brazil",
29455858,Sung YJ,Sub-Saharan African,NR,Nigeria,
29455858,Sung YJ,European,NR,"Netherlands, U.S., Iceland",
29455858,Sung YJ,African American or Afro-Caribbean,NR,U.S.,
29455858,Sung YJ,"East Asian, Asian unspecified",NR,"U.S., Singapore",
29455858,Sung YJ,Hispanic or Latin American,NR,U.S.,
29455858,Sung YJ,European,NR,"U.S., France, Germany, Netherlands, Denmark, Estonia, Finland, Norway, Sweden, U.K., Greece, Italy, Spain",
29455858,Sung YJ,African American or Afro-Caribbean,NR,"U.S., Jamaica",
29455858,Sung YJ,East Asian,NR,"China, Taiwan",
29455858,Sung YJ,South Asian,NR,"Sri Lanka, U.K.",
29455858,Sung YJ,Hispanic or Latin American,NR,"U.S., Brazil",
29455858,Sung YJ,Asian unspecified,NR,"U.S., Singapore",
29455858,Sung YJ,Asian unspecified,NR,NR,
29455858,Sung YJ,European,NR,"U.S., Netherlands, Iceland, Croatia, NR",
29455858,Sung YJ,African American or Afro-Caribbean,NR,U.S.,
29455858,Sung YJ,East Asian,NR,NR,
29455858,Sung YJ,Hispanic or Latin American,NR,"U.S., NR",
29455858,Sung YJ,European,NR,"U.S., France, Germany, Netherlands, Denmark, Estonia, Finland, Norway, Sweden, U.K., Greece, Italy, Spain",
29455858,Sung YJ,African American or Afro-Caribbean,NR,"U.S., Jamaica",
29455858,Sung YJ,East Asian,NR,"China, NR, Taiwan",
29455858,Sung YJ,South Asian,NR,"Sri Lanka, U.K.",
29455858,Sung YJ,Hispanic or Latin American,NR,"U.S., Brazil",
29455858,Sung YJ,Asian unspecified,NR,"U.S., Singapore",
29455858,Sung YJ,Asian unspecified,NR,NR,
29455858,Sung YJ,European,NR,"U.S., Netherlands, Iceland, Croatia, NR",
29455858,Sung YJ,African American or Afro-Caribbean,NR,U.S.,
29455858,Sung YJ,East Asian,NR,NR,
29455858,Sung YJ,Hispanic or Latin American,NR,"U.S., NR",
29455858,Sung YJ,European,NR,"U.S., France, Germany, Netherlands, Denmark, Estonia, Finland, Norway, Sweden, U.K., Greece, Italy, Spain",
29455858,Sung YJ,African American or Afro-Caribbean,NR,"U.S., Jamaica",
29455858,Sung YJ,East Asian,NR,"China, NR, Taiwan",
29455858,Sung YJ,South Asian,NR,"Sri Lanka, U.K.",
29455858,Sung YJ,Hispanic or Latin American,NR,"U.S., Brazil",
29455858,Sung YJ,Asian unspecified,NR,"U.S., Singapore",
29455858,Sung YJ,Asian unspecified,NR,NR,
29455858,Sung YJ,European,NR,"U.S., Netherlands, Iceland, Croatia, NR",
29455858,Sung YJ,African American or Afro-Caribbean,NR,U.S.,
29455858,Sung YJ,East Asian,NR,NR,
29455858,Sung YJ,Hispanic or Latin American,NR,"U.S., NR",
29455858,Sung YJ,European,NR,"U.S., France, Germany, Netherlands, Denmark, Estonia, Finland, Norway, Sweden, U.K., Greece, Italy, Spain",
29455858,Sung YJ,African American or Afro-Caribbean,NR,"U.S., Jamaica",
29455858,Sung YJ,East Asian,NR,"China, NR, Taiwan",
29455858,Sung YJ,South Asian,NR,"Sri Lanka, U.K.",
29455858,Sung YJ,Hispanic or Latin American,NR,"U.S., Brazil",
29455858,Sung YJ,Asian unspecified,NR,"U.S., Singapore",
29455858,Sung YJ,Asian unspecified,NR,NR,
29455858,Sung YJ,European,NR,"U.S., Netherlands, Iceland, Croatia, NR",
29455858,Sung YJ,African American or Afro-Caribbean,NR,U.S.,
29455858,Sung YJ,East Asian,NR,NR,
29455858,Sung YJ,Hispanic or Latin American,NR,"U.S., NR",
29455858,Sung YJ,European,NR,"U.S., France, Germany, Netherlands, Denmark, Estonia, Finland, Norway, Sweden, U.K., Greece, Italy, Spain",
29455858,Sung YJ,African American or Afro-Caribbean,NR,"U.S., Jamaica",
29455858,Sung YJ,East Asian,NR,"China, NR, Taiwan",
29455858,Sung YJ,South Asian,NR,"Sri Lanka, U.K.",
29455858,Sung YJ,Hispanic or Latin American,NR,"U.S., Brazil",
29455858,Sung YJ,Asian unspecified,NR,"U.S., Singapore",
29455858,Sung YJ,Asian unspecified,NR,NR,
29455858,Sung YJ,Sub-Saharan African,NR,Nigeria,
29455858,Sung YJ,European,NR,"U.S., Netherlands, Iceland, Croatia, NR",
29455858,Sung YJ,African American or Afro-Caribbean,NR,U.S.,
29455858,Sung YJ,East Asian,NR,NR,
29455858,Sung YJ,Hispanic or Latin American,NR,"U.S., NR",
29455858,Sung YJ,European,NR,"U.S., France, Germany, Netherlands, Denmark, Estonia, Finland, Norway, Sweden, U.K., Greece, Italy, Spain",
29455858,Sung YJ,African American or Afro-Caribbean,NR,"U.S., Jamaica",
29455858,Sung YJ,East Asian,NR,"China, NR, Taiwan",
29455858,Sung YJ,South Asian,NR,"Sri Lanka, U.K.",
29455858,Sung YJ,Hispanic or Latin American,NR,"Brazil, U.S.",
29455858,Sung YJ,Asian unspecified,NR,"U.S., Singapore",
29455858,Sung YJ,Asian unspecified,NR,NR,
29455858,Sung YJ,Sub-Saharan African,NR,Nigeria,
29455858,Sung YJ,European,NR,"U.S., Netherlands, Iceland, Croatia, NR",
29455858,Sung YJ,African American or Afro-Caribbean,NR,U.S.,
29455858,Sung YJ,East Asian,NR,NR,
29455858,Sung YJ,Hispanic or Latin American,NR,"U.S., NR",
29455858,Sung YJ,European,NR,"U.S., France, Germany, Netherlands, Denmark, Estonia, Finland, Norway, Sweden, U.K., Greece, Italy, Spain",
29455858,Sung YJ,African American or Afro-Caribbean,NR,"U.S., Jamaica",
29455858,Sung YJ,East Asian,NR,"China, NR, Taiwan",
29455858,Sung YJ,South Asian,NR,"Sri Lanka, U.K.",
29455858,Sung YJ,Hispanic or Latin American,NR,"Brazil, U.S.",
29455858,Sung YJ,Asian unspecified,NR,"Singapore, U.S.",
29455858,Sung YJ,Asian unspecified,NR,NR,
29455858,Sung YJ,Sub-Saharan African,NR,Nigeria,
29455858,Sung YJ,European,NR,"U.S., Netherlands, Iceland, Croatia, NR",
29455858,Sung YJ,African American or Afro-Caribbean,NR,U.S.,
29455858,Sung YJ,East Asian,NR,NR,
29455858,Sung YJ,Hispanic or Latin American,NR,"U.S., NR",
29455858,Sung YJ,European,NR,"U.S., France, Germany, Netherlands, Denmark, Estonia, Finland, Norway, Sweden, U.K., Greece, Italy, Spain",
29455858,Sung YJ,African American or Afro-Caribbean,NR,"U.S., Jamaica",
29455858,Sung YJ,East Asian,NR,"China, NR, Taiwan",
29455858,Sung YJ,South Asian,NR,"Sri Lanka, U.K.",
29455858,Sung YJ,Hispanic or Latin American,NR,"Brazil, U.S.",
29449654,Gharahkhani P,European,NR,"New Zealand, NR, Australia",
29449654,Gharahkhani P,NR,NR,NR,
29449654,Gharahkhani P,European,NR,"Australia, New Zealand, NR",
29449654,Gharahkhani P,Asian unspecified,NR,NR,
29449654,Gharahkhani P,European,NR,"Australia, New Zealand, NR",
29449654,Gharahkhani P,Asian unspecified,NR,NR,
29449654,Gharahkhani P,European,NR,"New Zealand, Australia, NR",
29449654,Gharahkhani P,Asian unspecified,NR,NR,
29246937,Li Y,East Asian,NR,China,"Shaanxi, Guangdong, Beijing, Jiangsu, Guangxi populations"
29246937,Li Y,East Asian,NR,China,Guangxi population
29449654,Gharahkhani P,European,NR,"Australia, New Zealand, NR",
29449654,Gharahkhani P,Asian unspecified,NR,NR,
29452408,Shiga Y,East Asian,NR,Japan,Japanese
29452408,Shiga Y,East Asian,NR,"Japan, Singapore",Japanese; Singaporean Chinese
29452408,Shiga Y,European,NR,NR,
29452408,Shiga Y,Sub-Saharan African,NR,"Ghana, Nigeria",
29452408,Shiga Y,African American or Afro-Caribbean,NR,U.S.,
29425463,Bime C,African American or Afro-Caribbean,NR,U.S.,
29425463,Bime C,African American or Afro-Caribbean,NR,U.S.,
29425463,Bime C,European,NR,U.S.,
29432556,Brooke RJ,European,NR,U.S.,
29432556,Brooke RJ,African unspecified,NR,U.S.,
29422604,Klein AP,European,NR,NR,
29422604,Klein AP,NR,NR,NR,
29436472,Casalone E,European,NR,U.K.,
29436472,Casalone E,European,NR,U.K.,
29436472,Casalone E,European,NR,U.K.,
29436472,Casalone E,European,NR,U.K.,
29436472,Casalone E,European,NR,U.K.,
29436472,Casalone E,European,NR,U.K.,
29436472,Casalone E,European,NR,U.K.,
29436472,Casalone E,European,NR,U.K.,
29404672,Roshandel D,European,NR,NR,
29403010,Kanai M,East Asian,NR,Japan,
29403010,Kanai M,East Asian,NR,Japan,
29403010,Kanai M,East Asian,NR,Japan,
29403010,Kanai M,East Asian,NR,Japan,
29403010,Kanai M,East Asian,NR,Japan,
29403010,Kanai M,East Asian,NR,Japan,
29403010,Kanai M,East Asian,NR,Japan,
29403010,Kanai M,East Asian,NR,Japan,
29403010,Kanai M,East Asian,NR,Japan,
29403010,Kanai M,East Asian,NR,Japan,
29403010,Kanai M,East Asian,NR,Japan,
29403010,Kanai M,East Asian,NR,Japan,
29403010,Kanai M,East Asian,NR,Japan,
29403010,Kanai M,East Asian,NR,Japan,
29403010,Kanai M,East Asian,NR,Japan,
29403010,Kanai M,East Asian,NR,Japan,
29403010,Kanai M,East Asian,NR,Japan,
29403010,Kanai M,East Asian,NR,Japan,
29403010,Kanai M,East Asian,NR,Japan,
29403010,Kanai M,East Asian,NR,Japan,
29403010,Kanai M,East Asian,NR,Japan,
29403010,Kanai M,East Asian,NR,Japan,
29403010,Kanai M,East Asian,NR,Japan,
29403010,Kanai M,East Asian,NR,Japan,
29403010,Kanai M,East Asian,NR,Japan,
29403010,Kanai M,East Asian,NR,Japan,
29403010,Kanai M,East Asian,NR,Japan,
29403010,Kanai M,East Asian,NR,Japan,
29403010,Kanai M,East Asian,NR,Japan,
29403010,Kanai M,East Asian,NR,Japan,
29403010,Kanai M,East Asian,NR,Japan,
29403010,Kanai M,East Asian,NR,Japan,
29403010,Kanai M,East Asian,NR,Japan,
29403010,Kanai M,East Asian,NR,Japan,
29403010,Kanai M,East Asian,NR,Japan,
29403010,Kanai M,East Asian,NR,Japan,
29403010,Kanai M,East Asian,NR,Japan,
29403010,Kanai M,East Asian,NR,Japan,
29403010,Kanai M,East Asian,NR,Japan,
29403010,Kanai M,East Asian,NR,Japan,
29403010,Kanai M,East Asian,NR,Japan,
29403010,Kanai M,East Asian,NR,Japan,
29403010,Kanai M,East Asian,NR,Japan,
29403010,Kanai M,East Asian,NR,Japan,
29403010,Kanai M,East Asian,NR,Japan,
29403010,Kanai M,East Asian,NR,Japan,
29403010,Kanai M,East Asian,NR,Japan,
29403010,Kanai M,East Asian,NR,Japan,
29403010,Kanai M,East Asian,NR,Japan,
29403010,Kanai M,East Asian,NR,Japan,
29403010,Kanai M,East Asian,NR,Japan,
29403010,Kanai M,East Asian,NR,Japan,
29403010,Kanai M,East Asian,NR,Japan,
29403010,Kanai M,East Asian,NR,Japan,
29403010,Kanai M,East Asian,NR,Japan,
29403010,Kanai M,East Asian,NR,Japan,
29403010,Kanai M,East Asian,NR,Japan,
29404672,Roshandel D,European,NR,"U.S., NR",
29404672,Roshandel D,European,NR,"U.S., NR",
29404672,Roshandel D,European,NR,"U.S., NR",
29422769,Shah RL,European,NR,NR,
29422769,Shah RL,Asian unspecified,NR,NR,
29403010,Kanai M,East Asian,NR,Japan,
29408531,Zhang D,East Asian,NR,China,
29408531,Zhang D,East Asian,NR,China,
29394082,Burkart KM,European,NR,"Finland, Sweden, U.K., Germany, Croatia, NR",
29394082,Burkart KM,Hispanic or Latin American,NR,U.S.,"Mexican, Cuban, Dominican, Puerto Rican, South American, Central American"
29394082,Burkart KM,Hispanic or Latin American,NR,U.S.,"Mexican, Cuban, Dominican, Puerto Rican, South American, Central American"
29394082,Burkart KM,European,NR,"Germany, Finland, Sweden, U.K., Croatia, NR",
29394082,Burkart KM,Hispanic or Latin American,NR,U.S.,"Mexican, Cuban, Dominican, Puerto Rican, South American, Central American"
29394082,Burkart KM,Hispanic or Latin American,Costa Rica,"Costa Rica, U.S., Brazil",
29394082,Burkart KM,African American or Afro-Caribbean,NR,U.S.,
29394082,Burkart KM,European,NR,"Germany, Finland, Sweden, U.K., Italy",
29394082,Burkart KM,Hispanic or Latin American,NR,U.S.,"Mexican, Cuban, Dominican, Puerto Rican, South American, Central American"
29394082,Burkart KM,Hispanic or Latin American,"Costa Rica, NR","Costa Rica, U.S., Brazil",
29394082,Burkart KM,African American or Afro-Caribbean,NR,U.S.,
29394082,Burkart KM,European,NR,"Germany, Finland, Sweden, U.K., Italy",
29391396,McElroy SL,European,NR,"NR, U.S.",European American
29391396,McElroy SL,European,NR,U.S.,
29391395,Strawbridge RJ,European,NR,U.K.,White British
29391395,Strawbridge RJ,European,NR,U.K.,White British
29378355,Stanne TM,European,NR,Sweden,
29581620,Fujii R,East Asian,NR,Japan,
29581620,Fujii R,East Asian,NR,Japan,
29392897,Hernandez-Fuentes MP,European,NR,U.K.,
29392897,Hernandez-Fuentes MP,European,NR,NR,
29392897,Hernandez-Fuentes MP,European,NR,U.K.,
29392897,Hernandez-Fuentes MP,European,NR,NR,
29392897,Hernandez-Fuentes MP,European,NR,U.K.,
29392897,Hernandez-Fuentes MP,European,NR,NR,
29392897,Hernandez-Fuentes MP,European,NR,U.K.,
29392897,Hernandez-Fuentes MP,European,NR,NR,
29392897,Hernandez-Fuentes MP,European,NR,U.K.,
29392897,Hernandez-Fuentes MP,European,NR,NR,
29392897,Hernandez-Fuentes MP,European,NR,U.K.,
29392897,Hernandez-Fuentes MP,European,NR,NR,
29392897,Hernandez-Fuentes MP,European,NR,U.K.,
29392897,Hernandez-Fuentes MP,European,NR,NR,
29392897,Hernandez-Fuentes MP,European,NR,U.K.,
29392897,Hernandez-Fuentes MP,European,NR,NR,
29398083,Lores-Motta L,European,NR,"Germany, Netherlands",
29398083,Lores-Motta L,European,NR,"Germany, Netherlands",
29378355,Stanne TM,European,NR,Sweden,
29278617,Sucheston-Campbell LE,African American or Afro-Caribbean,NR,"U.S., NR","Black, not Hispanic"
29278617,Sucheston-Campbell LE,European,NR,"U.S., NR","European American; Caucasian, not Hispanic; Northern European"
29385134,Kawaguchi T,East Asian,NR,Japan,Japanese
29397368,Meng W,European,NR,U.K.,White British
29385134,Kawaguchi T,East Asian,NR,Japan,Japanese
29385134,Kawaguchi T,East Asian,NR,Japan,Japanese
29385134,Kawaguchi T,East Asian,NR,Japan,Japanese
29385134,Kawaguchi T,East Asian,NR,Japan,Japanese
29381699,Ravenhall M,Sub-Saharan African,NR,United Republic of Tanzania,"Mzigua, Wasambaa, Wabondei, Mmbena, Mngoni, Pare, Makonde, Mgogo, Chagga"
29381699,Ravenhall M,Sub-Saharan African,NR,United Republic of Tanzania,
29382897,Pagerols M,European,NR,Spain,Spanish of Caucasian origin
29382897,Pagerols M,Hispanic or Latin American,NR,Brazil,Brazilian
29404214,Andaleon A,Sub-Saharan African,NR,Nigeria,Yoruban
29404214,Andaleon A,Asian unspecified,NR,Philippines,"Cebu, Filipino"
29404214,Andaleon A,Sub-Saharan African,NR,Nigeria,Yoruban
29404214,Andaleon A,"European, NR",NR,NR,
29404214,Andaleon A,Asian unspecified,NR,Philippines,"Cebu, Filipino"
29404214,Andaleon A,Sub-Saharan African,NR,Nigeria,Yoruban
29404214,Andaleon A,"European, NR",NR,NR,
29404214,Andaleon A,Asian unspecified,NR,Philippines,"Cebu, Filipino"
29404214,Andaleon A,Sub-Saharan African,NR,Nigeria,Yoruba
29404214,Andaleon A,"European, NR",NR,NR,
29404214,Andaleon A,Asian unspecified,NR,Philippines,"Cebu, Filipino"
29404214,Andaleon A,Sub-Saharan African,NR,Nigeria,Yoruban
29404214,Andaleon A,"European, NR",NR,NR,
29404214,Andaleon A,Asian unspecified,NR,Philippines,"Cebu, Filipino"
29404214,Andaleon A,Sub-Saharan African,NR,Nigeria,Yoruban
29404214,Andaleon A,Asian unspecified,NR,Philippines,"Cebu, Filipino"
29404214,Andaleon A,Sub-Saharan African,NR,Nigeria,Yoruban
29404214,Andaleon A,Asian unspecified,NR,Philippines,"Cebu, Filipino"
29404214,Andaleon A,Sub-Saharan African,NR,Nigeria,Yoruban
29404214,Andaleon A,Asian unspecified,NR,Philippines,"Cebu, Filipino"
29379196,Fadista J,European,NR,Denmark,Danish; parents & grandparents born in north-western Europe
29379196,Fadista J,European,NR,"U.S., Finland, Sweden","Swedish, Finnish"
29374233,Lu AT,European,NR,"Australia, U.K., U.S., Italy, NR",
29374233,Lu AT,African American or Afro-Caribbean,NR,U.S.,
29374233,Lu AT,Hispanic or Latin American,NR,U.S.,
29374233,Lu AT,European,NR,"U.S., Australia, U.K., Italy, NR",
29374233,Lu AT,African American or Afro-Caribbean,NR,U.S.,
29374233,Lu AT,Hispanic or Latin American,NR,U.S.,
29367611,Gao B,European,NR,Australia,
29367611,Gao B,Asian unspecified,NR,Australia,
29367735,Nakagawa-Senda H,East Asian,NR,Japan,Japanese
29367735,Nakagawa-Senda H,East Asian,NR,Japan,Japanese
29367735,Nakagawa-Senda H,East Asian,NR,Japan,Japanese
29367611,Gao B,European,NR,"Netherlands, Australia",
29367611,Gao B,Asian unspecified,NR,Australia,
29395996,van Laarhoven A,NR,NR,Indonesia,
29358691,Bonas-Guarch S,East Asian,NR,NR,
29358691,Bonas-Guarch S,South Asian,NR,NR,
29358691,Bonas-Guarch S,Hispanic or Latin American,NR,NR,Mexican and Mexican American
29358691,Bonas-Guarch S,European,NR,"U.S., Finland, U.K., NR",
29358691,Bonas-Guarch S,European,NR,Denmark,
29358691,Bonas-Guarch S,Hispanic or Latin American,NR,"Mexico, NR",
29358691,Bonas-Guarch S,NR,NR,NR,
29358691,Bonas-Guarch S,European,NR,"U.S., Finland",
29358691,Bonas-Guarch S,"European, South Asian, East Asian, African American or Afro-Caribbean, Hispanic or Latin American",NR,NR,
29358691,Bonas-Guarch S,European,NR,NR,
29358691,Bonas-Guarch S,European,NR,"U.S., Finland, U.K.",
29358691,Bonas-Guarch S,European,NR,"U.S., Finland, U.K.",
29356057,Du Z,Sub-Saharan African,NR,Uganda,East African
29360470,Miron J,European,NR,Canada, Quebec (founder/genetic isolate)
29360470,Miron J,NR,NR,NR,
29348612,Wiemels JL,European,NR,U.S.,
29348612,Wiemels JL,Hispanic or Latin American,NR,U.S.,
29348612,Wiemels JL,African American or Afro-Caribbean,NR,U.S.,
29348612,Wiemels JL,European,NR,NR,
29348612,Wiemels JL,Hispanic or Latin American,NR,NR,
29343764,Jiang X,European,NR,"U.S., Netherlands, Finland, Sweden, U.K.",
29343764,Jiang X,European,NR,Sweden,
29343764,Jiang X,European,NR,"Canada, U.S., Germany, Netherlands, Finland, Republic of Ireland, Sweden, U.K., Italy, NR",
29343764,Jiang X,"European, NR",NR,"France, Germany, Netherlands, Denmark, Norway, Sweden, U.K., Greece, Italy, Spain",
29346644,Yan Q,European,NR,NR,Caucasian
29346644,Yan Q,European,NR,NR,Caucasian
29346644,Yan Q,European,NR,NR,Caucasian
29331962,Kochi Y,East Asian,NR,Japan,
29331962,Kochi Y,East Asian,NR,Japan,
29331962,Kochi Y,European,NR,NR,
29331962,Kochi Y,East Asian,NR,Japan,
29331962,Kochi Y,East Asian,NR,Japan,
29330379,Zuber V,"NR, European",NR,NR,
29330379,Zuber V,"European, NR",NR,NR,
29330379,Zuber V,NR,NR,NR,
29478698,Cheng Z,African American or Afro-Caribbean,NR,"U.S., NR",
29478698,Cheng Z,European,NR,"U.S., NR",
29326435,Hill WD,European,NR,U.K.,White British
29326435,Hill WD,NR,NR,NR,
29327327,Lin X,"European, NR",NR,NR,
29324852,Primes G,"European, African American or Afro-Caribbean, NR",NR,U.S.,
29317602,Hall LS,European,NR,U.K.,White British; Scottish population
29317602,Hall LS,European,NR,U.K.,White British; Scottish population
29317604,Liu D,European,NR,U.S.,
29317604,Liu D,European,NR,U.S.,
29315334,Broce I,NR,NR,NR,
28270201,Nagy R,European,NR,U.K.,British
28270201,Nagy R,European,NR,U.K.,British
28270201,Nagy R,European,NR,U.K.,British
28270201,Nagy R,European,NR,U.K.,British
28270201,Nagy R,European,NR,U.K.,British
28270201,Nagy R,European,NR,U.K.,British
28270201,Nagy R,European,NR,U.K.,British
28270201,Nagy R,European,NR,U.K.,British
28270201,Nagy R,European,NR,U.K.,British
28270201,Nagy R,European,NR,U.K.,British
28270201,Nagy R,European,NR,U.K.,British
28265120,Polimanti R,African American or Afro-Caribbean,NR,U.S.,African American
28265120,Polimanti R,African American or Afro-Caribbean,NR,U.S.,African American
28265120,Polimanti R,European,NR,U.S.,European American
28265120,Polimanti R,Hispanic or Latin American,NR,U.S.,Hispanic American
28265120,Polimanti R,European,NR,U.S.,European American
28262088,Melroy-Greif WE,Hispanic or Latin American,NR,U.S.,"Mexican Americans, Hispanic"
28262088,Melroy-Greif WE,Native American,NR,U.S.,American Indian
28273873,Park YM,East Asian,NR,Republic of Korea,Korean
28274756,Mhatre S,South Asian,NR,India,Predominantly North Indian and North East Indian population
28274756,Mhatre S,South Asian,NR,India,Predominantly North Indian and North East Indian population
28253294,Vonk JM,European,NR,"France, Switzerland, Russian Federation, U.K., NR",
28253294,Vonk JM,European,NR,Netherlands,
28253294,Vonk JM,European,NR,"France, Switzerland, Russian Federation, U.K., NR",
28253294,Vonk JM,European,NR,Netherlands,
28253294,Vonk JM,European,NR,"France, Switzerland, Russian Federation, U.K., NR","France, Switzerland, Russia, U.K, N.R"
28253294,Vonk JM,European,NR,Netherlands,Netherlands
28254843,Qi Q,Hispanic or Latin American,NR,NR,"Central American, Cuban, Dominican, Mexican, Puerto Rican, South American"
28247064,Deming Y,NR,NR,"Germany, U.S., Sweden, NR",
28247064,Deming Y,NR,NR,"Germany, U.S., Sweden, NR",
28247064,Deming Y,NR,NR,"Germany, U.S., Sweden, NR",
28334814,Zhu Z,East Asian,NR,"China, China, Hong Kong SAR",Han Chinese
28334814,Zhu Z,East Asian,NR,"China, China, Hong Kong SAR",Han Chinese
28250457,Scerri TS,European,NR,U.S.,
28250457,Scerri TS,European,NR,"U.S., Australia, France, Germany, Switzerland, Israel, U.K.",
28240269,Suhre K,European,NR,Germany,
28240269,Suhre K,"South Asian, Greater Middle Eastern (Middle Eastern, North African or Persian), NR",NR,Qatar,"Arab, South Asian & Filipino"
28334792,Nongmaithem SS,South Asian,NR,India,Indo-European
28334792,Nongmaithem SS,South Asian,NR,India,Indo-European; Dravidian
28232668,Yu Y,East Asian,NR,China,
28232668,Yu Y,East Asian,NR,China,
28282560,Pott J,European,NR,Germany,
28649644,Pivot X,European,NR,France,
28223688,Bjornsdottir G,European,NR,Iceland,Icelandic
28177523,Lin Y,European,NR,U.S.,
28224759,Pei YF,European,NR,U.S.,
28334899,Spracklen CN,East Asian,NR,"Japan, Republic of Korea, Philippines, Singapore, Taiwan, China","Japanese, Filipino, Chinese, Korean, Malay"
28334899,Spracklen CN,East Asian,NR,"China, Japan, Republic of Korea, Singapore, Taiwan","Japanese, Chinese, Korean"
28334899,Spracklen CN,East Asian,NR,Taiwan,Chinese
28334899,Spracklen CN,East Asian,NR,"China, Japan, Republic of Korea, Philippines, Singapore, NR, Taiwan","Japanese, Chinese, Korean, Filipino, Malay"
28334899,Spracklen CN,European,NR,NR,
28334899,Spracklen CN,East Asian,NR,"China, Japan, Republic of Korea, Philippines, Singapore, Taiwan","Japanese, Filipino, Chinese, Korean"
28334899,Spracklen CN,East Asian,NR,"Republic of Korea, Singapore, Taiwan, China","Japanese, Chinese, Korean"
28334899,Spracklen CN,East Asian,NR,"NR, Taiwan",Chinese
28334899,Spracklen CN,European,NR,NR,
28334899,Spracklen CN,East Asian,NR,"Japan, Republic of Korea, Philippines, Singapore, NR, Taiwan, China","Japanese, Filipino, Chinese, Korean, Malay"
28334899,Spracklen CN,East Asian,NR,"China, Japan, Republic of Korea, Philippines, Singapore, Taiwan","Japanese, Filipino, Chinese, Korean, Malay"
28334899,Spracklen CN,East Asian,NR,"China, Japan, Republic of Korea, Singapore, Taiwan","Japanese, Chinese, Korean"
28334899,Spracklen CN,East Asian,NR,Taiwan,Chinese
28334899,Spracklen CN,European,NR,NR,
28334899,Spracklen CN,East Asian,NR,"China, Japan, Republic of Korea, Philippines, Singapore, Taiwan","Japanese, Filipino, Chinese, Korean, Malay"
28334899,Spracklen CN,East Asian,NR,"China, Japan, Republic of Korea, Singapore, Taiwan","Japanese, Chinese, Korean"
28334899,Spracklen CN,East Asian,NR,"China, Japan, Republic of Korea, Philippines, Singapore, Taiwan","Japanese, Chinese, Korean, Filipino, Malay"
28334899,Spracklen CN,East Asian,NR,"China, Japan, Republic of Korea, Philippines, Singapore, NR, Taiwan","Japanese, Filipino, Chinese, Korean, Malay"
28334899,Spracklen CN,European,NR,NR,
28334899,Spracklen CN,East Asian,NR,Taiwan,Chinese
28203683,Heit JA,African American or Afro-Caribbean,NR,U.S.,African American
28193307,Lin BD,European,NR,Netherlands,Dutch
28196072,Hagenaars SP,European,NR,U.K.,British
28193307,Lin BD,European,NR,Netherlands,Dutch
28194004,Deary V,European,NR,U.K.,British
28195142,Gudmundsson J,European,NR,"U.S., Netherlands, Iceland, Spain","Icelandic, Dutch, Spanish"
28187132,Kiryluk K,East Asian,NR,NR,Han Chinese
28187132,Kiryluk K,European,NR,NR,
28187132,Kiryluk K,European,NR,NR,
28187132,Kiryluk K,East Asian,NR,NR,
28212542,Ransohoff KJ,European,NR,U.S.,
28212542,Ransohoff KJ,European,NR,U.S.,
28181694,Chesi A,European,NR,U.S.,European American
28181694,Chesi A,European,NR,U.S.,European American
28181694,Chesi A,European,NR,U.S.,European American
28181694,Chesi A,European,NR,U.S.,European American
28181694,Chesi A,European,NR,U.S.,European American
28181694,Chesi A,European,NR,U.S.,European American
28181694,Chesi A,European,NR,U.S.,European American
28181694,Chesi A,European,NR,U.S.,European American
28181694,Chesi A,European,NR,U.S.,European American
28181694,Chesi A,European,NR,U.S.,European American
28181694,Chesi A,European,NR,U.S.,European American
28181694,Chesi A,European,NR,U.S.,European American
28181694,Chesi A,European,NR,U.S.,European American
28181694,Chesi A,European,NR,U.S.,European American
28181694,Chesi A,European,NR,U.S.,European American
28181694,Chesi A,European,NR,U.S.,European American
28167838,Deckert J,European,NR,Germany,German
28167838,Deckert J,European,NR,"Germany, Netherlands","German, Dutch"
28165464,Law PJ,European,NR,"Australia, U.K., NR, U.S.",
28165464,Law PJ,European,NR,"U.S., U.K., NR",
28183528,Jun GR,European,NR,NR,
28183528,Jun GR,African American or Afro-Caribbean,NR,NR,
28183528,Jun GR,East Asian,NR,NR,
28183528,Jun GR,"Greater Middle Eastern (Middle Eastern, North African or Persian)",NR,NR,
28183528,Jun GR,European,NR,NR,
28183528,Jun GR,European,NR,NR,
28183528,Jun GR,African American or Afro-Caribbean,NR,NR,
28183528,Jun GR,East Asian,NR,NR,
28183528,Jun GR,European,NR,NR,
28166213,Wain LV,NR,NR,NR,
28166213,Wain LV,European,NR,U.K.,British
28166213,Wain LV,European,NR,U.K.,British
28183528,Jun GR,European,NR,NR,
28183528,Jun GR,African American or Afro-Caribbean,NR,NR,
28183528,Jun GR,East Asian,NR,NR,
28183528,Jun GR,"Greater Middle Eastern (Middle Eastern, North African or Persian)",NR,NR,
28183528,Jun GR,European,NR,NR,
28166213,Wain LV,NR,NR,NR,
28166213,Wain LV,European,NR,U.K.,British
28166213,Wain LV,European,NR,U.K.,British
28183528,Jun GR,European,NR,NR,
28183528,Jun GR,African American or Afro-Caribbean,NR,NR,
28183528,Jun GR,East Asian,NR,NR,
28183528,Jun GR,"Greater Middle Eastern (Middle Eastern, North African or Persian)",NR,NR,
28183528,Jun GR,European,NR,NR,
28166215,Hobbs BD,African American or Afro-Caribbean,NR,U.S.,African American
28166215,Hobbs BD,Hispanic or Latin American,NR,U.S.,Hispanic
28166215,Hobbs BD,European,NR,"U.S., Netherlands, Norway, U.K., NR","Dutch, European American, Non-hispanic whites, white, European"
28166215,Hobbs BD,East Asian,NR,Republic of Korea,Korean
28166215,Hobbs BD,European,NR,"U.S., Poland, U.K., NR","White, European"
28166215,Hobbs BD,East Asian,NR,Republic of Korea,Korean
28166213,Wain LV,NR,NR,NR,
28166213,Wain LV,European,NR,U.K.,British
28166213,Wain LV,European,NR,U.K.,British
28167095,Forno E,European,NR,NR,
28167095,Forno E,Hispanic or Latin American,Puerto Rico,"Puerto Rico, U.S.",Puerto Rican
28167095,Forno E,Hispanic or Latin American,NR,"Costa Rica, NR","Hispanic, Costa Rican"
28167095,Forno E,Hispanic or Latin American,Puerto Rico,"Puerto Rico, U.S.",Puerto Rican
28167095,Forno E,European,NR,NR,
28167095,Forno E,Hispanic or Latin American,NR,"Costa Rica, NR","Hispanic, Costa Rican"
28155865,Chen H,East Asian,China,China,Han Chinese
28155865,Chen H,East Asian,NR,China,Han Chinese
28256260,Siitonen A,European,NR,Finland,Finnish
28163062,Matsuura K,East Asian,NR,Japan,Japanese
28163062,Matsuura K,East Asian,NR,Japan,Japanese
28158719,Jain D,Hispanic or Latin American,NR,U.S.,"Central American, Cuban, Dominican, Mexican, Puerto Rican, South American"
28158719,Jain D,Hispanic or Latin American,NR,U.S.,
28053049,Sennblad B,European,NR,"Sweden, U.S., Italy, Germany, U.K., France",French
28053049,Sennblad B,European,NR,"Canada, Spain, NR","Spanish, French-Canadian"
28158719,Jain D,Hispanic or Latin American,NR,U.S.,"Central American, Cuban, Dominican, Mexican, Puerto Rican, South American"
28158719,Jain D,Hispanic or Latin American,NR,U.S.,
28158719,Jain D,Hispanic or Latin American,NR,U.S.,"Central American, Cuban, Dominican, Mexican, Puerto Rican, South American"
28158719,Jain D,Hispanic or Latin American,NR,U.S.,
28158719,Jain D,Hispanic or Latin American,NR,U.S.,"Central American, Cuban, Dominican, Mexican, Puerto Rican, South American"
28158719,Jain D,Hispanic or Latin American,NR,U.S.,
28158719,Jain D,Hispanic or Latin American,NR,U.S.,"Central American, Cuban, Dominican, Mexican, Puerto Rican, South American"
28158719,Jain D,Hispanic or Latin American,NR,U.S.,
28158719,Jain D,Hispanic or Latin American,NR,U.S.,"Central American, Cuban, Dominican, Mexican, Puerto Rican, South American"
28158719,Jain D,Hispanic or Latin American,NR,U.S.,
28139693,Hoffmann TJ,European,NR,U.S.,
28139693,Hoffmann TJ,Hispanic or Latin American,NR,U.S.,
28139693,Hoffmann TJ,East Asian,NR,U.S.,
28139693,Hoffmann TJ,African American or Afro-Caribbean,NR,U.S.,
28139693,Hoffmann TJ,European,NR,"U.S., Sweden, NR",
28139761,Pasanen A,European,NR,"Finland, Sweden","Finnish, Swedish"
28139761,Pasanen A,European,NR,"Netherlands, Finland","Dutch, Finnish"
28139693,Hoffmann TJ,European,NR,U.S.,
28139693,Hoffmann TJ,Hispanic or Latin American,NR,U.S.,
28139693,Hoffmann TJ,East Asian,NR,U.S.,
28139693,Hoffmann TJ,African American or Afro-Caribbean,NR,U.S.,
28139693,Hoffmann TJ,European,NR,U.S.,
28135244,Warren HR,European,NR,U.K.,
28135244,Warren HR,European,NR,"Netherlands, Estonia, U.K., NR",
28135244,Warren HR,European,NR,U.K.,
28135244,Warren HR,European,NR,"Netherlands, Estonia, Republic of Ireland, U.K., NR",
28135244,Warren HR,European,NR,U.K.,
28135244,Warren HR,European,NR,"Estonia, Netherlands, U.K., NR",
28130311,Tan W,East Asian,NR,China,Chinese
28130311,Tan W,East Asian,NR,China,Chinese
28120872,Li X,East Asian,NR,China,Han Chinese
28120872,Li X,East Asian,NR,China,Han Chinese
28118524,Saxena R,"Greater Middle Eastern (Middle Eastern, North African or Persian)",NR,"Jordan, Lebanon, Qatar, Saudi Arabia, United Arab Emirates","African admixed Arab, non-African admixed Arab"
28118524,Saxena R,"Greater Middle Eastern (Middle Eastern, North African or Persian)",NR,"Jordan, Lebanon, Qatar, Saudi Arabia, United Arab Emirates",
28118524,Saxena R,"Greater Middle Eastern (Middle Eastern, North African or Persian)",NR,"Jordan, Lebanon, Qatar, Saudi Arabia, United Arab Emirates",African admixed Arab; non-African admixed Arab
28118524,Saxena R,"Greater Middle Eastern (Middle Eastern, North African or Persian)",NR,"Jordan, Lebanon, Qatar, Saudi Arabia, United Arab Emirates",African admixed Arab; non-African admixed Arab
28118524,Saxena R,"Greater Middle Eastern (Middle Eastern, North African or Persian)",NR,"Jordan, Lebanon, Qatar, Saudi Arabia, United Arab Emirates",African admixed Arab; non-African admixed Arab
28118524,Saxena R,"Greater Middle Eastern (Middle Eastern, North African or Persian)",NR,"Jordan, Lebanon, Qatar, Saudi Arabia, United Arab Emirates",
28115744,Ikeda M,East Asian,NR,Japan,
28115744,Ikeda M,European,NR,NR,
28115739,Smith AH,European,NR,U.S.,European American
28115739,Smith AH,African American or Afro-Caribbean,NR,U.S.,African American
28128768,Ferrari R,European,NR,Italy,Italian
28112199,Law PJ,European,NR,"Germany, U.K.","British, German"
28107422,de Vries PS,European,NR,"Sweden, U.S., Australia, Italy, Netherlands, Germany, U.K., Republic of Ireland, Denmark",
28107422,de Vries PS,European,NR,"Sweden, U.S., Australia, Italy, Netherlands, Germany, U.K., Republic of Ireland, Denmark",
28100913,Ueta M,East Asian,NR,Japan,Japanese
28100913,Ueta M,East Asian,NR,"Japan, Republic of Korea","Japanese, Korean"
28109725,Fuchs O,European,NR,Switzerland,
28109725,Fuchs O,European,NR,Switzerland,
28100725,Chen J,European,NR,U.S.,European American
28100725,Chen J,NR,NR,U.S.,
28098162,Hibar DP,European,NR,"U.S., Australia, Iceland, Netherlands, Canada, Germany, U.K., Spain, Norway","Australian, European American, British, German, Dutch, Icelandic, Norwegian, Spanish"
28098162,Hibar DP,European,NR,NR,
28098162,Hibar DP,African American or Afro-Caribbean,NR,U.S.,
28098162,Hibar DP,"South East Asian, East Asian",NR,NR,"Chinese, Japanese, Malay"
28098162,Hibar DP,Hispanic or Latin American,NR,U.S.,Mexican American
28095793,Chittoor G,Hispanic or Latin American,NR,U.S.,Mexican American
28093568,Trampush JW,European,NR,"Finland, U.S., Greece, Canada, Germany, U.K., Republic of Ireland, Norway, Denmark",Norwegian
28095793,Chittoor G,Hispanic or Latin American,NR,U.S.,Mexican American
28095793,Chittoor G,Hispanic or Latin American,NR,U.S.,Mexican American
28095793,Chittoor G,Hispanic or Latin American,NR,U.S.,Mexican American
28095793,Chittoor G,Hispanic or Latin American,NR,U.S.,Mexican American
28060188,Hamet P,European,NR,"Poland, Czech Republic, Australia, Italy, Russian Federation, Netherlands, Canada, Germany, U.K., Estonia, Hungary, New Zealand, Slovakia, Lithuania, France, Republic of Ireland","Slavic, Celtic"
28090653,Liu Y,European,NR,U.S.,Northern European
28090653,Liu Y,African American or Afro-Caribbean,NR,U.S.,
28090653,Liu Y,Hispanic or Latin American,NR,U.S.,
28090653,Liu Y,Other,NR,U.S.,
28108127,Eitel I,European,NR,Germany,
28108127,Eitel I,NR,NR,NR,
28087736,Ludwig KU,European,NR,NR,
28087736,Ludwig KU,Asian unspecified,NR,NR,
28087736,Ludwig KU,European,NR,Germany,Central European
28087736,Ludwig KU,Hispanic or Latin American,NR,Mexico,Mayan
28087736,Ludwig KU,"Greater Middle Eastern (Middle Eastern, North African or Persian)",NR,Yemen,Middle Eastern
28084903,Hallberg P,European,NR,Sweden,"Swedish, Nordic, Other European"
28084903,Hallberg P,"Greater Middle Eastern (Middle Eastern, North African or Persian)",NR,Sweden,Middle Eastern
28084903,Hallberg P,"European, NR",NR,Sweden,
28087736,Ludwig KU,NR,NR,NR,"European, European-Asian mixed"
28082259,Pankow JS,European,NR,U.S.,
28082259,Pankow JS,African American or Afro-Caribbean,NR,U.S.,Black
28081215,Pardo LM,European,NR,"U.S., Netherlands",
28081215,Pardo LM,"NR, European",NR,U.S.,
28081371,Sanders AE,Hispanic or Latin American,NR,U.S.,"Cuban, Dominican, Mexican, Central American, South American, Puerto Rican"
28081371,Sanders AE,NR,NR,"Finland, U.S., Brazil, Germany",
28081371,Sanders AE,European,NR,"Germany, Finland",
28081371,Sanders AE,Hispanic or Latin American,NR,Brazil,
28081371,Sanders AE,NR,NR,NR,
27883235,Martino DJ,European,NR,Australia,
27883235,Martino DJ,Asian unspecified,NR,Australia,
27883235,Martino DJ,Other,NR,Australia,mixed European and Asian ancestry
27883235,Martino DJ,European,NR,"U.S., Australia, Germany",
27883235,Martino DJ,Other,NR,Australia,mixed European and Asian ancestry
28076899,Taylor KE,East Asian,NR,"China, Japan","Chinese, Japanese"
28076899,Taylor KE,European,NR,"U.S., Denmark, U.K.","European, White, Caucasian"
28076899,Taylor KE,African unspecified,NR,"U.S., U.K.",
28076899,Taylor KE,"Native American, Hispanic or Latin American",NR,"U.S., Argentina, U.K.","Hispanic, Native American"
28076899,Taylor KE,NR,NR,"U.S., Argentina, China, Japan, India, Denmark, U.K.","Mixed, other, unspecified"
28076899,Taylor KE,Asian unspecified,NR,"U.S., China, Japan, India, U.K.",
28073927,Springelkamp H,European,NR,"U.S., Australia, Germany, Netherlands, U.K., NR",Erasmus Rucphen
28073927,Springelkamp H,"South Asian, South East Asian, East Asian",NR,"China, Singapore","Han Chinese, Indian, Malay"
28077804,Ben-Avraham D,European,NR,"U.S., Australia, Iceland, Italy, Netherlands, U.K., NR",
28077804,Ben-Avraham D,European,NR,"U.S., Netherlands, Sweden","Dutch, European American"
28073927,Springelkamp H,European,NR,"U.S., Australia, Germany, Netherlands, U.K., NR","Orcadian, Erasmus Rucphen"
28073927,Springelkamp H,"South East Asian, South Asian, East Asian",NR,"China, Singapore","Han Chinese, Indian, Malay"
28073367,Zeng X,European,NR,Netherlands,
28073367,Zeng X,European,NR,Netherlands,
28070124,Meyers JL,African American or Afro-Caribbean,NR,U.S.,
28072414,Charney AW,European,NR,"U.S., Sweden, U.K.",European and European American
28073367,Zeng X,European,NR,Netherlands,
28073367,Zeng X,European,NR,Netherlands,
28073367,Zeng X,European,NR,Netherlands,
28073367,Zeng X,European,NR,Netherlands,
28073927,Springelkamp H,European,NR,"U.S., Australia, Germany, Netherlands, U.K., NR",Erasmus Rucphen
28073927,Springelkamp H,"South Asian, South East Asian, East Asian",NR,"China, Singapore","Han Chinese, Indian, Malay"
28073927,Springelkamp H,European,NR,"U.S., Australia, Netherlands, Germany, U.K., NR",
28073927,Springelkamp H,"South Asian, South East Asian, East Asian",NR,"China, Singapore","Han Chinese, Indian, Malay"
28067908,de Lange KM,"European, NR",NR,"U.K., NR",
28067912,Lee JC,European,NR,NR,Northern European
28067908,de Lange KM,"NR, European",NR,"U.K., NR",
28067908,de Lange KM,"European, NR",NR,"U.K., NR",
28056976,Paziewska A,European,NR,Poland,Polish
28059113,Hao J,East Asian,NR,China,Han Chinese
28059113,Hao J,East Asian,NR,China,Han Chinese
28056976,Paziewska A,European,NR,Poland,Polish
28062682,Carr DF,Sub-Saharan African,NR,"Malawi, Uganda","Black African, Ugandan"
28062682,Carr DF,Sub-Saharan African,NR,"Malawi, Uganda","Malawian, Ugandan"
28062682,Carr DF,African unspecified,NR,Mozambique,
28062665,Kawashima M,East Asian,NR,Japan,Japanese
28062665,Kawashima M,East Asian,NR,NR,Japanese
28065765,Nagao Y,East Asian,NR,Japan,Japanese
28065765,Nagao Y,European,NR,Italy,Italian
28062682,Carr DF,Sub-Saharan African,NR,"Malawi, Uganda","Black African, Ugandan"
28062682,Carr DF,Sub-Saharan African,NR,"Malawi, Uganda","Malawian, Ugandan"
28062682,Carr DF,Sub-Saharan African,NR,"Malawi, Uganda","Black African, Ugandan"
28062682,Carr DF,Sub-Saharan African,NR,"Malawi, Uganda","Malawian, Ugandan"
28062682,Carr DF,Sub-Saharan African,NR,"Malawi, Uganda","Black African, Ugandan"
28062682,Carr DF,Sub-Saharan African,NR,"Malawi, Uganda","Black African, Ugandan"
28062682,Carr DF,Sub-Saharan African,NR,"Malawi, Uganda","Malawian, Ugandan"
28062682,Carr DF,African unspecified,NR,Mozambique,
28054174,Leslie EJ,European,NR,"U.S., Turkey, Denmark, Norway, Spain",European
28054174,Leslie EJ,"Hispanic or Latin American, African unspecified",NR,"Argentina, Puerto Rico, U.S., Colombia, Guatemala, Nigeria, Ethiopia, Niger",Latinos or Africans
28054174,Leslie EJ,Asian unspecified,NR,"U.S., China, Republic of Korea, Philippines, Singapore, Taiwan",Asian
28054174,Leslie EJ,NR,NR,NR,
28051079,Warner SC,NR,NR,U.K.,British
28054174,Leslie EJ,NR,NR,NR,
28054174,Leslie EJ,European,NR,"U.S., Turkey, Denmark, Norway, Spain",European
28054174,Leslie EJ,"Hispanic or Latin American, African unspecified",NR,"Argentina, Puerto Rico, U.S., Colombia, Guatemala, Nigeria, Ethiopia, Niger",Latinos or Africans
28054174,Leslie EJ,Asian unspecified,NR,"U.S., China, Republic of Korea, Philippines, Singapore, Taiwan",Asian
28054174,Leslie EJ,NR,NR,NR,
28054174,Leslie EJ,European,NR,"U.S., Turkey, Denmark, Norway, Spain",European
28054174,Leslie EJ,"African unspecified, Hispanic or Latin American",NR,"Guatemala, U.S., Colombia, Argentina, Ethiopia, Niger, Nigeria, Puerto Rico",Latinos or Africans
28054174,Leslie EJ,Asian unspecified,NR,"China, Republic of Korea, Philippines, Singapore, Taiwan, U.S.",Asian
28046027,Kim T,East Asian,NR,Republic of Korea,
28046027,Kim T,East Asian,NR,Republic of Korea,
28045058,Kim SW,East Asian,NR,Republic of Korea,Korean
28045058,Kim SW,East Asian,NR,Republic of Korea,Korean
28046027,Kim T,East Asian,NR,Republic of Korea,
28046027,Kim T,East Asian,NR,Republic of Korea,
28046027,Kim T,East Asian,NR,Republic of Korea,
28046027,Kim T,East Asian,NR,Republic of Korea,
28044437,McDonald MN,NR,NR,U.S.,
28044437,McDonald MN,NR,NR,U.S.,
28044437,McDonald MN,NR,NR,U.S.,
28044437,McDonald MN,NR,NR,U.S.,
28044437,McDonald MN,NR,NR,U.S.,
28044437,McDonald MN,NR,NR,U.S.,
28044437,McDonald MN,NR,NR,U.S.,
28222112,Dumitrescu L,European,NR,U.S.,
28222112,Dumitrescu L,"African American or Afro-Caribbean, Hispanic or Latin American, NR",NR,U.S.,
28061514,Nannini DR,Hispanic or Latin American,NR,U.S.,
28061514,Nannini DR,Hispanic or Latin American,NR,U.S.,
28952330,Chen SP,East Asian,NR,Taiwan,
28952330,Chen SP,East Asian,NR,Taiwan,
28317148,Campo C,European,NR,Germany,
28043905,Nicoletti P,European,NR,"Argentina, Finland, Sweden, U.S., Australia, Italy, Netherlands, Chile, Germany, U.K., Uruguay, Switzerland, Spain, France",
28039329,Noordam R,European,NR,"U.S., Iceland, Netherlands, U.K., NR, Republic of Ireland",
28039329,Noordam R,African American or Afro-Caribbean,NR,U.S.,
28039329,Noordam R,Hispanic or Latin American,NR,"U.S., NR",
28043905,Nicoletti P,European,NR,"Argentina, Finland, Sweden, U.S., Australia, Italy, Netherlands, Chile, Germany, U.K., Uruguay, Switzerland, Spain, France",
28039263,Wheeler HE,European,NR,"U.S., Canada",
28039263,Wheeler HE,NR,NR,U.S.,
28039329,Noordam R,European,NR,"U.S., Iceland, Netherlands, U.K., NR, Republic of Ireland",
28039329,Noordam R,African American or Afro-Caribbean,NR,U.S.,
28039329,Noordam R,Hispanic or Latin American,NR,"U.S., NR",
28043905,Nicoletti P,European,NR,"Argentina, Finland, Sweden, U.S., Australia, Italy, Netherlands, Chile, Germany, U.K., Uruguay, Switzerland, Spain, France",
28043905,Nicoletti P,European,NR,"Argentina, Finland, Sweden, U.S., Australia, Italy, Netherlands, Chile, Germany, U.K., Uruguay, Switzerland, Spain, France",
28043905,Nicoletti P,European,NR,"Argentina, Finland, Sweden, U.S., Australia, Italy, Netherlands, Chile, Germany, U.K., Uruguay, Switzerland, Spain, France",
28043905,Nicoletti P,European,NR,"Argentina, Finland, Sweden, U.S., Australia, Italy, Netherlands, Chile, Germany, U.K., Uruguay, Switzerland, Spain, France",
28043905,Nicoletti P,European,NR,"Argentina, Finland, Sweden, U.S., Australia, Italy, Netherlands, Chile, Germany, U.K., Uruguay, Switzerland, Spain, France",
28043905,Nicoletti P,European,NR,"Argentina, Finland, Sweden, U.S., Australia, Italy, Netherlands, Chile, Germany, U.K., Uruguay, Switzerland, Spain, France",
28043905,Nicoletti P,European,NR,"Argentina, Finland, Sweden, U.S., Australia, Italy, Netherlands, Chile, Germany, U.K., Uruguay, Switzerland, Spain, France",
28043905,Nicoletti P,European,NR,"Argentina, Finland, Sweden, U.S., Australia, Italy, Netherlands, Chile, Germany, U.K., Uruguay, Switzerland, Spain, France",
28041642,Carmona FD,European,NR,"U.S., Italy, Netherlands, Canada, Germany, U.K., Switzerland, Spain, France, Republic of Ireland, Norway",
28029757,Merkel PA,European,NR,"U.S., Canada, NR",
28029757,Merkel PA,European,NR,"U.S., Canada, NR",
28040410,Meyers JL,European,NR,U.S.,
28029757,Merkel PA,European,NR,"U.S., Canada, NR",
28029757,Merkel PA,European,NR,"U.S., Canada, NR",
28029757,Merkel PA,European,NR,"U.S., Canada",
28029757,Merkel PA,European,NR,"U.S., Canada",
28025584,da Silva Filho MI,NR,NR,"Italy, Germany, U.K.",
28008999,Ostrowski J,European,NR,Poland,
28008999,Ostrowski J,European,NR,Poland,
28012008,Lu S,European,NR,U.S.,
28008999,Ostrowski J,European,NR,Poland,
28008999,Ostrowski J,European,NR,Poland,
28011674,Ruhle F,European,NR,NR,
28012008,Lu S,European,NR,U.S.,
28012008,Lu S,European,NR,U.S.,
28008999,Ostrowski J,European,NR,Poland,
28008999,Ostrowski J,European,NR,Poland,
28017375,van Rooij FJA,"African American or Afro-Caribbean, European",NR,NR,
28017375,van Rooij FJA,European,NR,NR,
28017375,van Rooij FJA,East Asian,NR,NR,
28017375,van Rooij FJA,African American or Afro-Caribbean,NR,NR,
28002826,D'Adamo CR,European,NR,NR,
28002826,D'Adamo CR,European,NR,NR,
28002826,D'Adamo CR,European,NR,NR,
28002826,D'Adamo CR,European,NR,NR,
28002826,D'Adamo CR,European,NR,NR,
28002826,D'Adamo CR,European,NR,NR,
28017375,van Rooij FJA,"African American or Afro-Caribbean, European",NR,NR,
28017375,van Rooij FJA,European,NR,NR,
28017375,van Rooij FJA,East Asian,NR,NR,
28017375,van Rooij FJA,African American or Afro-Caribbean,NR,NR,
28011712,Foo JN,East Asian,NR,Singapore,
28011712,Foo JN,East Asian,NR,"Republic of Korea, China, Taiwan, China, Hong Kong SAR",
28011712,Foo JN,Asian unspecified,NR,Taiwan,
28011710,Benyamin B,"European, Hispanic or Latin American",NR,U.S.,
28011710,Benyamin B,NR,NR,Australia,
28002826,D'Adamo CR,European,NR,NR,
28002826,D'Adamo CR,European,NR,NR,
28017375,van Rooij FJA,"African American or Afro-Caribbean, European",NR,NR,
28017375,van Rooij FJA,European,NR,NR,
28017375,van Rooij FJA,East Asian,NR,NR,
28017375,van Rooij FJA,African American or Afro-Caribbean,NR,NR,
28017375,van Rooij FJA,"African American or Afro-Caribbean, European",NR,NR,
28017375,van Rooij FJA,European,NR,NR,
28017375,van Rooij FJA,East Asian,NR,NR,
28017375,van Rooij FJA,African American or Afro-Caribbean,NR,NR,
28017375,van Rooij FJA,"African American or Afro-Caribbean, European",NR,NR,
28017375,van Rooij FJA,European,NR,NR,
28017375,van Rooij FJA,East Asian,NR,NR,
28017375,van Rooij FJA,African American or Afro-Caribbean,NR,NR,
28017375,van Rooij FJA,"African American or Afro-Caribbean, European",NR,NR,
28017375,van Rooij FJA,European,NR,NR,
28017375,van Rooij FJA,East Asian,NR,NR,
28017375,van Rooij FJA,African American or Afro-Caribbean,NR,NR,
28011148,Zhang M,East Asian,NR,China,
28011148,Zhang M,East Asian,NR,China,
28078323,Raj T,African American or Afro-Caribbean,NR,"U.S., Nigeria, Niger",
27997041,Traylor M,European,NR,"U.S., Australia, Italy, Germany, U.K., Switzerland",
27997041,Traylor M,European,NR,"NR, U.S.",
27997041,Traylor M,European,NR,"U.S., NR",
27997041,Traylor M,European,NR,"U.S., Australia, Italy, Germany, U.K., Switzerland",
27997041,Traylor M,European,NR,"U.S., Australia, Italy, Germany, U.K., Switzerland",
27997041,Traylor M,European,NR,"U.S., Iceland, NR",
27997041,Traylor M,European,NR,"U.S., Iceland, NR",
27997041,Traylor M,European,NR,"U.S., Australia, Italy, Germany, U.K., Switzerland",
27992416,Lane JM,European,NR,U.K.,
27993963,Schneider BP,European,NR,NR,
27993963,Schneider BP,European,NR,U.S.,
27992416,Lane JM,European,NR,U.K.,
27992413,Ji SG,European,NR,"Finland, Sweden, U.S., Netherlands, Canada, Belgium, Germany, U.K., Spain, Norway",
27992413,Ji SG,European,NR,"U.S., Poland, Canada, Germany, U.K.",
27992416,Lane JM,European,NR,U.K.,
27992416,Lane JM,European,NR,U.K.,
27981573,Zhong WP,East Asian,NR,China,
27976721,Wang Z,East Asian,NR,China,
27976721,Wang Z,East Asian,NR,China,
28000841,Baek SH,East Asian,NR,Republic of Korea,
27957625,Bacchelli E,European,NR,Italy,
27958378,Floyd JS,European,NR,"U.S., Iceland, Netherlands, U.K., NR, Republic of Ireland",
27958378,Floyd JS,African American or Afro-Caribbean,NR,"U.S., NR",
27958378,Floyd JS,Hispanic or Latin American,NR,"U.S., NR",
27989323,Ahola-Olli AV,European,NR,Finland,
27989323,Ahola-Olli AV,European,NR,Finland,
27989323,Ahola-Olli AV,European,NR,Finland,
27989323,Ahola-Olli AV,European,NR,Finland,
27989323,Ahola-Olli AV,European,NR,Finland,
27989323,Ahola-Olli AV,European,NR,Finland,
27989323,Ahola-Olli AV,European,NR,Finland,
27989323,Ahola-Olli AV,European,NR,Finland,
27989323,Ahola-Olli AV,European,NR,Finland,
27989323,Ahola-Olli AV,European,NR,Finland,
27989323,Ahola-Olli AV,European,NR,Finland,
27989323,Ahola-Olli AV,European,NR,Finland,
27989323,Ahola-Olli AV,European,NR,Finland,
27989323,Ahola-Olli AV,European,NR,Finland,
27989323,Ahola-Olli AV,European,NR,Finland,
27989323,Ahola-Olli AV,European,NR,Finland,
27989323,Ahola-Olli AV,European,NR,Finland,
27989323,Ahola-Olli AV,European,NR,Finland,
27989323,Ahola-Olli AV,European,NR,Finland,
27989323,Ahola-Olli AV,European,NR,Finland,
27989323,Ahola-Olli AV,European,NR,Finland,
27989323,Ahola-Olli AV,European,NR,Finland,
27989323,Ahola-Olli AV,European,NR,Finland,
27989323,Ahola-Olli AV,European,NR,Finland,
27989323,Ahola-Olli AV,European,NR,Finland,
27989323,Ahola-Olli AV,European,NR,Finland,
27989323,Ahola-Olli AV,European,NR,Finland,
27989323,Ahola-Olli AV,European,NR,Finland,
27989323,Ahola-Olli AV,European,NR,Finland,
27989323,Ahola-Olli AV,European,NR,Finland,
27989323,Ahola-Olli AV,European,NR,Finland,
27989323,Ahola-Olli AV,European,NR,Finland,
27989323,Ahola-Olli AV,European,NR,Finland,
27989323,Ahola-Olli AV,European,NR,Finland,
27989323,Ahola-Olli AV,European,NR,Finland,
27989323,Ahola-Olli AV,European,NR,Finland,
27989323,Ahola-Olli AV,European,NR,Finland,
27989323,Ahola-Olli AV,European,NR,Finland,
27989323,Ahola-Olli AV,European,NR,Finland,
27989323,Ahola-Olli AV,European,NR,Finland,
27958378,Floyd JS,European,NR,"U.S., Iceland, Netherlands, U.K., NR, Republic of Ireland",
27958378,Floyd JS,African American or Afro-Caribbean,NR,"U.S., NR",
27958378,Floyd JS,Hispanic or Latin American,NR,"U.S., NR",
27989323,Ahola-Olli AV,European,NR,Finland,
27958378,Floyd JS,European,NR,"U.S., Iceland, Netherlands, U.K., NR, Republic of Ireland",
27958378,Floyd JS,African American or Afro-Caribbean,NR,"U.S., NR",
27958378,Floyd JS,Hispanic or Latin American,NR,"U.S., NR",
27941131,Feenstra B,European,NR,Denmark,
27941131,Feenstra B,European,NR,Denmark,
27936112,Kalsi G,East Asian,NR,China,
28049566,Direk N,European,NR,NR,
28049566,Direk N,European,NR,"Sweden, U.S., Australia, Italy, Germany, U.K., Denmark",
28049566,Direk N,East Asian,NR,China,
27927641,Ombrello MJ,NR,NR,"Argentina, U.S., Brazil, Italy, Canada, Turkey, Germany, U.K., Spain",
27927781,Robinson-Cohen C,European,NR,"U.S., NR",
27927781,Robinson-Cohen C,European,NR,NR,
27922604,Yu H,East Asian,NR,China,
27922604,Yu H,East Asian,NR,NR,
27918534,Chu AY,European,NR,"Sweden, U.S., Iceland, Germany, NR",
27918534,Chu AY,African American or Afro-Caribbean,NR,U.S.,
27918534,Chu AY,European,NR,"U.S., Germany, Iceland, Sweden, NR",
27918534,Chu AY,African American or Afro-Caribbean,NR,U.S.,
27918534,Chu AY,European,NR,"U.S., Germany, Iceland, Sweden, NR",
27918534,Chu AY,African American or Afro-Caribbean,NR,U.S.,
27918534,Chu AY,European,NR,"U.S., Germany, Iceland, Sweden, NR",
27918534,Chu AY,African American or Afro-Caribbean,NR,U.S.,
27918534,Chu AY,European,NR,"U.S., Germany, Iceland, Sweden, NR",
27918534,Chu AY,African American or Afro-Caribbean,NR,U.S.,
27918534,Chu AY,European,NR,"U.S., Iceland, NR",
27918534,Chu AY,African American or Afro-Caribbean,NR,U.S.,
27918534,Chu AY,European,NR,"U.S., Iceland, NR",
27918534,Chu AY,African American or Afro-Caribbean,NR,U.S.,
27918534,Chu AY,European,NR,U.S.,
27918534,Chu AY,African American or Afro-Caribbean,NR,U.S.,
27918534,Chu AY,Hispanic or Latin American,NR,U.S.,
27918534,Chu AY,East Asian,NR,U.S.,
27918534,Chu AY,European,NR,U.S.,
27918534,Chu AY,African American or Afro-Caribbean,NR,U.S.,
27918534,Chu AY,Hispanic or Latin American,NR,U.S.,
27918534,Chu AY,East Asian,NR,U.S.,
27918534,Chu AY,European,NR,"U.S., Iceland, NR",
27918534,Chu AY,African American or Afro-Caribbean,NR,U.S.,
27918534,Chu AY,European,NR,"U.S., Iceland, NR",
27918534,Chu AY,African American or Afro-Caribbean,NR,U.S.,
27918534,Chu AY,European,NR,U.S.,
27918534,Chu AY,African American or Afro-Caribbean,NR,U.S.,
27918534,Chu AY,Hispanic or Latin American,NR,U.S.,
27918534,Chu AY,Asian unspecified,NR,U.S.,
27918534,Chu AY,European,NR,U.S.,
27918534,Chu AY,African American or Afro-Caribbean,NR,U.S.,
27918534,Chu AY,Hispanic or Latin American,NR,U.S.,
27918534,Chu AY,Asian unspecified,NR,U.S.,
27918534,Chu AY,European,NR,"U.S., Germany, Iceland, Sweden, NR",
27918534,Chu AY,African American or Afro-Caribbean,NR,U.S.,
27918534,Chu AY,European,NR,"U.S., Germany, Iceland, Sweden, NR",
27918534,Chu AY,African American or Afro-Caribbean,NR,U.S.,
27918534,Chu AY,European,NR,"U.S., Germany, Iceland, Sweden, NR",
27918534,Chu AY,African American or Afro-Caribbean,NR,U.S.,
27918534,Chu AY,European,NR,"U.S., Germany, Iceland, Sweden, NR",
27918534,Chu AY,African American or Afro-Caribbean,NR,U.S.,
27918534,Chu AY,African American or Afro-Caribbean,NR,U.S.,
27918534,Chu AY,European,NR,"U.S., Germany, Iceland, Sweden, NR",
27918534,Chu AY,African American or Afro-Caribbean,NR,U.S.,
27918534,Chu AY,European,NR,"U.S., Germany, Iceland, Sweden, NR",
27918534,Chu AY,European,NR,"Sweden, U.S., Iceland, Germany, NR",
27918534,Chu AY,African American or Afro-Caribbean,NR,U.S.,
27918534,Chu AY,European,NR,"Sweden, U.S., Iceland, Germany, NR",
27918534,Chu AY,African American or Afro-Caribbean,NR,U.S.,
27918534,Chu AY,European,NR,"U.S., Iceland, NR",
27918534,Chu AY,African American or Afro-Caribbean,NR,U.S.,
27918534,Chu AY,European,NR,"U.S., Iceland, NR",
27918534,Chu AY,African American or Afro-Caribbean,NR,U.S.,
27918534,Chu AY,European,NR,U.S.,
27918534,Chu AY,African American or Afro-Caribbean,NR,U.S.,
27918534,Chu AY,Hispanic or Latin American,NR,U.S.,
27918534,Chu AY,East Asian,NR,U.S.,
27918536,Lo MT,European,NR,"U.S., Australia, NR",
27918536,Lo MT,European,NR,"U.S., Australia, NR",
27918536,Lo MT,European,NR,"U.K., NR",
27918536,Lo MT,European,NR,"U.S., Australia, NR",
27918536,Lo MT,European,NR,NR,
27918536,Lo MT,European,NR,"U.S., Australia, NR",
27918536,Lo MT,European,NR,NR,
27918534,Chu AY,African American or Afro-Caribbean,NR,U.S.,
27918534,Chu AY,European,NR,"Sweden, U.S., Iceland, Germany, NR",
27918534,Chu AY,European,NR,U.S.,
27918534,Chu AY,African American or Afro-Caribbean,NR,U.S.,
27918534,Chu AY,Hispanic or Latin American,NR,U.S.,
27918534,Chu AY,Asian unspecified,NR,U.S.,
27918534,Chu AY,European,NR,"Sweden, U.S., Iceland, Germany, NR",
27918534,Chu AY,African American or Afro-Caribbean,NR,U.S.,
27918536,Lo MT,European,NR,"U.S., Australia, NR",
27915449,Corre T,European,NR,"Italy, U.K., Croatia, Switzerland",
27901618,Gref A,European,NR,"Sweden, Netherlands, Germany",
27901618,Gref A,European,NR,"U.S., Canada",
27899403,Jones GT,European,NR,"U.S., Australia, Iceland, Netherlands, U.K., New Zealand",
27899403,Jones GT,NR,NR,"U.S., Australia, U.K.",
27899403,Jones GT,European,NR,"Poland, Italy, Canada, Belgium, New Zealand",
27899376,Nakayama A,East Asian,NR,Japan,
27899376,Nakayama A,East Asian,NR,Japan,
27899376,Nakayama A,East Asian,NR,Japan,
27899376,Nakayama A,East Asian,NR,Japan,
27899376,Nakayama A,European,NR,NR,
27899376,Nakayama A,Oceanian,NR,New Zealand,
27898682,Lotta LA,European,NR,"Germany, U.K.",
27898682,Lotta LA,European,NR,"Germany, U.K.",
27898682,Lotta LA,European,NR,"Germany, U.K.",
27899376,Nakayama A,East Asian,NR,Japan,
27899376,Nakayama A,East Asian,NR,Japan,
27911795,Schumann G,European,NR,"Finland, Sweden, Italy, Netherlands, U.K., Austria, France, Republic of Ireland",
27911795,Schumann G,European,NR,"Finland, U.S., Australia, Iceland, Netherlands, Germany, U.K., Switzerland, Estonia, NR",
27911795,Schumann G,European,NR,"Finland, U.S., Italy, Netherlands, U.K., Austria, Republic of Ireland",
27911795,Schumann G,European,NR,"Finland, U.S., Australia, Iceland, Netherlands, Germany, U.K., Switzerland, Estonia, NR, France",
28031287,Sasayama D,East Asian,NR,Japan,
27863252,Astle WJ,European,NR,U.K.,
27863252,Astle WJ,European,NR,U.K.,
27863252,Astle WJ,European,NR,U.K.,
27863252,Astle WJ,European,NR,U.K.,
27863252,Astle WJ,European,NR,U.K.,
27863252,Astle WJ,European,NR,U.K.,
27863252,Astle WJ,European,NR,U.K.,
27863252,Astle WJ,European,NR,U.K.,
27863252,Astle WJ,European,NR,U.K.,
27863252,Astle WJ,European,NR,U.K.,
27863252,Astle WJ,European,NR,U.K.,
27863252,Astle WJ,European,NR,U.K.,
27863252,Astle WJ,European,NR,U.K.,
27863252,Astle WJ,European,NR,U.K.,
27863252,Astle WJ,European,NR,U.K.,
27863252,Astle WJ,European,NR,U.K.,
27863252,Astle WJ,European,NR,U.K.,
27863252,Astle WJ,European,NR,U.K.,
27863252,Astle WJ,European,NR,U.K.,
27863252,Astle WJ,European,NR,U.K.,
27863252,Astle WJ,European,NR,U.K.,
27863252,Astle WJ,European,NR,U.K.,
27863252,Astle WJ,European,NR,U.K.,
27863252,Astle WJ,European,NR,U.K.,
27863252,Astle WJ,European,NR,U.K.,
27863252,Astle WJ,European,NR,U.K.,
27863252,Astle WJ,European,NR,U.K.,
27863252,Astle WJ,European,NR,U.K.,
27863252,Astle WJ,European,NR,U.K.,
27863252,Astle WJ,European,NR,U.K.,
27863252,Astle WJ,European,NR,U.K.,
27863252,Astle WJ,European,NR,U.K.,
27863252,Astle WJ,European,NR,U.K.,
27863252,Astle WJ,European,NR,U.K.,
27863252,Astle WJ,European,NR,U.K.,
27863252,Astle WJ,European,NR,U.K.,
28171582,Gao X,Hispanic or Latin American,NR,U.S.,
28171582,Gao X,Hispanic or Latin American,NR,U.S.,
27846281,Galesloot TE,European,NR,"Italy, Netherlands",
27846281,Galesloot TE,European,NR,Netherlands,
27846281,Galesloot TE,NR,NR,Netherlands,
27846281,Galesloot TE,NR,NR,Netherlands,
27846281,Galesloot TE,European,NR,"Italy, Netherlands",
27846281,Galesloot TE,NR,NR,Netherlands,
27846281,Galesloot TE,European,NR,"Italy, Netherlands",
27846281,Galesloot TE,NR,NR,Netherlands,
27846195,Li Q,European,NR,NR,
27839851,Lind L,European,NR,Sweden,
27846195,Li Q,European,NR,NR,
27846195,Li Q,European,NR,NR,
27846195,Li Q,European,NR,NR,
27846195,Li Q,European,NR,NR,
27824142,Lin H,European,NR,NR,
27824142,Lin H,European,NR,NR,
27816938,Tanaka T,European,NR,U.S.,
27816938,Tanaka T,African American or Afro-Caribbean,NR,U.S.,
27816938,Tanaka T,NR,NR,"U.S., NR",
27790247,He L,European,NR,NR,
27790247,He L,European,NR,NR,
27790247,He L,European,NR,NR,
27790247,He L,European,NR,NR,
27790247,He L,European,NR,NR,
27790247,He L,European,NR,NR,
27723757,Jin Y,European,NR,"U.S., NR",
27723757,Jin Y,European,NR,"U.S., NR",
27487801,Wu S,East Asian,NR,China,
27487801,Wu S,Other admixed ancestry,NR,China,
27454463,Jones AV,European,NR,NR,
27668658,Iotchkova V,European,NR,"U.S., Germany, U.K., Greece, Italy",
27668658,Iotchkova V,European,NR,"Netherlands, Germany, Sweden, U.K., Italy",
27802415,Salvi E,European,NR,"Finland, Sweden, U.S., Norway",
27802415,Salvi E,African American or Afro-Caribbean,NR,U.S.,
27798627,Barban N,European,NR,"U.S., Australia, Austria, Germany, Netherlands, Denmark, Estonia, Finland, Iceland, Norway, Sweden, U.K., Croatia, Greece, Italy, NR",
27798627,Barban N,European,NR,"U.S., Australia, Austria, Germany, Netherlands, Denmark, Estonia, Finland, Iceland, Norway, Sweden, U.K., Croatia, Greece, Italy, NR",
27798627,Barban N,European,NR,"U.S., Australia, Austria, Germany, Netherlands, Denmark, Estonia, Finland, Iceland, Norway, Sweden, U.K., Croatia, Greece, Italy, NR",
27798627,Barban N,European,NR,"Australia, Austria, Germany, Netherlands, Denmark, Estonia, Finland, Iceland, Norway, Sweden, U.K., Croatia, Greece, Italy, NR, U.S.",
27798627,Barban N,European,NR,"Australia, U.S., Austria, Germany, Netherlands, Denmark, Estonia, Finland, Iceland, Norway, Sweden, U.K., Croatia, Greece, Italy, NR",
27798624,Eppinga RN,Asian unspecified,NR,U.K.,
27798624,Eppinga RN,African unspecified,NR,U.K.,
27798624,Eppinga RN,Other,NR,U.K.,
27798624,Eppinga RN,European,U.K.,NR,
27798624,Eppinga RN,NR,NR,U.K.,
27798624,Eppinga RN,European,NR,"U.S., Iceland, Netherlands",
27802415,Salvi E,European,NR,"Finland, Sweden, U.S., Norway",
27802415,Salvi E,African American or Afro-Caribbean,NR,U.S.,
27798627,Barban N,European,NR,"U.S., Australia, Austria, Germany, Netherlands, Denmark, Estonia, Finland, Iceland, Norway, Sweden, U.K., Croatia, Greece, Italy, NR",
26503814,Hardin M,European,NR,"U.S., New Zealand, NR, Norway",
26503814,Hardin M,African American or Afro-Caribbean,NR,U.S.,
27777418,Wong ML,Hispanic or Latin American,Mexico,U.S.,
27770449,Tamm R,European,NR,"Germany, Estonia",
27797806,Muller SH,European,NR,"U.S., Canada, Germany, Austria",
27797806,Muller SH,European,NR,"U.S., Germany, Spain, NR",
27770636,Mez J,African American or Afro-Caribbean,NR,U.S.,
27764096,Hoffmann TJ,European,NR,U.S.,
27764096,Hoffmann TJ,Hispanic or Latin American,NR,U.S.,
27764096,Hoffmann TJ,East Asian,NR,U.S.,
27764096,Hoffmann TJ,African American or Afro-Caribbean,NR,U.S.,
27764105,Lemmela S,European,NR,Finland,
27764105,Lemmela S,European,NR,Finland,
27890468,van Hulzen KJE,"NR, European",NR,NR,
27890468,van Hulzen KJE,European,NR,NR,
27890468,van Hulzen KJE,NR,NR,NR,
27980656,Justice AE,Hispanic or Latin American,NR,U.S.,
27890468,van Hulzen KJE,"NR, European",NR,NR,
27890468,van Hulzen KJE,European,NR,NR,
27890468,van Hulzen KJE,NR,NR,NR,
27749845,Lesseur C,"NR, European",NR,"Argentina, Sweden, U.S., Poland, Cuba, Czech Republic, Brazil, Italy, Russian Federation, Netherlands, Romania, Greece, Canada, Germany, U.K., Croatia, Spain, Slovakia, France, Republic of Ireland, Norway",
27749845,Lesseur C,NR,NR,NR,
27749845,Lesseur C,European,NR,"Argentina, Sweden, U.S., Poland, Cuba, Czech Republic, Brazil, Italy, Russian Federation, Netherlands, Romania, Greece, Canada, Germany, U.K., Croatia, Spain, Slovakia, France, Republic of Ireland, Norway",
27749845,Lesseur C,NR,NR,NR,
27749845,Lesseur C,European,NR,"Argentina, Sweden, U.S., Poland, Cuba, Czech Republic, Brazil, Italy, Russian Federation, Netherlands, Romania, Greece, Canada, Germany, U.K., Croatia, Spain, Slovakia, France, Republic of Ireland, Norway",
27749845,Lesseur C,NR,NR,NR,
27764800,Cox DG,European,NR,France,
27964859,Zhang M,East Asian,NR,China,
27964859,Zhang M,Other,NR,China,
27764800,Cox DG,European,NR,France,
27764800,Cox DG,European,NR,France,
27680694,Horikoshi M,European,NR,"U.S., Australia, Germany, Netherlands, Switzerland, Denmark, Finland, U.K., Greece, Spain",
27680694,Horikoshi M,Other admixed ancestry,NR,Netherlands,
27680694,Horikoshi M,African American or Afro-Caribbean,NR,U.S.,
27680694,Horikoshi M,"Greater Middle Eastern (Middle Eastern, North African or Persian)",NR,Netherlands,
27680694,Horikoshi M,European,NR,"Denmark, Germany, Finland, Greece",
27680694,Horikoshi M,Asian unspecified,NR,Philippines,
27680694,Horikoshi M,East Asian,NR,Singapore,
27680694,Horikoshi M,Other,NR,Netherlands,
27723756,Wang J,European,NR,Germany,
27723756,Wang J,European,NR,Germany,
27723756,Wang J,European,NR,Germany,
27723779,Gong J,European,NR,"U.S., Australia, Canada, Germany, NR, France",
27723779,Gong J,European,NR,"U.S., Australia, Canada, Germany, NR, France",
27723809,Matsunami K,East Asian,NR,Japan,
27723809,Matsunami K,East Asian,NR,NR,
27723758,Bronson PG,European,NR,NR,
27758888,Ingle JN,African American or Afro-Caribbean,NR,NR,
27758888,Ingle JN,European,NR,NR,
27758888,Ingle JN,Asian unspecified,NR,NR,
28364478,Sulkava S,European,NR,Finland,
28364478,Sulkava S,European,NR,Finland,
27704462,Moura Rodrigues R,European,NR,Spain,
27704462,Moura Rodrigues R,Hispanic or Latin American,NR,Brazil,
27701424,Castano-Betancourt MC,European,NR,"U.S., U.K., NR",
27701424,Castano-Betancourt MC,European,NR,"U.S., Netherlands, U.K.",
27701424,Castano-Betancourt MC,NR,NR,Netherlands,
27701424,Castano-Betancourt MC,NR,NR,"U.S., Netherlands, U.K.",
27702941,Cornelis MC,European,NR,"Sweden, U.K.",
27702941,Cornelis MC,European,NR,Switzerland,
27702941,Cornelis MC,European,NR,"Germany, U.K.",
27702941,Cornelis MC,European,NR,Switzerland,
27702941,Cornelis MC,European,NR,"Germany, U.K.",
27702942,Tang CS,European,NR,"U.S., Italy, Netherlands, Spain, France",
27702942,Tang CS,East Asian,NR,NR,
27694927,Vijayakrishnan J,European,NR,"Germany, U.K., NR",
27694927,Vijayakrishnan J,NR,NR,NR,
27694927,Vijayakrishnan J,European,NR,Germany,
27694959,Bonder MJ,European,NR,Netherlands,
27694959,Bonder MJ,European,NR,Netherlands,
27694991,Adams HH,European,NR,NR,
27694991,Adams HH,European,NR,NR,
27694991,Adams HH,African American or Afro-Caribbean,NR,U.S.,
27694991,Adams HH,"East Asian, Asian unspecified",NR,NR,
27694991,Adams HH,Hispanic or Latin American,NR,U.S.,
27702941,Cornelis MC,European,NR,Switzerland,
27702941,Cornelis MC,European,NR,"Sweden, Germany, U.K.",
27694959,Bonder MJ,European,NR,Netherlands,
27694959,Bonder MJ,European,NR,Netherlands,
27702941,Cornelis MC,European,NR,Switzerland,
27702941,Cornelis MC,European,NR,"Sweden, Germany, U.K.",
27702941,Cornelis MC,European,NR,Switzerland,
27702941,Cornelis MC,European,NR,"Germany, U.K.",
27618448,Liu C,South Asian,NR,"Bangladesh, Pakistan",
27618448,Liu C,European,NR,"U.S., Germany, Netherlands, Iceland",
27618448,Liu C,African American or Afro-Caribbean,NR,U.S.,
27618448,Liu C,Hispanic or Latin American,NR,U.S.,
27618448,Liu C,European,NR,"France, Germany, Netherlands, Denmark, Finland, Republic of Ireland, Norway, Sweden, U.K., Greece, Italy, Spain, NR",
27618448,Liu C,South Asian,NR,"Bangladesh, Pakistan",
27618448,Liu C,European,NR,"U.S., Germany, Netherlands, Iceland",
27618448,Liu C,African American or Afro-Caribbean,NR,U.S.,
27618448,Liu C,Hispanic or Latin American,NR,U.S.,
27618448,Liu C,European,NR,"Germany, Netherlands, Denmark, Finland, Republic of Ireland, Norway, Sweden, U.K., Greece, Italy, Spain, France, NR",
27618448,Liu C,South Asian,NR,"Bangladesh, Pakistan",
27618448,Liu C,European,NR,"U.S., Germany, Netherlands, Iceland",
27618448,Liu C,African American or Afro-Caribbean,NR,U.S.,
27618448,Liu C,Hispanic or Latin American,NR,U.S.,
27618448,Liu C,European,NR,"France, Germany, Netherlands, Denmark, Finland, Republic of Ireland, Norway, Sweden, U.K., Greece, Italy, Spain, NR",
27618448,Liu C,South Asian,NR,"Bangladesh, Pakistan",
27618448,Liu C,European,NR,"U.S., Germany, Netherlands, Iceland",
27618448,Liu C,African American or Afro-Caribbean,NR,U.S.,
27618448,Liu C,Hispanic or Latin American,NR,U.S.,
27618448,Liu C,European,NR,"France, Germany, Netherlands, Denmark, Finland, Republic of Ireland, Norway, Sweden, U.K., Greece, Italy, Spain, NR",
27618447,Surendran P,European,NR,"U.S., Germany, Netherlands, Denmark, Estonia, Finland, Sweden, U.K., Croatia, NR",
27618447,Surendran P,South Asian,NR,"Bangladesh, Pakistan",
27618447,Surendran P,European,NR,NR,
27618447,Surendran P,South Asian,NR,U.K.,
27618447,Surendran P,Hispanic or Latin American,NR,NR,
27618447,Surendran P,African American or Afro-Caribbean,NR,NR,
27618447,Surendran P,European,NR,"Germany, Netherlands, Denmark, U.S., Estonia, Finland, Sweden, U.K., Croatia, NR",
27618447,Surendran P,South Asian,NR,"Bangladesh, Pakistan",
27618447,Surendran P,European,NR,NR,
27618447,Surendran P,South Asian,NR,U.K.,
27618447,Surendran P,Hispanic or Latin American,NR,NR,
27618447,Surendran P,African American or Afro-Caribbean,NR,NR,
27618447,Surendran P,European,NR,"Germany, Netherlands, Denmark, Estonia, U.S., Finland, Sweden, U.K., Croatia, NR",
27618447,Surendran P,South Asian,NR,"Bangladesh, Pakistan",
27618447,Surendran P,European,NR,NR,
27618447,Surendran P,South Asian,NR,U.K.,
27618447,Surendran P,Hispanic or Latin American,NR,NR,
27618447,Surendran P,African American or Afro-Caribbean,NR,NR,
27618447,Surendran P,European,NR,"U.S., Germany, Netherlands, Denmark, Estonia, Finland, Sweden, U.K., Croatia, NR",
27618447,Surendran P,South Asian,NR,"Bangladesh, Pakistan",
27618447,Surendran P,European,NR,NR,
27618447,Surendran P,South Asian,NR,U.K.,
27618447,Surendran P,Hispanic or Latin American,NR,NR,
27618447,Surendran P,African American or Afro-Caribbean,NR,NR,
27696742,Yau MS,European,NR,U.S.,
27696742,Yau MS,European,NR,NR,
27618448,Liu C,European,NR,"U.S., Germany, Netherlands, Iceland",
27618448,Liu C,African American or Afro-Caribbean,NR,U.S.,
27618448,Liu C,Hispanic or Latin American,NR,U.S.,
27769005,Nassan M,European,NR,U.S.,
27769005,Nassan M,European,NR,U.S.,
27670397,Reyes-Gibby CC,European,NR,U.S.,
27670397,Reyes-Gibby CC,European,NR,U.S.,
27659466,van der Harst P,African American or Afro-Caribbean,NR,U.S.,
27659466,van der Harst P,South Asian,NR,U.K.,
27659466,van der Harst P,European,NR,"U.S., Italy, Netherlands, Germany, U.K., Croatia, Republic of Ireland",
27659466,van der Harst P,European,NR,Netherlands,
27659466,van der Harst P,African American or Afro-Caribbean,NR,U.S.,
27659466,van der Harst P,South Asian,NR,U.K.,
27659466,van der Harst P,European,NR,"U.S., Italy, Netherlands, Germany, U.K., Croatia, Republic of Ireland",
27659466,van der Harst P,European,NR,Netherlands,
27659466,van der Harst P,African American or Afro-Caribbean,NR,U.S.,
27659466,van der Harst P,South Asian,NR,U.K.,
27659466,van der Harst P,European,NR,"U.S., Italy, Netherlands, Germany, U.K., Croatia, Republic of Ireland",
27659466,van der Harst P,European,NR,Netherlands,
27659466,van der Harst P,African American or Afro-Caribbean,NR,U.S.,
27659466,van der Harst P,South Asian,NR,U.K.,
27659466,van der Harst P,European,NR,"U.S., Italy, Netherlands, Germany, U.K., Croatia, Republic of Ireland",
27659466,van der Harst P,European,NR,Netherlands,
27670767,Chang SW,European,NR,"Puerto Rico, U.S.",
27670767,Chang SW,Hispanic or Latin American,NR,"Puerto Rico, U.S.",
27670767,Chang SW,African American or Afro-Caribbean,NR,"Puerto Rico, U.S.",
27669169,Chang IS,East Asian,NR,China,
27669169,Chang IS,NR,NR,NR,
27669169,Chang IS,East Asian,NR,China,
27665939,Liang KH,East Asian,NR,Taiwan,
27665939,Liang KH,East Asian,NR,Taiwan,
27669027,Boueiz A,NR,NR,NR,
27669027,Boueiz A,European,NR,U.S.,
27669027,Boueiz A,African American or Afro-Caribbean,NR,U.S.,
27669027,Boueiz A,European,NR,Norway,
27671213,Petros Z,Sub-Saharan African,NR,Ethiopia,
27671213,Petros Z,Sub-Saharan African,NR,Ethiopia,
27671502,Blokland GAM,European,NR,NR,
27671502,Blokland GAM,NR,NR,NR,
27664181,Kawamura R,East Asian,NR,Japan,
27664181,Kawamura R,East Asian,NR,NR,
27656889,Alemany S,European,NR,NR,
27656889,Alemany S,European,NR,Spain,
27656708,Zhang W,NR,NR,U.S.,
27656708,Zhang W,European,NR,NR,
27656708,Zhang W,South Asian,NR,NR,
27656708,Zhang W,European,NR,U.K.,
27650483,Kramer HJ,Hispanic or Latin American,NR,U.S.,
27647854,Sandholm N,NR,NR,"Poland, U.K., Austria",
27647854,Sandholm N,European,NR,"Finland, Sweden",
27647854,Sandholm N,European,NR,Finland,
27647854,Sandholm N,NR,NR,NR,
27647854,Sandholm N,European,NR,"Finland, Sweden",
27647854,Sandholm N,NR,NR,"Poland, U.K., Austria",
27647854,Sandholm N,NR,NR,NR,
27647854,Sandholm N,European,NR,"Finland, Sweden",
27647854,Sandholm N,NR,NR,"Poland, U.K., Austria",
27647854,Sandholm N,NR,NR,NR,
27647854,Sandholm N,European,NR,"Finland, Sweden",
27647854,Sandholm N,NR,NR,"Poland, U.K., Austria",
27647854,Sandholm N,NR,NR,NR,
27647854,Sandholm N,European,NR,"Finland, Sweden",
27647854,Sandholm N,NR,NR,"Poland, U.K., Austria",
27647854,Sandholm N,European,NR,Finland,
27647854,Sandholm N,NR,NR,NR,
27647854,Sandholm N,NR,NR,NR,
27647854,Sandholm N,European,NR,"Finland, Sweden",
27647854,Sandholm N,NR,NR,"Poland, U.K., Austria",
27647854,Sandholm N,European,NR,"Finland, Sweden",
27647854,Sandholm N,NR,NR,"Poland, U.K., Austria",
27647854,Sandholm N,European,NR,Finland,
27647854,Sandholm N,NR,NR,NR,
27632927,Einarsdottir E,European,NR,Finland,
27632927,Einarsdottir E,European,NR,Finland,
27632927,Einarsdottir E,NR,NR,U.K.,
27632927,Einarsdottir E,European,NR,Finland,
27629369,Gao J,European,NR,U.S.,
27629369,Gao J,African American or Afro-Caribbean,NR,U.S.,
27629369,Gao J,Hispanic or Latin American,NR,U.S.,
27629369,Gao J,NR,NR,U.S.,
27639821,Scherag A,European,NR,Germany,
27639821,Scherag A,NR,NR,NR,
27629369,Gao J,European,NR,U.S.,
27629369,Gao J,African American or Afro-Caribbean,NR,U.S.,
27629369,Gao J,Hispanic or Latin American,NR,U.S.,
27629369,Gao J,NR,NR,U.S.,
27629369,Gao J,European,NR,U.S.,
27629369,Gao J,African American or Afro-Caribbean,NR,U.S.,
27629369,Gao J,Hispanic or Latin American,NR,U.S.,
27629369,Gao J,NR,NR,U.S.,
27623749,Hwang JY,East Asian,NR,Republic of Korea,
27623749,Hwang JY,East Asian,NR,Republic of Korea,
27629089,Sailer A,European,NR,"U.S., Italy, Netherlands, Portugal, Germany, U.K., Spain, Austria, Denmark",
27629089,Sailer A,European,NR,"U.S., Italy, Netherlands, Portugal, Germany, U.K., Spain, Austria, Denmark",
27622933,Li QS,European,NR,NR,
27623284,Verma SS,African unspecified,NR,U.S.,
27623284,Verma SS,European,NR,U.S.,
27623284,Verma SS,Other,NR,U.S.,
27622933,Li QS,European,NR,NR,
27622933,Li QS,European,NR,NR,
27622933,Li QS,European,NR,NR,
27622933,Li QS,European,NR,NR,
27622933,Li QS,European,NR,NR,
27622933,Li QS,European,NR,NR,
27622933,Li QS,European,NR,NR,
27622933,Li QS,European,NR,NR,
27622933,Li QS,European,NR,NR,
27622933,Li QS,European,NR,NR,
27622933,Li QS,European,NR,NR,
27618452,Ehret GB,European,NR,NR,
27618452,Ehret GB,European,NR,U.K.,
27618452,Ehret GB,European,NR,NR,
27618452,Ehret GB,European,NR,U.K.,
28173075,Niu N,East Asian,NR,NR,
28173075,Niu N,European,NR,NR,
28173075,Niu N,African American or Afro-Caribbean,NR,U.S.,
27643478,Powers A,African American or Afro-Caribbean,NR,U.S.,
27611488,Almoguera B,African American or Afro-Caribbean,NR,U.S.,
27611488,Almoguera B,European,NR,U.S.,
27611488,Almoguera B,African American or Afro-Caribbean,NR,U.S.,
27611488,Almoguera B,European,NR,U.S.,
27611488,Almoguera B,European,NR,U.S.,
27611488,Almoguera B,African American or Afro-Caribbean,NR,U.S.,
27599772,Ram R,"Greater Middle Eastern (Middle Eastern, North African or Persian)",NR,NR,
27599772,Ram R,"Greater Middle Eastern (Middle Eastern, North African or Persian)",NR,NR,
27601451,Sanders AE,Hispanic or Latin American,NR,U.S.,
27601451,Sanders AE,European,NR,U.S.,
27601451,Sanders AE,African American or Afro-Caribbean,NR,U.S.,
27476799,Nielson CM,European,NR,"U.S., Iceland",
27476799,Nielson CM,NR,NR,"U.S., Iceland",
27612410,van der Plaat DA,NR,NR,Netherlands,
27612410,van der Plaat DA,NR,NR,Netherlands,
27595289,Goyal RK,European,NR,NR,
27595289,Goyal RK,European,NR,NR,
28171663,Huo D,Sub-Saharan African,NR,"Nigeria, Niger",
28171663,Huo D,African American or Afro-Caribbean,NR,U.S.,
28171663,Huo D,African American or Afro-Caribbean,NR,U.S.,
28171663,Huo D,Sub-Saharan African,NR,"Nigeria, Niger",
28171663,Huo D,African American or Afro-Caribbean,NR,U.S.,
28171663,Huo D,African American or Afro-Caribbean,NR,U.S.,
28171663,Huo D,Sub-Saharan African,NR,"Nigeria, Niger",
28171663,Huo D,African American or Afro-Caribbean,NR,U.S.,
28171663,Huo D,African American or Afro-Caribbean,NR,U.S.,
27587472,Postmus I,European,NR,"U.S., Netherlands, U.K., NR, Republic of Ireland",
27587472,Postmus I,European,NR,"U.S., Iceland, Netherlands",
27500523,Zhou K,European,NR,NR,
27500523,Zhou K,European,NR,"U.S., NR",
27500523,Zhou K,African American or Afro-Caribbean,NR,U.S.,
27500523,Zhou K,Asian unspecified,NR,U.S.,
27500523,Zhou K,Hispanic or Latin American,NR,U.S.,
27588450,Mahajan A,European,NR,"Sweden, U.S., Australia",
27588450,Mahajan A,East Asian,NR,Japan,
27588450,Mahajan A,Hispanic or Latin American,NR,U.S.,
27588450,Mahajan A,African American or Afro-Caribbean,NR,U.S.,
27576016,Zhao B,European,NR,U.S.,
27576016,Zhao B,European,NR,U.S.,
27577874,Evans DS,African American or Afro-Caribbean,NR,U.S.,
27577874,Evans DS,European,NR,NR,
28580392,Taylor KC,African American or Afro-Caribbean,NR,U.S.,
27564568,Liu C,European,NR,NR,
27564568,Liu C,African unspecified,NR,NR,
27564568,Liu C,Hispanic or Latin American,NR,NR,
27564568,Liu C,Asian unspecified,NR,NR,
27564568,Liu C,NR,NR,NR,
27560520,Shaffer JR,European,NR,U.S.,
27560520,Shaffer JR,European,NR,U.S.,
27560520,Shaffer JR,European,NR,U.S.,
27560520,Shaffer JR,European,NR,U.S.,
27560520,Shaffer JR,European,NR,U.S.,
27560520,Shaffer JR,European,NR,U.S.,
27560520,Shaffer JR,European,NR,U.S.,
27560520,Shaffer JR,European,NR,U.S.,
27560520,Shaffer JR,European,NR,U.S.,
27560520,Shaffer JR,European,NR,U.S.,
27560520,Shaffer JR,European,NR,U.S.,
27560520,Shaffer JR,European,NR,U.S.,
27569725,Yang SK,East Asian,NR,Republic of Korea,
27569725,Yang SK,East Asian,NR,Republic of Korea,
27561104,Pirastu N,European,NR,Italy,
27561104,Pirastu N,European,NR,Netherlands,
27558924,Kim HS,East Asian,NR,Republic of Korea,
27558924,Kim HS,East Asian,NR,"Republic of Korea, Japan",
27559109,Bustamante M,European,NR,"Netherlands, U.K., Spain",
27559109,Bustamante M,European,NR,"U.K., Norway",
27559109,Bustamante M,European,NR,"Netherlands, Germany, U.K.",
27559109,Bustamante M,European,NR,"U.S., Netherlands, Germany, U.K.",
27559109,Bustamante M,European,NR,"Netherlands, U.K., Spain",
27559109,Bustamante M,European,NR,"U.K., Spain",
27559109,Bustamante M,European,NR,"Netherlands, Germany, U.K.",
27559109,Bustamante M,European,NR,"U.S., Netherlands, U.K., Spain",
27545300,Hao J,East Asian,NR,China,
27545300,Hao J,East Asian,NR,China,
27568811,Marinelli M,European,NR,"Finland, Spain",
27568811,Marinelli M,European,NR,"Netherlands, Germany, U.K., Spain",
27539887,Chahal HS,European,NR,U.S.,
27539887,Chahal HS,European,NR,U.S.,
27531626,Polimanti R,African American or Afro-Caribbean,NR,U.S.,
27531626,Polimanti R,European,NR,U.S.,
27529621,Otowa T,East Asian,NR,Japan,
27529621,Otowa T,East Asian,NR,Japan,
27529621,Otowa T,East Asian,NR,Japan,
27529621,Otowa T,East Asian,NR,Japan,
27527254,Gharahkhani P,European,NR,"Australia, Germany, U.K.",
27527254,Gharahkhani P,European,NR,"Australia, Germany, U.K.",
27527254,Gharahkhani P,European,NR,"Australia, Germany, U.K.",
27501781,Shiraishi K,East Asian,NR,Japan,
27501781,Shiraishi K,East Asian,NR,Japan,
27506219,Wang W,East Asian,NR,China,
27506219,Wang W,East Asian,NR,China,
27503288,Song IW,East Asian,NR,China,
27503288,Song IW,East Asian,NR,China,
27494321,Jones SE,European,NR,U.K.,
27494321,Jones SE,NR,NR,NR,
27494321,Jones SE,European,NR,U.K.,
27494321,Jones SE,European,NR,U.K.,
27494321,Jones SE,European,NR,U.K.,
27494321,Jones SE,European,NR,U.K.,
27494321,Jones SE,European,NR,U.K.,
27494321,Jones SE,NR,NR,NR,
27663945,Middeldorp CM,NR,NR,"U.S., Australia, NR",
27490719,Bacelis J,European,NR,Norway,
27490719,Bacelis J,European,NR,Norway,
27490719,Bacelis J,European,NR,Norway,
27490719,Bacelis J,European,NR,Norway,
27490719,Bacelis J,European,NR,Norway,
27490719,Bacelis J,European,NR,Norway,
27485664,Bonfiglio F,"NR, European",NR,"Finland, Sweden, U.K.",
27545685,Biernacka JM,NR,NR,U.S.,
27488534,Patel YM,European,NR,U.S.,
27488534,Patel YM,African American or Afro-Caribbean,NR,U.S.,
27488534,Patel YM,Hispanic or Latin American,NR,U.S.,
27488534,Patel YM,East Asian,NR,U.S.,
27488534,Patel YM,Oceanian,NR,U.S.,
27480026,Liu X,East Asian,NR,China,
27480026,Liu X,East Asian,NR,China,
27492634,Du Y,European,NR,U.S.,
27271309,Li C,East Asian,NR,China,
27271309,Li C,East Asian,NR,U.S.,
27271309,Li C,East Asian,NR,China,
27271309,Li C,East Asian,NR,U.S.,
27479909,Hyde CL,European,NR,NR,
27479909,Hyde CL,European,NR,NR,
27271309,Li C,East Asian,NR,China,
27271309,Li C,East Asian,NR,U.S.,
27271309,Li C,East Asian,NR,China,
27271309,Li C,East Asian,NR,U.S.,
27271309,Li C,East Asian,NR,China,
27271309,Li C,East Asian,NR,U.S.,
27271309,Li C,East Asian,NR,China,
27271309,Li C,East Asian,NR,U.S.,
27271309,Li C,East Asian,NR,China,
27271309,Li C,East Asian,NR,U.S.,
27579533,Zhang M,European,NR,NR,
27579533,Zhang M,NR,NR,"U.S., Australia, Canada",
27492634,Du Y,European,U.S.,NR,
27492634,Du Y,European,NR,U.S.,
27492634,Du Y,European,U.S.,NR,
27492634,Du Y,NR,NR,U.S.,
27271309,Li C,East Asian,NR,China,
27271309,Li C,East Asian,NR,U.S.,
27339598,Ulveling D,European,NR,France,
27455349,Minster RL,Oceanian,Samoa,Samoa,
27455349,Minster RL,Oceanian,NR,"American Samoa, Samoa",
27455348,van Rheenen W,European,NR,"U.S., Belgium, France, Germany, Netherlands, Switzerland, Finland, Republic of Ireland, Sweden, U.K., Italy, Portugal, Spain",
27455348,van Rheenen W,European,NR,"Australia, Belgium, France, Germany, Netherlands, Turkey, Republic of Ireland, Italy",
26202629,Johnson EO,African American or Afro-Caribbean,NR,U.S.,
26202629,Johnson EO,African American or Afro-Caribbean,NR,U.S.,
26202629,Johnson EO,European,NR,U.S.,
26202629,Johnson EO,European,NR,U.S.,
27439200,Nieuwenhuis MA,NR,NR,Netherlands,
27439200,Nieuwenhuis MA,European,NR,"U.S., Germany, U.K., Austria",
27439200,Nieuwenhuis MA,NR,NR,NR,
27515689,Kerns SL,European,NR,"U.S., Canada, Spain",
27515689,Kerns SL,European,NR,"U.S., Canada, Spain",
27515689,Kerns SL,European,NR,"U.S., Canada, Spain",
27515689,Kerns SL,European,NR,"U.S., Canada, Spain",
27436580,Cui Q,East Asian,NR,"Singapore, China",
27436580,Cui Q,East Asian,NR,China,
27424798,Chahal HS,European,NR,U.S.,
27424798,Chahal HS,European,NR,U.S.,
27424934,Choi HJ,East Asian,NR,Republic of Korea,
27424934,Choi HJ,East Asian,NR,China,
27424934,Choi HJ,European,NR,U.S.,
27424934,Choi HJ,East Asian,NR,Republic of Korea,
27424934,Choi HJ,East Asian,NR,China,
27424934,Choi HJ,European,NR,U.S.,
27424934,Choi HJ,East Asian,NR,Republic of Korea,
27424934,Choi HJ,East Asian,NR,China,
27424934,Choi HJ,European,NR,U.S.,
27418160,van 't Hof FN,European,NR,"Finland, U.S., Netherlands",
27416945,Walford GA,European,NR,"Finland, Sweden, U.S., Germany",
27416945,Walford GA,European,NR,"Finland, Sweden, U.S., Italy, Netherlands, Montenegro, Greece, Germany, U.K., Switzerland, Spain, Austria, Serbia, France, Republic of Ireland, Denmark",
27416945,Walford GA,European,NR,"Sweden, U.S., Germany, Finland",
27416945,Walford GA,European,NR,"Finland, Sweden, U.S., Italy, Netherlands, Montenegro, Greece, Germany, U.K., Switzerland, Spain, Austria, Serbia, France, Republic of Ireland, Denmark",
27416945,Walford GA,European,NR,"Finland, Sweden, U.S., Germany",
27416945,Walford GA,European,NR,"Finland, Sweden, U.S., Italy, Netherlands, Montenegro, Greece, Germany, U.K., Switzerland, Spain, Austria, Serbia, France, Republic of Ireland, Denmark",
27412988,Tise CG,European,NR,U.S.,
27400856,Legge SE,European,NR,U.K.,
27400856,Legge SE,NR,NR,NR,
27412012,Lamina C,European,NR,"Italy, Austria",
27412012,Lamina C,European,NR,"Finland, U.S., Germany, Switzerland",
27402877,Hill-Burns EM,European,NR,U.S.,
27402877,Hill-Burns EM,European,NR,NR,
27399966,Morris DL,East Asian,NR,"China, China, Hong Kong SAR",
27399966,Morris DL,East Asian,NR,China,
27399966,Morris DL,European,NR,NR,
27399966,Morris DL,European,NR,NR,
27402877,Hill-Burns EM,European,NR,U.S.,
27402877,Hill-Burns EM,European,NR,NR,
27402877,Hill-Burns EM,European,NR,U.S.,
27402877,Hill-Burns EM,European,NR,NR,
27387956,Murk W,European,NR,"Germany, Switzerland, Austria",
27387956,Murk W,European,NR,"Germany, Switzerland",
27387956,Murk W,NR,NR,"Sweden, Australia, Russian Federation, Netherlands, U.K., France",
27387956,Murk W,"NR, European",NR,"Finland, Russian Federation",
27397699,Pei YF,European,NR,NR,
27397699,Pei YF,East Asian,NR,NR,
27397699,Pei YF,African American or Afro-Caribbean,NR,U.S.,
27397699,Pei YF,Hispanic or Latin American,NR,NR,
27523435,Mosteller M,"European, Hispanic or Latin American, African unspecified, Asian unspecified, Native American, Other",NR,NR,
27002377,Irvin MR,European,NR,U.S.,
27002377,Irvin MR,Hispanic or Latin American,NR,U.S.,
27002377,Irvin MR,African American or Afro-Caribbean,NR,U.S.,
27363682,Mitchell JS,European,NR,"U.S., Germany, Netherlands, Iceland, Norway, Sweden, U.K.",
27363682,Mitchell JS,European,NR,"Germany, Denmark, Norway, Sweden, U.K.",
27002377,Irvin MR,European,NR,U.S.,
27002377,Irvin MR,Hispanic or Latin American,NR,U.S.,
27002377,Irvin MR,African American or Afro-Caribbean,NR,U.S.,
27002377,Irvin MR,European,NR,U.S.,
27002377,Irvin MR,Hispanic or Latin American,NR,U.S.,
27002377,Irvin MR,African American or Afro-Caribbean,NR,U.S.,
27002377,Irvin MR,European,NR,U.S.,
27002377,Irvin MR,Hispanic or Latin American,NR,U.S.,
27002377,Irvin MR,African American or Afro-Caribbean,NR,U.S.,
27362418,Zhang H,East Asian,NR,NR,
27362418,Zhang H,European,NR,"U.S., NR",
27347659,Vaysse A,European,NR,France,
27347659,Vaysse A,European,NR,U.S.,
27354352,Han MR,East Asian,NR,"Republic of Korea, Japan",
27354352,Han MR,East Asian,NR,"Republic of Korea, China, Japan",
27329760,Hou L,European,NR,NR,
27329760,Hou L,European,NR,Sweden,
27325353,Matteini AM,European,NR,"U.S., Iceland, Italy, NR",
27325353,Matteini AM,NR,NR,NR,
27325353,Matteini AM,European,NR,"Australia, U.S., Germany, Iceland, U.K., Italy, NR",
27327535,Laville V,European,NR,France,
27322543,Gormley P,European,NR,"Finland, Sweden, U.S., Australia, Iceland, Netherlands, Germany, U.K., Estonia, NR, Norway, Denmark",
27322543,Gormley P,European,NR,"Finland, U.S., Iceland, Netherlands, Germany, U.K., Estonia, Norway, Denmark",
27322543,Gormley P,European,NR,"Finland, Sweden, U.S., Iceland, Netherlands, U.K., Estonia, Norway, Denmark",
27386562,Andlauer TF,European,NR,Germany,
27386562,Andlauer TF,European,NR,Italy,
27311723,Pei YF,European,NR,U.S.,
27311723,Pei YF,African American or Afro-Caribbean,NR,U.S.,
27311723,Pei YF,Hispanic or Latin American,NR,U.S.,
27311723,Pei YF,European,NR,U.S.,
27315593,Lang M,European,NR,Germany,
27296613,Salinas YD,Hispanic or Latin American,NR,U.S.,
27296613,Salinas YD,Asian unspecified,NR,U.S.,
27296613,Salinas YD,African American or Afro-Caribbean,NR,U.S.,
27296613,Salinas YD,European,NR,U.S.,
27296613,Salinas YD,Hispanic or Latin American,NR,U.S.,
27296613,Salinas YD,African American or Afro-Caribbean,NR,U.S.,
27286809,Ligthart S,NR,NR,NR,
27286809,Ligthart S,NR,NR,NR,
28025368,Janicki PK,"African American or Afro-Caribbean, European, Hispanic or Latin American",NR,U.S.,
28025368,Janicki PK,"African American or Afro-Caribbean, European, Hispanic or Latin American",NR,U.S.,
27286809,Ligthart S,NR,NR,NR,
27286809,Ligthart S,NR,NR,NR,
27285765,Chen D,European,NR,Sweden,
27285765,Chen D,European,NR,Sweden,
27262462,Teerlink CC,European,NR,"Finland, U.S., Australia, Germany, U.K.",
27262462,Teerlink CC,European,NR,"Finland, U.S., Australia, Germany, U.K.",
27236921,Rautanen A,African unspecified,NR,Kenya,
27236921,Rautanen A,African unspecified,NR,Kenya,
27236921,Rautanen A,African unspecified,NR,Kenya,
27236921,Rautanen A,African unspecified,NR,Kenya,
27304844,Khong JJ,European,NR,Australia,
27304844,Khong JJ,European,NR,Australia,
27244555,Li Y,East Asian,China,China,
27244555,Li Y,East Asian,China,China,
27244217,Fogh I,European,NR,"Sweden, U.S., Italy, Netherlands, Belgium, U.K., France, Republic of Ireland",
27225129,Okbay A,European,NR,"Finland, Sweden, U.S., Australia, Iceland, Italy, Netherlands, Greece, Belgium, Germany, U.K., Croatia, Switzerland, Estonia, Austria, Norway, Denmark",
28090565,Tsai EA,European,NR,U.S.,
27225129,Okbay A,European,NR,"Finland, Sweden, U.S., Australia, Iceland, Italy, Netherlands, Greece, Belgium, Germany, U.K., Croatia, Switzerland, Estonia, Austria, Norway, Denmark",
27519822,Power RA,European,NR,"U.S., Australia, Netherlands, Germany, U.K.",
27519822,Power RA,European,NR,"Iceland, Germany, Switzerland, Denmark",
27519822,Power RA,East Asian,NR,China,
27519822,Power RA,NR,NR,"Sweden, U.S., U.K.",
27519822,Power RA,NR,NR,"U.S., Australia, Netherlands, U.K.",
27519822,Power RA,"NR, European, East Asian",NR,"Sweden, U.S., Iceland, China, Germany, U.K., Switzerland, Denmark",
27203581,Sousa I,European,NR,Portugal,
27203581,Sousa I,European,NR,Portugal,
27193062,Adhikari K,Hispanic or Latin American,NR,"Brazil, Colombia, Chile, Peru, Mexico",
27193062,Adhikari K,Hispanic or Latin American,NR,"Brazil, Colombia, Chile, Peru, Mexico",
27193062,Adhikari K,Hispanic or Latin American,NR,"Brazil, Colombia, Chile, Peru, Mexico",
27195777,Sano M,East Asian,NR,Japan,
27195777,Sano M,East Asian,NR,Japan,
27195708,Scott WR,South Asian,"India, Sri Lanka, Pakistan, Bangladesh",U.K.,
27195708,Scott WR,South Asian,"India, Sri Lanka, Pakistan, Bangladesh",U.K.,
27193062,Adhikari K,Hispanic or Latin American,NR,"Brazil, Colombia, Chile, Peru, Mexico",
27193062,Adhikari K,Hispanic or Latin American,NR,"Brazil, Colombia, Chile, Peru, Mexico",
27193062,Adhikari K,Hispanic or Latin American,NR,"Brazil, Colombia, Chile, Peru, Mexico",
27193062,Adhikari K,Hispanic or Latin American,NR,"Brazil, Colombia, Chile, Peru, Mexico",
27189021,Cook JP,European,NR,U.S.,
27189021,Cook JP,African American or Afro-Caribbean,NR,U.S.,
27189021,Cook JP,East Asian,NR,U.S.,
27189021,Cook JP,Hispanic or Latin American,NR,U.S.,
27189021,Cook JP,European,NR,NR,
27193031,Marquez A,European,NR,"Sweden, U.S., Italy, Netherlands, Germany, U.K., Spain",
27193031,Marquez A,European,NR,"Sweden, U.S., Netherlands, Canada, U.K., Spain, France",
27182965,Pickrell JK,European,NR,NR,
27182965,Pickrell JK,European,NR,NR,
27182965,Pickrell JK,European,NR,NR,
27182965,Pickrell JK,European,NR,NR,
27182965,Pickrell JK,European,NR,NR,
27182965,Pickrell JK,European,NR,NR,
27182965,Pickrell JK,European,NR,NR,
27182965,Pickrell JK,European,NR,NR,
27182965,Pickrell JK,European,NR,NR,
27182965,Pickrell JK,European,NR,NR,
27182965,Pickrell JK,European,NR,NR,
27182965,Pickrell JK,European,NR,NR,
27182965,Pickrell JK,European,NR,NR,
27182965,Pickrell JK,European,NR,NR,
27182965,Pickrell JK,European,NR,NR,
27182965,Pickrell JK,European,NR,NR,
27182965,Pickrell JK,European,NR,NR,
27393504,Zanetti KA,African American or Afro-Caribbean,NR,U.S.,
27393504,Zanetti KA,African American or Afro-Caribbean,NR,U.S.,
27393504,Zanetti KA,African American or Afro-Caribbean,NR,U.S.,
27393504,Zanetti KA,African American or Afro-Caribbean,NR,U.S.,
27393504,Zanetti KA,African American or Afro-Caribbean,NR,U.S.,
27393504,Zanetti KA,African American or Afro-Caribbean,NR,U.S.,
27191271,Hu Q,East Asian,NR,China,
27191271,Hu Q,East Asian,NR,China,
27393504,Zanetti KA,African American or Afro-Caribbean,NR,U.S.,
27393504,Zanetti KA,African American or Afro-Caribbean,NR,U.S.,
27171184,Kuo HC,East Asian,NR,Taiwan,
27167565,Stein MB,European,NR,U.S.,
27167565,Stein MB,African American or Afro-Caribbean,NR,U.S.,
27167565,Stein MB,Hispanic or Latin American,NR,U.S.,
27167565,Stein MB,European,NR,U.S.,
27167565,Stein MB,African American or Afro-Caribbean,NR,U.S.,
27167565,Stein MB,Hispanic or Latin American,NR,U.S.,
27173062,Azad AK,"African American or Afro-Caribbean, Asian unspecified, Other",NR,Canada,
27173062,Azad AK,Asian unspecified,NR,Canada,
27173062,Azad AK,African American or Afro-Caribbean,NR,Canada,
27173062,Azad AK,Other,NR,Canada,
27173062,Azad AK,European,NR,Canada,
27173062,Azad AK,European,NR,Canada,
27159506,Dunn EC,Hispanic or Latin American,NR,U.S.,
27159506,Dunn EC,Hispanic or Latin American,NR,U.S.,
27153935,Zhang CE,East Asian,NR,China,
27132594,Mbarek H,European,NR,"U.S., Australia, Netherlands",
27132594,Mbarek H,European,NR,Iceland,
27151647,Chen G,European,NR,U.S.,
27151647,Chen G,African American or Afro-Caribbean,NR,U.S.,
27145994,Wang M,East Asian,NR,China,
27145994,Wang M,East Asian,NR,China,
27145994,Wang M,European,NR,Canada,
27149122,Smith JG,European,NR,"U.S., Netherlands",
27149122,Smith JG,European,NR,"Sweden, Netherlands, U.K., Republic of Ireland",
27149984,Degenhardt F,European,NR,Germany,
27445529,Berube JC,European,NR,Canada,
27445529,Berube JC,European,NR,Canada,
27142678,Amin N,European,NR,"Italy, Netherlands, Germany, U.K., Croatia, Estonia",
27142678,Amin N,European,NR,"U.S., Australia, Netherlands, Croatia, Estonia",
27157822,Hallberg P,European,NR,"Sweden, Germany, Spain, France",
27157822,Hallberg P,NR,NR,NR,
27157822,Hallberg P,European,NR,"Sweden, Germany, Spain, France",
27157822,Hallberg P,NR,NR,NR,
27142222,White MJ,African American or Afro-Caribbean,NR,U.S.,
27143689,Hertz DL,European,NR,NR,
27135401,Cheng TH,European,NR,"Australia, U.K.",
27135401,Cheng TH,European,NR,"U.S., Australia, Belgium, Germany, U.K., Norway",
27135401,Cheng TH,European,NR,"Australia, U.K.",
27135401,Cheng TH,European,NR,"Sweden, U.S., Belgium, Germany, U.K., Norway",
26663301,Lessard CJ,East Asian,NR,Republic of Korea,
26663301,Lessard CJ,East Asian,NR,"Republic of Korea, China",
26651848,Rivera NV,European,NR,Sweden,
26651848,Rivera NV,European,NR,"Germany, Netherlands, Czech Republic",
26651848,Rivera NV,European,NR,Sweden,
26651848,Rivera NV,European,NR,Germany,
26651848,Rivera NV,European,NR,Sweden,
26651848,Rivera NV,European,NR,Sweden,
26651848,Rivera NV,European,NR,"Germany, Netherlands, Czech Republic",
26651848,Rivera NV,African American or Afro-Caribbean,NR,U.S.,
27126917,Spada J,European,NR,Germany,
27126917,Spada J,European,NR,Germany,
27117709,Couch FJ,European,NR,"Finland, Sweden, U.S., Poland, Australia, Netherlands, Germany, U.K., NR",
27117709,Couch FJ,European,NR,"Finland, Sweden, U.S., Poland, Czech Republic, Israel, Australia, Italy, Russian Federation, Netherlands, Portugal, Greece, Latvia, Canada, Belgium, South Africa, Germany, U.K., Spain, Hungary, Belarus, Lithuania, France, Republic of Ireland, Norway, Denmark",
27117709,Couch FJ,European,NR,"Finland, Sweden, U.S., Poland, Australia, Netherlands, Canada, Germany, U.K., NR",
27117709,Couch FJ,European,NR,"Finland, Sweden, U.S., Poland, Australia, Italy, Netherlands, Greece, Canada, Belgium, Germany, U.K., Spain, Belarus, France, Republic of Ireland, Norway, Denmark",
27114598,Liu C,"NR, European, Hispanic or Latin American, African unspecified, Asian unspecified",NR,U.S.,
27114598,Liu C,European,NR,U.S.,
27114598,Liu C,African unspecified,NR,U.S.,
27114598,Liu C,Hispanic or Latin American,NR,U.S.,
27114598,Liu C,Asian unspecified,NR,U.S.,
27114598,Liu C,NR,NR,U.S.,
27106561,Cornelis MC,European,NR,U.S.,
27098658,Muller-Calleja N,European,NR,Germany,
27197191,Fehringer G,European,NR,NR,
27197191,Fehringer G,European,NR,NR,
28459102,Zhang S,European,NR,U.S.,
27089181,Okbay A,European,NR,"Finland, Sweden, U.S., Australia, Iceland, Italy, Netherlands, Germany, U.K., Croatia, Switzerland, Estonia, Austria, Denmark",
27089181,Okbay A,European,NR,U.K.,
27089181,Okbay A,European,NR,NR,
27089181,Okbay A,European,NR,NR,
27207650,Schmit SL,Hispanic or Latin American,NR,"U.S., Mexico",
27089181,Okbay A,European,NR,"Finland, Sweden, U.S., Australia, Iceland, Italy, Netherlands, Germany, U.K., Croatia, Switzerland, Estonia, Austria, Denmark",
27089181,Okbay A,European,NR,"Finland, Sweden, U.S., Australia, Iceland, Italy, Netherlands, Germany, U.K., Croatia, Switzerland, Estonia, Austria, Denmark",
27094239,Joshi AD,European,NR,"U.S., Netherlands, Germany",
27094239,Joshi AD,European,NR,"U.S., Germany, Denmark",
27094239,Joshi AD,African American or Afro-Caribbean,NR,U.S.,
27094239,Joshi AD,Hispanic or Latin American,NR,U.S.,
27082954,Ward-Caviness CK,European,NR,U.S.,
27082954,Ward-Caviness CK,African American or Afro-Caribbean,NR,U.S.,
27067015,Smith DJ,NR,NR,"Australia, NR",
27067015,Smith DJ,European,NR,U.K.,
27207532,Roshandel D,European,NR,U.S.,
27064253,Zhou W,European,NR,NR,
27064253,Zhou W,African unspecified,NR,NR,
27064253,Zhou W,NR,NR,NR,
27060151,Magrangeas F,European,NR,France,
27060151,Magrangeas F,European,NR,"Netherlands, Germany",
27068588,Chauhan G,European,NR,"Finland, Sweden, U.S., Netherlands, Germany, France",
27068588,Chauhan G,European,NR,U.S.,
27068588,Chauhan G,"European, Hispanic or Latin American, African unspecified",NR,U.S.,
27018472,Leslie EJ,European,NR,"U.S., Turkey, Hungary, Denmark, Spain",
27018472,Leslie EJ,Hispanic or Latin American,NR,"Guatemala, U.S., Colombia, Argentina, Puerto Rico",
27018472,Leslie EJ,East Asian,NR,"China, Philippines",
27018472,Leslie EJ,South East Asian,NR,India,
27018472,Leslie EJ,Sub-Saharan African,NR,"Ethiopia, Nigeria",
27018472,Leslie EJ,African American or Afro-Caribbean,NR,U.S.,
27018472,Leslie EJ,African unspecified,NR,Hungary,
27018472,Leslie EJ,NR,NR,NR,
27018472,Leslie EJ,European,NR,"U.S., Denmark, Norway",
27018472,Leslie EJ,European,NR,"U.S., Turkey, Hungary, Denmark, Spain",
27018472,Leslie EJ,Hispanic or Latin American,NR,"Guatemala, U.S., Colombia, Argentina, Puerto Rico",
27018472,Leslie EJ,East Asian,NR,"China, Philippines",
27018472,Leslie EJ,South East Asian,NR,India,
27018472,Leslie EJ,Sub-Saharan African,NR,"Ethiopia, Nigeria",
27018472,Leslie EJ,European,NR,"U.S., Turkey, Hungary, Denmark, Spain",
27018472,Leslie EJ,Hispanic or Latin American,NR,"U.S., Colombia, Argentina, Puerto Rico, Guatemala",
27018472,Leslie EJ,East Asian,NR,"China, Philippines",
27018472,Leslie EJ,South East Asian,NR,India,
27018472,Leslie EJ,Sub-Saharan African,NR,"Ethiopia, Nigeria",
27018472,Leslie EJ,African American or Afro-Caribbean,NR,U.S.,
27018472,Leslie EJ,African unspecified,NR,Hungary,
27018472,Leslie EJ,NR,NR,NR,
27018472,Leslie EJ,European,NR,"U.S., Denmark, Norway",
27068588,Chauhan G,European,NR,"Finland, Sweden, U.S., Netherlands, Germany, France",
27068588,Chauhan G,European,NR,U.S.,
27068588,Chauhan G,European,NR,"Sweden, U.S., Netherlands, France",
27068588,Chauhan G,European,NR,U.S.,
27068588,Chauhan G,"European, Hispanic or Latin American, African unspecified",NR,"U.S., NR",
27068588,Chauhan G,European,NR,"Sweden, U.S., Netherlands, France",
27068588,Chauhan G,European,NR,"U.S., NR",
27068588,Chauhan G,"European, Hispanic or Latin American, African unspecified",NR,"U.S., NR",
27046643,Davies G,European,NR,U.K.,
27046643,Davies G,European,NR,U.K.,
27043157,Keers R,NR,NR,U.K.,
27046643,Davies G,European,NR,U.K.,
27046643,Davies G,European,NR,U.K.,
27064256,Khor CC,East Asian,NR,"Viet Nam, Republic of Korea, Myanmar, Malaysia, Singapore, China, Philippines, Indonesia, Thailand, Japan, China, Hong Kong SAR",
27064256,Khor CC,South Asian,NR,India,
27064256,Khor CC,European,NR,"Brazil, Peru, U.K.",
27064256,Khor CC,European,Italy,"U.S., Poland, Australia, Italy",
27064256,Khor CC,Asian unspecified,NR,Nepal,
27064256,Khor CC,East Asian,NR,"Viet Nam, Singapore, China, Japan, China, Hong Kong SAR",
27064256,Khor CC,South Asian,Pakistan,"India, Pakistan",
27064256,Khor CC,"Greater Middle Eastern (Middle Eastern, North African or Persian)",Saudi Arabia,Saudi Arabia,
27064256,Khor CC,Hispanic or Latin American,NR,Mexico,
27036123,van Leeuwen EM,European,NR,"U.S., Iceland, Netherlands, U.K., Croatia",
27036123,van Leeuwen EM,European,NR,"U.S., Iceland, Netherlands, U.K., Croatia",
27036123,van Leeuwen EM,South Asian,NR,U.K.,
27036123,van Leeuwen EM,African American or Afro-Caribbean,NR,"U.S., Jamaica",
27036123,van Leeuwen EM,East Asian,NR,U.S.,
27036123,van Leeuwen EM,African American or Afro-Caribbean,NR,U.S.,
27036123,van Leeuwen EM,Hispanic or Latin American,NR,U.S.,
27036123,van Leeuwen EM,European,NR,"U.S., Iceland, Netherlands, U.K., Croatia",
27036123,van Leeuwen EM,European,NR,"Finland, U.S., Netherlands, U.K.",
27036123,van Leeuwen EM,Hispanic or Latin American,NR,U.S.,
27036123,van Leeuwen EM,African American or Afro-Caribbean,NR,U.S.,
27036123,van Leeuwen EM,East Asian,NR,U.S.,
27036123,van Leeuwen EM,African American or Afro-Caribbean,NR,"U.S., Jamaica",
27036123,van Leeuwen EM,South Asian,NR,U.K.,
27036123,van Leeuwen EM,European,NR,"U.S., Iceland, Netherlands, U.K., Croatia",
27036123,van Leeuwen EM,"African American or Afro-Caribbean, South Asian, European",NR,"Finland, U.S., Netherlands, Jamaica, U.K.",
27036123,van Leeuwen EM,East Asian,NR,U.S.,
27036123,van Leeuwen EM,African American or Afro-Caribbean,NR,U.S.,
27036123,van Leeuwen EM,Hispanic or Latin American,NR,U.S.,
27036123,van Leeuwen EM,African American or Afro-Caribbean,NR,"U.S., Jamaica",
27036123,van Leeuwen EM,South Asian,NR,U.K.,
27036123,van Leeuwen EM,European,NR,"U.S., Iceland, Netherlands, U.K., Croatia",
27036123,van Leeuwen EM,European,NR,"Finland, U.S., Netherlands, U.K.",
27036123,van Leeuwen EM,Hispanic or Latin American,NR,U.S.,
27036123,van Leeuwen EM,African American or Afro-Caribbean,NR,U.S.,
27036123,van Leeuwen EM,East Asian,NR,U.S.,
27036123,van Leeuwen EM,African American or Afro-Caribbean,NR,"U.S., Jamaica",
27036123,van Leeuwen EM,South Asian,NR,U.K.,
27029810,Joshi PK,European,NR,U.K.,
27029810,Joshi PK,European,NR,"Estonia, U.K.",
27029810,Joshi PK,African unspecified,NR,U.K.,
27029810,Joshi PK,African American or Afro-Caribbean,NR,U.K.,
27029810,Joshi PK,South Asian,NR,U.K.,
27029810,Joshi PK,East Asian,NR,U.K.,
27028160,Sherva R,African American or Afro-Caribbean,NR,U.S.,
27028160,Sherva R,European,NR,U.S.,
27028160,Sherva R,European,NR,Australia,
27020472,Fan Q,European,NR,"Finland, U.S., Australia, Italy, Netherlands, Germany, U.K., Croatia, Estonia, France",
27020472,Fan Q,East Asian,NR,"Singapore, China, Japan",
27020472,Fan Q,South East Asian,NR,Singapore,
27020472,Fan Q,South Asian,NR,Singapore,
27206850,Wang M,East Asian,NR,China,
27206850,Wang M,East Asian,NR,China,
27023328,Kulkarni D,European,NR,NR,
27021288,Brevik EJ,NR,NR,NR,
27023175,Stringer S,European,NR,"Finland, U.S., Australia, Netherlands, U.K., Spain, Estonia",
27023175,Stringer S,African American or Afro-Caribbean,NR,U.S.,
27023175,Stringer S,European,NR,"Netherlands, Canada, U.K.",
27021820,Roostaei T,European,NR,U.S.,
27021820,Roostaei T,European,NR,NR,
27021288,Brevik EJ,European,NR,"Germany, Spain, Norway",
27022141,Liu L,African American or Afro-Caribbean,NR,NR,
27016271,Kornilov SA,NR,NR,Russian Federation,
27016271,Kornilov SA,NR,NR,Russian Federation,
27016271,Kornilov SA,NR,NR,Russian Federation,
27015805,Pilling LC,European,NR,U.K.,
27015805,Pilling LC,NR,NR,NR,
27015805,Pilling LC,European,NR,U.K.,
27015805,Pilling LC,European,NR,U.K.,
27015805,Pilling LC,European,NR,U.K.,
27008869,Chen MM,European,NR,"U.S., Poland, Australia, U.K.",
27005778,Kettunen J,European,NR,"Finland, Netherlands, Germany, Estonia",
27005778,Kettunen J,European,NR,"Finland, Netherlands, Germany, Estonia",
27005778,Kettunen J,European,NR,"Finland, Netherlands, Germany, Estonia",
27047539,Fridley BL,NR,NR,U.S.,
27005419,Borne Y,NR,NR,Sweden,
27047539,Fridley BL,NR,NR,U.S.,
27047539,Fridley BL,NR,NR,U.S.,
27047539,Fridley BL,NR,NR,U.S.,
27047539,Fridley BL,NR,NR,U.S.,
27047539,Fridley BL,NR,NR,U.S.,
27005825,Finkel TH,European,NR,U.S.,
27005825,Finkel TH,European,NR,"U.S., Australia, Norway",
27005419,Borne Y,NR,NR,Sweden,
27001270,Vishal M,South Asian,NR,India,
27001270,Vishal M,South Asian,NR,India,
26997408,Demirkan A,European,NR,"Finland, Sweden, Italy, Netherlands, Germany",
26997408,Demirkan A,European,NR,"Finland, U.S.",
26997408,Demirkan A,European,NR,"Finland, Sweden, Italy, Netherlands, Germany",
26997408,Demirkan A,European,NR,"Finland, U.S.",
26997408,Demirkan A,European,NR,"Finland, Sweden, Italy, Netherlands, Germany",
26997408,Demirkan A,European,NR,"Finland, U.S.",
27001664,Yoo J,East Asian,NR,Republic of Korea,
27001664,Yoo J,East Asian,NR,Republic of Korea,
26989097,Coleman JR,European,NR,"U.S., Australia, Netherlands, Germany, U.K., Switzerland, Norway, Denmark",
26989097,Coleman JR,"NR, African unspecified, East Asian",NR,"Netherlands Antilles, U.S., Australia, Netherlands, Germany, U.K., Switzerland, Norway, Denmark",
26977737,Cade BE,Hispanic or Latin American,NR,U.S.,
26977737,Cade BE,Asian unspecified,NR,U.S.,
26977737,Cade BE,African American or Afro-Caribbean,NR,U.S.,
26977737,Cade BE,European,NR,U.S.,
26977737,Cade BE,Hispanic or Latin American,NR,U.S.,
26977737,Cade BE,Asian unspecified,NR,U.S.,
26977737,Cade BE,African American or Afro-Caribbean,NR,U.S.,
26977737,Cade BE,European,NR,U.S.,
26977737,Cade BE,Hispanic or Latin American,NR,U.S.,
26977737,Cade BE,Asian unspecified,NR,U.S.,
26977737,Cade BE,African American or Afro-Caribbean,NR,U.S.,
26977737,Cade BE,European,NR,U.S.,
26993346,Schott JM,NR,NR,"U.S., Australia, Italy, Netherlands, Germany, U.K., Spain, France",
26980576,Kim K,East Asian,NR,Republic of Korea,
26974007,Ellinghaus D,European,NR,"U.S., Australia, New Zealand, Austria, Belgium, France, Germany, Netherlands, Poland, Slovakia, Denmark, Estonia, Finland, Republic of Ireland, Lithuania, Norway, Sweden, U.K., Greece, Italy, Portugal, Spain, Canada",
26969751,Parmar PG,European,NR,"Finland, Australia, Netherlands, Germany, U.K., Spain, NR",
26969751,Parmar PG,European,NR,"Finland, Australia, Netherlands, Germany, U.K., Spain, NR",
26961502,Wood AR,European,NR,NR,
26961502,Wood AR,European,NR,NR,
26959717,Nicoletti P,European,NR,"Germany, NR",
26955885,Lane JM,European,NR,U.K.,
26959369,Haiman CA,Oceanian,NR,U.S.,
26959369,Haiman CA,African American or Afro-Caribbean,NR,U.S.,
26959369,Haiman CA,European,NR,U.S.,
26959369,Haiman CA,Hispanic or Latin American,NR,U.S.,
26959369,Haiman CA,East Asian,NR,U.S.,
26956414,Berndt SI,European,NR,"Finland, Sweden, U.S., Australia, Italy, Netherlands, Greece, Canada, Germany, U.K., Spain, France, Norway, Denmark",
26956414,Berndt SI,"NR, European",NR,"U.S., Spain",
26955885,Lane JM,European,NR,U.K.,
26965164,Hanchard NA,European,NR,U.S.,
26965164,Hanchard NA,European,NR,U.S.,
26962152,Offenbacher S,European,NR,U.S.,
26965516,Zeng C,East Asian,NR,"Republic of Korea, China, Japan",
26965516,Zeng C,East Asian,NR,"Republic of Korea, China, Japan",
26950853,Dehghan A,European,NR,"U.S., Iceland, Netherlands",
26950853,Dehghan A,European,NR,"Finland, Sweden, U.S., Netherlands, Germany, U.K., France, Republic of Ireland",
26950853,Dehghan A,African American or Afro-Caribbean,NR,U.S.,
26950853,Dehghan A,European,NR,"U.S., Iceland, Netherlands",
26950853,Dehghan A,European,NR,"Finland, Sweden, U.S., Netherlands, Germany, U.K., France, Republic of Ireland",
26926045,Adhikari K,Hispanic or Latin American,NR,"Brazil, Colombia, Chile, Peru, Mexico",
26926045,Adhikari K,Hispanic or Latin American,NR,"Brazil, Colombia, Chile, Peru, Mexico",
26926045,Adhikari K,Hispanic or Latin American,NR,"Brazil, Colombia, Chile, Peru, Mexico",
26926045,Adhikari K,Hispanic or Latin American,NR,"Brazil, Colombia, Chile, Peru, Mexico",
26926045,Adhikari K,Hispanic or Latin American,NR,"Mexico, Brazil, Chile, Colombia, Peru",
26926045,Adhikari K,Hispanic or Latin American,NR,"Mexico, Brazil, Chile, Colombia, Peru",
26926045,Adhikari K,Hispanic or Latin American,NR,"Mexico, Brazil, Chile, Colombia, Peru",
26921259,Baurley JW,African American or Afro-Caribbean,NR,U.S.,
26921259,Baurley JW,Asian unspecified,NR,U.S.,
26921259,Baurley JW,European,NR,U.S.,
26912274,Zeng Y,East Asian,NR,China,
26911590,Mullin BH,European,NR,U.K.,
26911590,Mullin BH,European,NR,U.K.,
26911590,Mullin BH,European,NR,U.K.,
26911590,Mullin BH,European,NR,U.K.,
26911590,Mullin BH,European,NR,U.K.,
26911590,Mullin BH,European,NR,U.K.,
26910538,Choi SH,European,NR,"Sweden, Iceland, Italy, NR",
26910538,Choi SH,European,NR,"Germany, NR, France",
26902266,Giri AK,South Asian,NR,India,
26902266,Giri AK,South Asian,NR,India,
26915486,Adams JN,NR,NR,U.S.,
26913989,Traylor M,European,NR,"Australia, NR",
26891255,Jung ES,East Asian,NR,Republic of Korea,
26891255,Jung ES,East Asian,NR,NR,
26888256,Hernandez W,African American or Afro-Caribbean,NR,U.S.,
26888256,Hernandez W,African American or Afro-Caribbean,NR,U.S.,
26879886,Wakil SM,"Greater Middle Eastern (Middle Eastern, North African or Persian)",NR,NR,
26879886,Wakil SM,"Greater Middle Eastern (Middle Eastern, North African or Persian)",NR,NR,
26908436,Siiskonen SJ,European,NR,"U.S., Netherlands",
26908436,Siiskonen SJ,European,NR,U.S.,
26876947,Saito T,East Asian,NR,"Japan, NR",
26908601,Hinds DA,European,NR,NR,
26859814,den Braber A,NR,NR,Netherlands,
26856250,Sacchetti E,European,Italy,Italy,
26853712,Zhang YB,East Asian,NR,China,
26853712,Zhang YB,East Asian,NR,China,
26861389,D'Adamo CR,European,NR,U.S.,
27333618,Sekula P,European,NR,NR,
27333618,Sekula P,European,NR,NR,
26830138,Herold C,European,NR,NR,
26835600,Hu Y,European,NR,NR,
26835600,Hu Y,European,NR,NR,
26833098,Kilpelainen TO,European,NR,NR,
26833098,Kilpelainen TO,European,NR,NR,
26708285,Wakil SM,"Greater Middle Eastern (Middle Eastern, North African or Persian)",NR,Saudi Arabia,
26708285,Wakil SM,"Greater Middle Eastern (Middle Eastern, North African or Persian)",NR,Saudi Arabia,
26708285,Wakil SM,"Greater Middle Eastern (Middle Eastern, North African or Persian)",NR,Saudi Arabia,
26708285,Wakil SM,"Greater Middle Eastern (Middle Eastern, North African or Persian)",NR,Saudi Arabia,
26833246,Lu Y,European,NR,NR,
26833246,Lu Y,European,NR,NR,
26833246,Lu Y,East Asian,NR,NR,
26833246,Lu Y,South Asian,NR,NR,
26833246,Lu Y,African American or Afro-Caribbean,NR,NR,
26833246,Lu Y,African American or Afro-Caribbean,NR,NR,
26833182,Ware JJ,European,NR,"Finland, U.S., U.K., NR",
26833182,Ware JJ,European,NR,Finland,
26833098,Kilpelainen TO,European,NR,NR,
26833098,Kilpelainen TO,European,NR,NR,
26840454,French JD,European,NR,"U.S., NR",
26840454,French JD,European,NR,"U.S., NR",
26822151,Hartiala JA,NR,NR,NR,
26822151,Hartiala JA,NR,NR,NR,
26824906,Rankinen T,East Asian,NR,Japan,
26824906,Rankinen T,European,NR,"Finland, Poland, Australia, Russian Federation, Germany, Spain",
26824906,Rankinen T,Sub-Saharan African,NR,"Kenya, Ethiopia",
26824906,Rankinen T,East Asian,NR,Japan,
26824906,Rankinen T,NR,NR,"U.S., Canada",
26829030,Asgari MM,European,NR,U.S.,
26829030,Asgari MM,European,NR,U.S.,
26824906,Rankinen T,East Asian,NR,Japan,
26824906,Rankinen T,European,NR,"Finland, Poland, Australia, Russian Federation, Germany, Spain",
26824906,Rankinen T,Sub-Saharan African,NR,"Kenya, Ethiopia",
26824906,Rankinen T,East Asian,NR,Japan,
26824906,Rankinen T,NR,NR,"U.S., Canada",
26818947,Imamura M,East Asian,NR,Japan,
26818947,Imamura M,East Asian,NR,NR,
26818947,Imamura M,European,NR,NR,
26818947,Imamura M,South Asian,NR,NR,
26818947,Imamura M,Hispanic or Latin American,NR,NR,
26821981,Koga AT,European,NR,Canada,
26819262,Zhou Y,NR,NR,Australia,
26819262,Zhou Y,Hispanic or Latin American,NR,U.S.,
26819262,Zhou Y,NR,NR,Australia,
26819262,Zhou Y,Hispanic or Latin American,NR,U.S.,
26819262,Zhou Y,European,NR,NR,
26815016,Julia A,European,Spain,Spain,
26815016,Julia A,European,Spain,Spain,
26818729,Weinsheimer S,European,NR,"U.S., Netherlands, U.K.",
26818729,Weinsheimer S,European,NR,"U.S., Italy, Netherlands, Germany, U.K.",
26811534,Wang X,European,NR,U.S.,
26811534,Wang X,European,NR,NR,
26811534,Wang X,Hispanic or Latin American,NR,NR,
26811534,Wang X,Other,NR,NR,
26811534,Wang X,European,NR,U.S.,
26811534,Wang X,European,NR,NR,
26811534,Wang X,Hispanic or Latin American,NR,NR,
26811534,Wang X,Other,NR,NR,
27179730,Allen NB,European,NR,U.S.,
27179730,Allen NB,European,NR,U.S.,
27179730,Allen NB,European,NR,U.S.,
27179730,Allen NB,European,NR,U.S.,
26806518,Hou L,"European, East Asian",NR,"Sweden, U.S., Poland, Czech Republic, Australia, Italy, China, Romania, Canada, Germany, Switzerland, Spain, Austria, Japan, France",
26908625,Johansson A,African unspecified,NR,NR,
26908625,Johansson A,African unspecified,NR,NR,
26908625,Johansson A,Asian unspecified,NR,NR,
26908625,Johansson A,Asian unspecified,NR,NR,
26908625,Johansson A,European,NR,NR,
26908625,Johansson A,European,NR,NR,
26831199,Pattaro C,African unspecified,NR,NR,
26831199,Pattaro C,European,NR,NR,
26831199,Pattaro C,African unspecified,NR,NR,
26831199,Pattaro C,Asian unspecified,NR,NR,
26831199,Pattaro C,European,NR,NR,
26831199,Pattaro C,European,NR,NR,
26831199,Pattaro C,European,NR,NR,
26831199,Pattaro C,European,NR,NR,
26831199,Pattaro C,European,NR,NR,
26831199,Pattaro C,European,NR,NR,
26831199,Pattaro C,European,NR,NR,
26831199,Pattaro C,European,NR,NR,
26805783,Schick UM,Hispanic or Latin American,NR,U.S.,
26805783,Schick UM,Hispanic or Latin American,NR,U.S.,
26831199,Pattaro C,European,NR,NR,
26831199,Pattaro C,European,NR,NR,
26785701,Wen W,East Asian,NR,"Republic of Korea, Singapore, China, Philippines, Japan",
26785701,Wen W,East Asian,NR,"China, Japan",
26785701,Wen W,NR,NR,NR,
26785701,Wen W,East Asian,NR,"Republic of Korea, Singapore, China, Philippines, Japan",
26785701,Wen W,East Asian,NR,"China, Japan",
26785701,Wen W,NR,NR,NR,
26785701,Wen W,East Asian,NR,"Republic of Korea, Singapore, China, Philippines, Japan",
26785701,Wen W,East Asian,NR,"China, Japan",
26785701,Wen W,NR,NR,NR,
26785701,Wen W,East Asian,NR,"China, Japan",
26785701,Wen W,East Asian,NR,"Republic of Korea, Singapore, China, Philippines, Japan",
26785701,Wen W,NR,NR,NR,
26780889,Below JE,Hispanic or Latin American,NR,"U.S., Mexico",
26780889,Below JE,Hispanic or Latin American,NR,U.S.,
26780889,Below JE,European,NR,NR,
26780889,Below JE,Hispanic or Latin American,NR,U.S.,
26780889,Below JE,European,NR,NR,
26780889,Below JE,Hispanic or Latin American,NR,"U.S., Mexico",
26780889,Below JE,European,NR,NR,
26780889,Below JE,Hispanic or Latin American,NR,"U.S., Mexico",
26780889,Below JE,Hispanic or Latin American,NR,U.S.,
26780889,Below JE,Hispanic or Latin American,NR,"U.S., Mexico",
26780889,Below JE,Hispanic or Latin American,NR,U.S.,
26780889,Below JE,European,NR,NR,
26776603,Honne K,East Asian,NR,Japan,
26766742,Garcia-Albeniz X,European,NR,"U.S., Australia, Canada, Germany, NR",
26763881,Kurano M,East Asian,NR,Japan,
26763881,Kurano M,East Asian,NR,NR,
26763881,Kurano M,East Asian,NR,Japan,
26763881,Kurano M,East Asian,NR,NR,
26763881,Kurano M,East Asian,NR,Japan,
26763881,Kurano M,East Asian,NR,NR,
26766742,Garcia-Albeniz X,European,NR,"U.S., Australia, Canada, Germany, NR",
26766742,Garcia-Albeniz X,European,NR,"U.S., Australia, Canada, Germany, NR",
26767831,Grant AV,"Greater Middle Eastern (Middle Eastern, North African or Persian)",NR,Morocco,
26767831,Grant AV,"Greater Middle Eastern (Middle Eastern, North African or Persian)",NR,Morocco,
26763881,Kurano M,East Asian,NR,Japan,
26763881,Kurano M,East Asian,NR,NR,
26763874,Ryu D,East Asian,NR,Republic of Korea,
26763874,Ryu D,East Asian,NR,Republic of Korea,
26754954,Otowa T,European,NR,"U.S., Australia, Netherlands, Germany, Switzerland",
26754954,Otowa T,European,NR,"U.S., Australia, Netherlands, Germany, Switzerland",
26599303,Cheung CL,East Asian,NR,China,
26599303,Cheung CL,East Asian,NR,China,
26752167,Taylor JY,African American or Afro-Caribbean,NR,U.S.,
26752167,Taylor JY,African American or Afro-Caribbean,NR,U.S.,
26752167,Taylor JY,African American or Afro-Caribbean,NR,U.S.,
26752167,Taylor JY,African American or Afro-Caribbean,NR,U.S.,
26752265,Bailey JN,European,NR,U.S.,
26752265,Bailey JN,European,NR,U.S.,
26752265,Bailey JN,European,NR,Australia,
26752265,Bailey JN,European,NR,U.S.,
26752265,Bailey JN,European,NR,"Australia, Germany, U.K.",
26752265,Bailey JN,East Asian,NR,Singapore,
26746183,Watanabe H,East Asian,NR,Japan,
26746183,Watanabe H,East Asian,NR,Japan,
26741287,Milet J,African unspecified,NR,Senegal,
26741287,Milet J,African unspecified,NR,Senegal,
26741287,Milet J,African unspecified,NR,Senegal,
26741287,Milet J,African unspecified,NR,Senegal,
26741287,Milet J,African unspecified,NR,Senegal,
26733130,Styrkarsdottir U,European,NR,Iceland,
26733130,Styrkarsdottir U,"European, East Asian",NR,NR,
26733130,Styrkarsdottir U,European,NR,Iceland,
26733130,Styrkarsdottir U,"European, East Asian",NR,NR,
26732560,Cheng YC,European,NR,"Finland, U.S., Italy, Belgium, Germany, U.K., Switzerland, France",
26732560,Cheng YC,African American or Afro-Caribbean,NR,U.S.,
26732560,Cheng YC,South Asian,NR,Pakistan,
26732560,Cheng YC,European,NR,"Sweden, Poland, Australia, Belgium, Germany, U.K.",
26732560,Cheng YC,European,NR,"Finland, U.S., Italy, Belgium, Germany, U.K., Switzerland, France",
26732560,Cheng YC,African American or Afro-Caribbean,NR,U.S.,
26732560,Cheng YC,South Asian,NR,Pakistan,
26732560,Cheng YC,European,NR,"Finland, U.S., Italy, Belgium, Germany, U.K., Switzerland, France",
26732560,Cheng YC,African American or Afro-Caribbean,NR,U.S.,
26732560,Cheng YC,South Asian,NR,Pakistan,
26732560,Cheng YC,European,NR,"Finland, U.S., Italy, Belgium, Germany, U.K., Switzerland, France",
26732560,Cheng YC,African American or Afro-Caribbean,NR,U.S.,
26732560,Cheng YC,South Asian,NR,Pakistan,
26732560,Cheng YC,European,NR,"Finland, U.S., Italy, Belgium, Germany, U.K., Switzerland, France",
26732560,Cheng YC,African American or Afro-Caribbean,NR,U.S.,
26732560,Cheng YC,South Asian,NR,Pakistan,
26732429,Wang Z,East Asian,NR,"China, Japan",
26732429,Wang Z,East Asian,NR,"China, Japan",
26732429,Wang Z,East Asian,NR,"China, Japan",
26732429,Wang Z,East Asian,NR,"China, Japan",
26732621,Ruth KS,European,NR,U.K.,
26845276,Ikeda M,East Asian,NR,Japan,
26545403,Bei JX,East Asian,NR,"China, Malaysia, Taiwan",
26545403,Bei JX,East Asian,NR,"China, Malaysia, Taiwan",
27897004,Verma SS,European,NR,NR,
27897004,Verma SS,European,NR,NR,
26718567,Williams SR,European,NR,"U.S., Canada, U.K.",
26718567,Williams SR,African unspecified,NR,"U.S., Canada, U.K.",
26718567,Williams SR,NR,NR,"U.S., Canada, U.K.",
26718567,Williams SR,European,NR,"U.S., Canada, U.K.",
26718567,Williams SR,African unspecified,NR,"U.S., Canada, U.K.",
26718567,Williams SR,NR,NR,"U.S., Canada, U.K.",
26718567,Williams SR,European,NR,"U.S., Canada, U.K.",
26718567,Williams SR,African unspecified,NR,"U.S., Canada, U.K.",
26718567,Williams SR,NR,NR,"U.S., Canada, U.K.",
26718567,Williams SR,European,NR,"U.S., Canada, U.K.",
26718567,Williams SR,African unspecified,NR,"U.S., Canada, U.K.",
26718567,Williams SR,NR,NR,"U.S., Canada, U.K.",
26718567,Williams SR,European,NR,"U.S., Canada, U.K.",
26718567,Williams SR,African unspecified,NR,"U.S., Canada, U.K.",
26718567,Williams SR,NR,NR,"U.S., Canada, U.K.",
26718567,Williams SR,European,NR,"U.S., Canada, U.K.",
26718567,Williams SR,African unspecified,NR,"U.S., Canada, U.K.",
26718567,Williams SR,NR,NR,"U.S., Canada, U.K.",
26701879,Wang Z,East Asian,NR,China,
26701879,Wang Z,East Asian,NR,China,
26865924,Lee M,East Asian,NR,Republic of Korea,
26865924,Lee M,East Asian,NR,Republic of Korea,
26782385,Zhou TQ,East Asian,NR,China,
26782385,Zhou TQ,East Asian,NR,China,
26686553,Jorgenson E,European,NR,U.S.,
26686553,Jorgenson E,European,NR,NR,
26685716,Chang X,European,NR,U.S.,
26685716,Chang X,European,NR,"U.S., NR",
26691988,Fritsche LG,European,NR,NR,
26691988,Fritsche LG,Asian unspecified,NR,NR,
26691988,Fritsche LG,African unspecified,NR,NR,
26691988,Fritsche LG,NR,NR,NR,
26708676,Pulit SL,European,NR,"Sweden, U.S., Poland, Australia, Canada, Belgium, Germany, U.K., Spain, Austria, NR",
26708676,Pulit SL,"African American or Afro-Caribbean, African unspecified",NR,"U.S., NR",
26708676,Pulit SL,East Asian,NR,NR,
26708676,Pulit SL,European,NR,"Sweden, U.S., Iceland, Netherlands, Germany, U.K., Spain, NR",
26708676,Pulit SL,Hispanic or Latin American,NR,NR,
26708676,Pulit SL,South Asian,NR,Pakistan,
26708676,Pulit SL,Hispanic or Latin American,NR,U.S.,
26708676,Pulit SL,"African American or Afro-Caribbean, African unspecified",NR,"U.S., NR",
26708676,Pulit SL,European,NR,"Sweden, U.S., Poland, Australia, Canada, Belgium, Germany, U.K., Spain, Austria, NR",
26708676,Pulit SL,"African American or Afro-Caribbean, African unspecified",NR,"U.S., NR",
26708676,Pulit SL,East Asian,NR,NR,
26708676,Pulit SL,European,NR,"Sweden, U.S., Iceland, Netherlands, Germany, U.K., Spain, NR",
26708676,Pulit SL,Hispanic or Latin American,NR,NR,
26708676,Pulit SL,"African American or Afro-Caribbean, African unspecified",NR,"U.S., NR",
26708676,Pulit SL,Hispanic or Latin American,NR,U.S.,
26708676,Pulit SL,European,NR,"Sweden, U.S., Poland, Australia, Canada, Belgium, Germany, U.K., Spain, Austria, NR",
26708676,Pulit SL,"African American or Afro-Caribbean, African unspecified",NR,"U.S., NR",
26708676,Pulit SL,East Asian,NR,NR,
26708676,Pulit SL,European,NR,"Sweden, U.S., Iceland, Netherlands, Germany, U.K., Spain, NR",
26708676,Pulit SL,Hispanic or Latin American,NR,NR,
26708676,Pulit SL,South Asian,NR,Pakistan,
26708676,Pulit SL,"African American or Afro-Caribbean, African unspecified",NR,"U.S., NR",
26708676,Pulit SL,Hispanic or Latin American,NR,U.S.,
26708676,Pulit SL,European,NR,"Sweden, U.S., Poland, Australia, Canada, Belgium, Germany, U.K., Spain, Austria, NR",
26708676,Pulit SL,"African American or Afro-Caribbean, African unspecified",NR,"U.S., NR",
26708676,Pulit SL,East Asian,NR,NR,
26708676,Pulit SL,European,NR,"Sweden, U.S., Iceland, Netherlands, Germany, U.K., Spain, NR",
26708676,Pulit SL,Hispanic or Latin American,NR,NR,
26708676,Pulit SL,South Asian,NR,Pakistan,
26708676,Pulit SL,"African American or Afro-Caribbean, African unspecified",NR,"U.S., NR",
26708676,Pulit SL,Hispanic or Latin American,NR,U.S.,
26708676,Pulit SL,European,NR,"Sweden, U.S., Poland, Australia, Canada, Belgium, Germany, U.K., Spain, Austria, NR",
26708676,Pulit SL,"African American or Afro-Caribbean, African unspecified",NR,"U.S., NR",
26708676,Pulit SL,East Asian,NR,NR,
26708676,Pulit SL,European,"Sweden, U.S., Iceland, Netherlands, Germany, U.K., Spain, NR",NR,
26708676,Pulit SL,Hispanic or Latin American,NR,NR,
26708676,Pulit SL,South Asian,NR,Pakistan,
26708676,Pulit SL,"African American or Afro-Caribbean, African unspecified",NR,"U.S., NR",
26708676,Pulit SL,Hispanic or Latin American,NR,U.S.,
26674333,Traylor M,European,NR,"U.S., Australia, Italy, Canada, Belgium, Germany, U.K., NR",
26675016,Cha S,East Asian,NR,Republic of Korea,
26675016,Cha S,East Asian,NR,Republic of Korea,
26704534,Sapkota BR,South Asian,NR,India,
26704534,Sapkota BR,South Asian,NR,India,
26686025,Hwang JY,East Asian,NR,Republic of Korea,
26686025,Hwang JY,East Asian,NR,Republic of Korea,
26656879,Yu H,East Asian,NR,China,
26656879,Yu H,East Asian,NR,China,
26644207,Clarelli F,European,NR,Italy,
26634245,Lutz SM,European,NR,"U.S., NR, Norway",
26634245,Lutz SM,African American or Afro-Caribbean,NR,U.S.,
26634245,Lutz SM,European,NR,U.S.,
26634245,Lutz SM,European,NR,U.S.,
26634245,Lutz SM,European,NR,"U.S., NR, Norway",
26634245,Lutz SM,African American or Afro-Caribbean,NR,U.S.,
26634245,Lutz SM,European,NR,"U.S., NR, Norway",
26634245,Lutz SM,African American or Afro-Caribbean,NR,U.S.,
26634245,Lutz SM,NR,NR,NR,
26634245,Lutz SM,European,NR,"U.S., NR, Norway",
26634245,Lutz SM,African American or Afro-Caribbean,NR,U.S.,
26634245,Lutz SM,NR,NR,NR,
26631737,Teumer A,European,NR,NR,
26631737,Teumer A,European,NR,NR,
26631737,Teumer A,European,NR,NR,
26631737,Teumer A,European,NR,NR,
26631737,Teumer A,European,NR,NR,
26621817,Cheng TH,European,NR,"U.S., Australia, U.K.",
26621817,Cheng TH,European,NR,"Sweden, U.S., Australia, Belgium, Germany, U.K., Norway",
26621817,Cheng TH,European,NR,"U.S., Australia, U.K.",
26626624,Stuart PE,European,NR,"U.S., Canada, Germany, Estonia",
26626624,Stuart PE,European,NR,"U.S., Australia, Canada, Germany, Estonia, New Zealand",
26626624,Stuart PE,European,NR,"U.S., Canada, Germany, Estonia",
26626624,Stuart PE,European,NR,"U.S., Australia, Canada, Germany, Estonia, New Zealand",
26626624,Stuart PE,European,NR,"U.S., Canada, Germany, Estonia",
26626624,Stuart PE,European,NR,"U.S., Australia, Canada, Germany, Estonia, New Zealand",
26626624,Stuart PE,European,NR,"U.S., Canada, Germany, Estonia",
26626624,Stuart PE,European,NR,"U.S., Australia, Canada, Germany, Estonia, New Zealand",
26606652,Alarcon-Riquelme ME,"Hispanic or Latin American, Native American",NR,"Argentina, U.S., Chile, Peru, Mexico",
26600424,MacInnis MJ,Asian unspecified,NR,Nepal,
26600424,MacInnis MJ,Asian unspecified,NR,Nepal,
26620591,Barreto-Luis A,European,Spain,Spain,
26620591,Barreto-Luis A,European,Spain,Spain,
26604143,Felix JF,European,NR,"Finland, U.S., Australia, Netherlands, Germany, U.K., Spain, Denmark",
26604143,Felix JF,European,NR,"Finland, U.S., Netherlands, Greece, Germany, U.K., Spain, France, Denmark",
26870257,Qu LS,East Asian,NR,China,
26870257,Qu LS,East Asian,NR,China,
26584805,Dorajoo R,East Asian,NR,Singapore,
26586795,Phipps AI,European,NR,NR,
26586795,Phipps AI,European,NR,NR,
26586795,Phipps AI,European,NR,NR,
26586795,Phipps AI,European,NR,NR,
26584805,Dorajoo R,East Asian,NR,Singapore,
26586795,Phipps AI,European,NR,NR,
26586795,Phipps AI,European,NR,NR,
26584805,Dorajoo R,East Asian,NR,Singapore,
26584805,Dorajoo R,East Asian,NR,Singapore,
26584805,Dorajoo R,East Asian,NR,Singapore,
26584805,Dorajoo R,East Asian,NR,Singapore,
26584805,Dorajoo R,East Asian,NR,Singapore,
26584805,Dorajoo R,East Asian,NR,Singapore,
26584805,Dorajoo R,East Asian,NR,Singapore,
26580837,Chen CJ,East Asian,NR,China,
26582766,Lu X,East Asian,NR,China,
26582766,Lu X,East Asian,NR,China,
26582766,Lu X,East Asian,NR,China,
26582766,Lu X,East Asian,NR,China,
26582766,Lu X,East Asian,NR,China,
26582766,Lu X,East Asian,NR,China,
26582766,Lu X,East Asian,NR,China,
26582766,Lu X,East Asian,NR,China,
26569114,Brown EL,Hispanic or Latin American,NR,U.S.,
26569114,Brown EL,Hispanic or Latin American,NR,U.S.,
26531332,Kim LH,East Asian,NR,Republic of Korea,
26531332,Kim LH,East Asian,NR,Republic of Korea,
26566055,Mieda T,East Asian,NR,Japan,
26566055,Mieda T,East Asian,NR,Japan,
26561523,de Vries PS,European,NR,"Finland, Sweden, U.S., Australia, Italy, Netherlands, Germany, U.K., Croatia, France, Republic of Ireland, Denmark",
26573232,Wu L,NR,NR,China,
26573232,Wu L,NR,NR,China,
26553974,McLaren PJ,European,NR,"U.S., Australia, Netherlands, France",
26546620,Xu CF,European,NR,NR,
26546620,Xu CF,Asian unspecified,NR,NR,
26546620,Xu CF,"NR, Other",NR,NR,
26546620,Xu CF,European,NR,NR,
26546620,Xu CF,Asian unspecified,NR,NR,
26546620,Xu CF,"NR, Other",NR,NR,
26545240,Giri A,African American or Afro-Caribbean,NR,U.S.,
26545240,Giri A,Hispanic or Latin American,NR,U.S.,
26542096,Marenholz I,European,NR,"Sweden, Netherlands, Germany, U.K., France",
26542096,Marenholz I,European,NR,"U.S., Australia, Germany",
26545240,Giri A,African American or Afro-Caribbean,NR,U.S.,
26545240,Giri A,Hispanic or Latin American,NR,U.S.,
26589003,Federoff M,European,NR,"U.S., Italy, Netherlands, Portugal, Germany, U.K., Spain, Austria, Denmark",
26528553,Davenport ER,European,NR,NR,
26528553,Davenport ER,European,NR,NR,
26528553,Davenport ER,European,NR,NR,
26525574,Westerlind H,European,NR,"Sweden, Germany",
26525574,Westerlind H,European,NR,Sweden,
26434682,Lin YJ,East Asian,NR,China,
26414677,Day FR,European,NR,NR,
26414677,Day FR,European,NR,NR,
26366551,Zoledziewska M,European,NR,Italy,
26366551,Zoledziewska M,European,NR,"U.K., Greece, Italy",
26414677,Day FR,European,NR,NR,
26632684,Dong J,European,NR,U.S.,
26516778,Bis JC,European,NR,"U.S., Iceland, Netherlands, U.K., Republic of Ireland",
26516778,Bis JC,European,NR,U.S.,
26516778,Bis JC,African American or Afro-Caribbean,NR,U.S.,
26516778,Bis JC,European,NR,"U.S., Iceland, Netherlands, U.K., Republic of Ireland",
26516778,Bis JC,European,NR,U.S.,
26516778,Bis JC,European,NR,"U.S., Iceland, Netherlands, U.K., Republic of Ireland",
26516778,Bis JC,European,NR,U.S.,
26516778,Bis JC,European,NR,"U.S., Iceland, Netherlands, U.K., Republic of Ireland",
26516778,Bis JC,European,NR,U.S.,
26516778,Bis JC,European,NR,"U.S., Iceland, Netherlands, U.K., Republic of Ireland",
26516778,Bis JC,European,NR,U.S.,
26516778,Bis JC,African American or Afro-Caribbean,NR,U.S.,
26516778,Bis JC,European,NR,"U.S., Iceland, Netherlands, U.K., Republic of Ireland",
26516778,Bis JC,European,NR,U.S.,
26516778,Bis JC,African American or Afro-Caribbean,NR,U.S.,
26516778,Bis JC,European,NR,"U.S., Iceland, Netherlands, U.K., Republic of Ireland",
26516778,Bis JC,European,NR,NR,
26516778,Bis JC,European,NR,"U.S., Iceland, Netherlands, U.K., Republic of Ireland",
26516778,Bis JC,European,NR,U.S.,
26516778,Bis JC,African American or Afro-Caribbean,NR,U.S.,
26519441,Kim S,African American or Afro-Caribbean,NR,U.S.,
26519441,Kim S,Sub-Saharan African,NR,"Nigeria, Niger",
26503584,Litchfield K,European,NR,U.K.,
26503584,Litchfield K,NR,NR,U.K.,
26503584,Litchfield K,European,NR,U.K.,
26503584,Litchfield K,NR,NR,U.K.,
26503584,Litchfield K,European,NR,U.K.,
26503763,Song J,European,NR,"Sweden, U.K.",
26503763,Song J,European,NR,"Sweden, U.K.",
26503763,Song J,European,NR,"Sweden, U.K.",
26503763,Song J,European,NR,"Sweden, U.K.",
26502338,Bentham J,European,NR,"U.S., Italy, Netherlands, Turkey, Spain, NR",
26502338,Bentham J,European,NR,"U.S., Italy, Netherlands, Turkey, Spain, NR",
26502338,Bentham J,European,NR,"Canada, Germany, U.K., NR, France",
26488411,Matsukura M,East Asian,NR,Japan,
26488411,Matsukura M,East Asian,NR,Japan,
26491034,Sarzynski MA,European,NR,U.S.,
26486471,van Loon J,European,NR,NR,
26480920,Sung YJ,European,NR,"U.S., Canada",
26480920,Sung YJ,European,NR,U.S.,
26480920,Sung YJ,African American or Afro-Caribbean,NR,U.S.,
26480920,Sung YJ,European,NR,"U.S., Canada",
26480920,Sung YJ,European,NR,U.S.,
26480920,Sung YJ,African American or Afro-Caribbean,NR,U.S.,
26480920,Sung YJ,European,NR,"U.S., Canada",
26480920,Sung YJ,European,NR,U.S.,
26480920,Sung YJ,African American or Afro-Caribbean,NR,U.S.,
26480920,Sung YJ,European,NR,"U.S., Canada",
26480920,Sung YJ,European,NR,U.S.,
26480920,Sung YJ,African American or Afro-Caribbean,NR,U.S.,
26480920,Sung YJ,European,NR,"U.S., Canada",
26480920,Sung YJ,European,NR,"U.S., Canada",
26480920,Sung YJ,European,NR,"U.S., Canada",
26480920,Sung YJ,European,NR,"U.S., Canada",
26480920,Sung YJ,European,NR,"U.S., Canada",
26480920,Sung YJ,European,NR,U.S.,
26480920,Sung YJ,African American or Afro-Caribbean,NR,U.S.,
26480920,Sung YJ,European,NR,"U.S., Canada",
26480920,Sung YJ,European,NR,U.S.,
26480920,Sung YJ,African American or Afro-Caribbean,NR,U.S.,
26480920,Sung YJ,European,NR,"U.S., Canada",
26480920,Sung YJ,European,NR,U.S.,
26480920,Sung YJ,African American or Afro-Caribbean,NR,U.S.,
26480920,Sung YJ,European,NR,"U.S., Canada",
26480920,Sung YJ,European,NR,U.S.,
26480920,Sung YJ,African American or Afro-Caribbean,NR,U.S.,
26482880,Buch S,European,NR,"Germany, U.K., Switzerland, Austria",
26482880,Buch S,European,NR,"Belgium, Germany",
26482879,Paternoster L,European,NR,"Finland, Sweden, Australia, Netherlands, Germany, U.K., Switzerland, Spain, NR, Republic of Ireland, Norway, Denmark",
26482879,Paternoster L,Hispanic or Latin American,NR,"Puerto Rico, U.S.",
26482879,Paternoster L,African American or Afro-Caribbean,NR,U.S.,
26482879,Paternoster L,East Asian,NR,Japan,
26482879,Paternoster L,European,NR,"Sweden, U.S., Poland, Czech Republic, Australia, Iceland, Italy, Netherlands, Belgium, Germany, U.K., Switzerland, Spain, Estonia, NR, France, Norway, Denmark",
26482879,Paternoster L,East Asian,NR,China,
26482879,Paternoster L,African American or Afro-Caribbean,NR,U.S.,
26482879,Paternoster L,NR,NR,NR,
26490195,Cleynen I,European,NR,NR,
26490195,Cleynen I,European,NR,NR,
26460308,Ghesquieres H,European,NR,"U.S., France",
26460308,Ghesquieres H,European,NR,U.S.,
26562150,Seldin MF,European,NR,"Sweden, U.S., Poland, Netherlands, Germany, U.K., France, Norway",
26451028,Hofer E,European,NR,"U.S., Australia, Iceland, Netherlands, U.K., Austria, France, Republic of Ireland",
26450422,DeLorenze GN,European,NR,U.S.,
26451028,Hofer E,European,NR,"U.S., Australia, Iceland, Netherlands, U.K., Austria, France, Republic of Ireland",
26450422,DeLorenze GN,European,NR,U.S.,
26443449,Wang M,East Asian,NR,"China, Japan",
26443449,Wang M,East Asian,NR,"U.S., China",
29315334,Broce I,NR,NR,NR,
29315502,Tamraz B,European,NR,U.S.,
29315502,Tamraz B,African American or Afro-Caribbean,NR,U.S.,
29315502,Tamraz B,Hispanic or Latin American,NR,U.S.,
29315502,Tamraz B,"Asian unspecified, Other",NR,U.S.,
29315502,Tamraz B,NR,NR,U.S.,
29325163,Hong J,African American or Afro-Caribbean,NR,U.S.,
29325163,Hong J,Hispanic or Latin American,NR,U.S.,"Mexican, Puerto Rican"
29325163,Hong J,European,NR,NR,
29325096,Eriksson AL,European,NR,"U.S., Germany, Netherlands, Sweden, Italy",
29317701,Rappoport N,European,NR,U.S.,
29317701,Rappoport N,African American or Afro-Caribbean,NR,U.S.,
29317701,Rappoport N,East Asian,NR,U.S.,
29317701,Rappoport N,South East Asian,NR,U.S.,
29317701,Rappoport N,African American or Afro-Caribbean,NR,U.S.,
29317701,Rappoport N,Hispanic or Latin American,NR,"U.S., Puerto Rico",
29317701,Rappoport N,European,NR,U.S.,
29317701,Rappoport N,Hispanic or Latin American,NR,U.S.,
29310926,Sharma A,European,NR,"U.S., Germany, Finland, Sweden",Caucasian
29310926,Sharma A,European,NR,"U.S., Germany, Finland, Sweden",Caucasian
29290336,Nielsen JB,European,NR,Norway,
29290336,Nielsen JB,European,NR,"U.S., Denmark, Norway, U.K., NR",
29304378,Medina-Gomez C,"European, African American or Afro-Caribbean",NR,"U.S., Netherlands, Iceland, Sweden, U.K., NR",
29304378,Medina-Gomez C,European,NR,"Netherlands, U.K., NR",
29304378,Medina-Gomez C,"European, NR",NR,"Netherlands, Brazil, Iceland, U.K., NR",
29304378,Medina-Gomez C,"European, NR",NR,"Australia, Netherlands, Brazil, Iceland, Sweden, U.K.",
29304378,Medina-Gomez C,"European, NR",NR,"Netherlands, Denmark, Finland, U.K., NR",
29304378,Medina-Gomez C,European,NR,"U.S., Australia, Netherlands, Denmark, Finland, Iceland, Sweden, U.K., NR","Northern European, Icelandic"
29304378,Medina-Gomez C,African American or Afro-Caribbean,NR,U.S.,
29304378,Medina-Gomez C,NR,NR,"U.S., Australia, Netherlands, Brazil","Multi-ethnic, admixed"
29309628,Beaumont RN,European,NR,"Canada, Australia, Netherlands, Denmark, Finland, Norway, U.K.","Finnish, Norwegian, Northern European, Dutch, Danish, British"
29309628,Beaumont RN,European,NR,"Canada, U.S., Australia, Germany, Netherlands, Denmark, U.K., Greece, Spain","European American, Danish, White, Canadian, Dutch, Spanish, British, Australian, Greek, British Caucasian"
29293525,Gudmundsdottir V,European,NR,Germany,
29293525,Gudmundsdottir V,NR,NR,Netherlands,
29293537,Gorlova OY,European,NR,"U.S., Spain",
29293537,Gorlova OY,African American or Afro-Caribbean,NR,U.S.,
29293537,Gorlova OY,European,NR,"U.S., Spain",
29293537,Gorlova OY,African American or Afro-Caribbean,NR,U.S.,
29293537,Gorlova OY,European,NR,"U.S., Spain",
29293537,Gorlova OY,African American or Afro-Caribbean,NR,U.S.,
29293537,Gorlova OY,European,NR,"U.S., Spain",
29293537,Gorlova OY,African American or Afro-Caribbean,NR,U.S.,
29293537,Gorlova OY,European,NR,"U.S., Spain",
29293537,Gorlova OY,African American or Afro-Caribbean,NR,U.S.,
29293537,Gorlova OY,European,NR,"U.S., Spain",
29293537,Gorlova OY,African American or Afro-Caribbean,NR,U.S.,
29293537,Gorlova OY,European,NR,"U.S., Spain",
29293537,Gorlova OY,African American or Afro-Caribbean,NR,U.S.,
29293537,Gorlova OY,European,NR,"U.S., Spain",
29293537,Gorlova OY,African American or Afro-Caribbean,NR,U.S.,
29293537,Gorlova OY,European,NR,"U.S., Spain",
29293537,Gorlova OY,African American or Afro-Caribbean,NR,U.S.,
29293537,Gorlova OY,European,NR,"U.S., Spain",
29293537,Gorlova OY,African American or Afro-Caribbean,NR,U.S.,
29364747,Jonsson L,"NR, European",NR,Netherlands,
29364747,Jonsson L,European,NR,Iceland,Icelandic
29364747,Jonsson L,European,NR,"Guatemala, U.S., Colombia, Argentina, Philippines, Hungary, Denmark",
29364747,Jonsson L,European,NR,Iceland,Icelandic
29364747,Jonsson L,European,NR,Portugal,
29364747,Jonsson L,European,NR,Iceland,Icelandic
29364747,Jonsson L,"European, NR",NR,Netherlands,
29364747,Jonsson L,"NR, European",NR,Netherlands,
29364747,Jonsson L,European,NR,Iceland,Icelandic
29364747,Jonsson L,European,NR,Denmark,
29354237,Kim HA,East Asian,NR,Republic of Korea,
29354237,Kim HA,East Asian,NR,Republic of Korea,
29292387,Turley P,European,NR,NR,
29292387,Turley P,European,NR,NR,
29263008,Guerreiro R,European,NR,"Canada, U.S., Australia, France, Germany, Netherlands, Finland, U.K., Portugal, Spain",
29263008,Guerreiro R,European,NR,U.S.,
29354237,Kim HA,East Asian,NR,Republic of Korea,
29292387,Turley P,European,NR,NR,
29292387,Turley P,European,NR,NR,
29292387,Turley P,European,NR,NR,
29292387,Turley P,European,NR,NR,
29288229,McCormack M,European,NR,NR,
29288229,McCormack M,East Asian,NR,NR,
29288229,McCormack M,European,NR,NR,
29288229,McCormack M,East Asian,NR,NR,
29288229,McCormack M,European,NR,"Canada, Brazil, U.K.",
29288229,McCormack M,European,NR,NR,
29288229,McCormack M,East Asian,NR,NR,
29288229,McCormack M,European,NR,NR,
29288229,McCormack M,East Asian,NR,NR,
29271184,Chung GE,East Asian,NR,Republic of Korea,
29271184,Chung GE,East Asian,NR,Republic of Korea,
29278698,Zagajewska K,European,NR,Poland,
29273593,Duan L,East Asian,NR,China,
29273593,Duan L,East Asian,NR,China,
29273806,Demenais F,European,NR,"U.S., Canada, Australia, Austria, France, Germany, Netherlands, Switzerland, Russian Federation, Denmark, Finland, Iceland, Sweden, U.K., NR",
29273806,Demenais F,European,NR,"Canada, U.S., Australia, Austria, France, Germany, Netherlands, Switzerland, Russian Federation, Denmark, Sweden, U.K., NR",
29273806,Demenais F,East Asian,NR,Japan,Japanese
29273806,Demenais F,Hispanic or Latin American,NR,U.S.,Latino
29273806,Demenais F,"African unspecified, African American or Afro-Caribbean",NR,U.S.,
29273806,Demenais F,European,NR,"U.S., Canada, Australia, Austria, France, Germany, Netherlands, Switzerland, Russian Federation, Denmark, Finland, Iceland, Sweden, U.K., NR",
29273806,Demenais F,East Asian,NR,Japan,Japanese
29273806,Demenais F,Hispanic or Latin American,NR,U.S.,Latino
29263402,Han Y,East Asian,NR,Singapore,Chinese (Cantonese and Hokkiens)
29263402,Han Y,South Asian,NR,Singapore,Asian Indian
29263402,Han Y,South East Asian,NR,Singapore,Malay
29274321,Chung J,European,NR,NR,
29274321,Chung J,European,NR,NR,
29274321,Chung J,European,NR,NR,
29274321,Chung J,European,NR,NR,
29274321,Chung J,European,NR,NR,
29274321,Chung J,European,NR,NR,
29274321,Chung J,European,NR,NR,
29274321,Chung J,European,NR,NR,
29274321,Chung J,European,NR,NR,
29274321,Chung J,European,NR,NR,
29274321,Chung J,European,NR,NR,
29274321,Chung J,European,NR,NR,
29274321,Chung J,European,NR,NR,
29274321,Chung J,European,NR,NR,
29274321,Chung J,European,NR,NR,
29274321,Chung J,European,NR,NR,
29274321,Chung J,European,NR,NR,
29274321,Chung J,European,NR,NR,
29274321,Chung J,European,NR,NR,
29274321,Chung J,European,NR,NR,
29274321,Chung J,European,NR,NR,
29274321,Chung J,European,NR,NR,
29274321,Chung J,European,NR,NR,
29274321,Chung J,European,NR,NR,
29266176,Inaba H,European,NR,U.S.,
29266176,Inaba H,African American or Afro-Caribbean,NR,U.S.,
29266176,Inaba H,NR,NR,U.S.,
29253858,Bohman A,European,NR,Sweden,
29255261,Luciano M,European,NR,U.K.,
29255261,Luciano M,European,NR,"Australia, U.S., NR",
29505938,Dunn EC,Hispanic or Latin American,NR,U.S.,
29505938,Dunn EC,Hispanic or Latin American,NR,U.S.,
29253144,Voigt EA,European,NR,U.S.,
29253144,Voigt EA,African American or Afro-Caribbean,NR,U.S.,
29240982,Mitchell JA,European,NR,U.S.,
29240982,Mitchell JA,"African unspecified, Asian unspecified",NR,U.S.,
29240982,Mitchell JA,European,NR,U.S.,
29240982,Mitchell JA,European,NR,U.S.,
29240982,Mitchell JA,"African unspecified, Asian unspecified",NR,U.S.,
29240982,Mitchell JA,European,NR,U.S.,
29240982,Mitchell JA,European,NR,U.S.,
29240982,Mitchell JA,"African unspecified, Asian unspecified",NR,U.S.,
29240982,Mitchell JA,European,NR,U.S.,
29253144,Voigt EA,European,NR,U.S.,
29253144,Voigt EA,African American or Afro-Caribbean,NR,U.S.,
29235454,Choquet H,European,NR,U.S.,Non-Hispanic White
29235454,Choquet H,Hispanic or Latin American,NR,U.S.,
29235454,Choquet H,East Asian,NR,U.S.,
29235454,Choquet H,African American or Afro-Caribbean,NR,U.S.,
29235454,Choquet H,"European, Asian unspecified",NR,NR,European and Asian ancestry (see Springelkamp 2017)
29230059,Sanchez-Roige S,European,NR,NR,
29230059,Sanchez-Roige S,European,NR,NR,
29221444,Divers J,African American or Afro-Caribbean,NR,U.S.,
29221444,Divers J,African American or Afro-Caribbean,NR,U.S.,
29221444,Divers J,African American or Afro-Caribbean,NR,U.S.,
29221444,Divers J,African American or Afro-Caribbean,NR,U.S.,
29221444,Divers J,African American or Afro-Caribbean,NR,U.S.,
29221444,Divers J,African American or Afro-Caribbean,NR,U.S.,
29217827,Sanders AR,European,NR,NR,
29208002,Kim M,East Asian,NR,Republic of Korea,
29212778,van der Harst P,NR,NR,U.K.,
29212778,van der Harst P,NR,NR,"NR, U.K.",
29212778,van der Harst P,NR,NR,"U.K., NR",
29212900,Li C,East Asian,NR,China,Han Chinese
29212900,Li C,East Asian,NR,U.S.,
29212900,Li C,East Asian,NR,China,Han Chinese
29212900,Li C,East Asian,NR,U.S.,
29210060,Koster R,European,NR,"Canada, U.S., Australia, U.K., Italy, Spain",
29210060,Koster R,Hispanic or Latin American,NR,Brazil,Brazilian
29220522,Liu F,"South Asian, Greater Middle Eastern (Middle Eastern, North African or Persian), Hispanic or Latin American",NR,U.S.,"South American, South Asian or Middle Eastern"
29220522,Liu F,European,NR,"Netherlands, U.K., Australia",
29220522,Liu F,European,NR,"U.S., Netherlands, Poland",
29220522,Liu F,East Asian,NR,China,Han Chinese
29220522,Liu F,Other,NR,China,Uyghur
29220522,Liu F,Hispanic or Latin American,NR,"Mexico, Brazil, Chile, Colombia, Peru","48% European, 46% Native American, 6% African"
29212778,van der Harst P,NR,NR,U.K.,
29212778,van der Harst P,NR,NR,"U.K., NR",
29208002,Kim M,East Asian,NR,Republic of Korea,
29213071,Mendez-Giraldez R,Hispanic or Latin American,NR,U.S.,"Mexican, Puerto Rican, Dominican, Cuban, Central American, South American"
29207912,Nishizawa D,East Asian,NR,Japan,Japanese
29207912,Nishizawa D,East Asian,NR,Japan,Japanese
29212900,Li C,East Asian,NR,China,Han Chinese
29212900,Li C,East Asian,NR,U.S.,
29212900,Li C,East Asian,NR,China,Han Chinese
29212900,Li C,East Asian,NR,U.S.,
29206233,Shendre A,African American or Afro-Caribbean,NR,U.S.,Black non-Hispanic
29206233,Shendre A,African American or Afro-Caribbean,NR,U.S.,Black non-Hispanic
29206233,Shendre A,African American or Afro-Caribbean,NR,U.S.,Black non-Hispanic
29325848,Martin J,European,NR,"U.S., Germany, Denmark, Norway, U.K., Spain, NR, Canada",
29325848,Martin J,European,NR,"Canada, U.S., Germany, Denmark, Norway, U.K., Spain, NR",
29203360,Sanders MGH,"European, NR",NR,"Netherlands, NR",
29325848,Martin J,European,NR,"Canada, U.S., Germany, Denmark, Norway, U.K., Spain, NR",
29196614,Sud A,European,NR,"Germany, U.K.",
29196614,Sud A,NR,NR,U.K.,
29227965,Pilling LC,European,NR,U.K.,British
29227965,Pilling LC,European,NR,U.K.,British
29227965,Pilling LC,European,NR,U.K.,British
29227965,Pilling LC,European,NR,U.K.,British
29227965,Pilling LC,European,NR,U.K.,British
29227965,Pilling LC,European,NR,U.K.,British
29227965,Pilling LC,European,NR,U.K.,British
29237677,Salo PP,European,NR,Finland,Finnish
29237677,Salo PP,European,NR,Finland,Finnish
29251981,Weafer J,European,NR,U.S.,Caucasian non-Hispanic
29212897,Salminen A,European,NR,Finland,Finnish
29237677,Salo PP,European,NR,Finland,Finnish
29237677,Salo PP,European,NR,Finland,Finnish
29237677,Salo PP,European,NR,Finland,Finnish
29237677,Salo PP,European,NR,Finland,Finnish
29237677,Salo PP,European,NR,Finland,Finnish
29237677,Salo PP,European,NR,Finland,Finnish
29196614,Sud A,European,NR,"Germany, U.K.",
29196614,Sud A,NR,NR,U.K.,
29196614,Sud A,European,NR,"Germany, U.K.",
29196614,Sud A,NR,NR,U.K.,
29198719,Shaffer JR,European,NR,"U.S., NR",
29198719,Shaffer JR,Hispanic or Latin American,NR,"Mexico, Brazil, Chile, Colombia, Peru",
29198719,Shaffer JR,East Asian,NR,China,Han Chinese
29198719,Shaffer JR,European,NR,U.S.,
29198719,Shaffer JR,Hispanic or Latin American,NR,"Brazil, Mexico, Chile, Colombia, Peru",
29198719,Shaffer JR,East Asian,NR,China,Han Chinese
29195075,Martin AR,Sub-Saharan African,NR,South Africa,"?«ÌKhomani San, Nama"
29195075,Martin AR,Sub-Saharan African,NR,South Africa,"?«ÌKhomani San, Nama"
29187748,Morey RA,African American or Afro-Caribbean,NR,U.S.,Non-Hispanic Black
29187748,Morey RA,European,NR,U.S.,Non-Hispanic White
29187748,Morey RA,African American or Afro-Caribbean,NR,U.S.,Non-Hispanic Black
29187748,Morey RA,European,NR,U.S.,Non-Hispanic White
29187748,Morey RA,African American or Afro-Caribbean,NR,U.S.,Non-Hispanic Black
29187748,Morey RA,European,NR,U.S.,Non-Hispanic White
29187748,Morey RA,African American or Afro-Caribbean,NR,U.S.,Non-Hispanic Black
29187748,Morey RA,European,NR,U.S.,Non-Hispanic White
29187748,Morey RA,African American or Afro-Caribbean,NR,U.S.,Non-Hispanic Black
29187748,Morey RA,European,NR,U.S.,Non-Hispanic White
29187748,Morey RA,African American or Afro-Caribbean,NR,U.S.,Non-Hispanic Black
29187748,Morey RA,European,NR,U.S.,Non-Hispanic White
29187748,Morey RA,African American or Afro-Caribbean,NR,U.S.,Non-Hispanic Black
29187748,Morey RA,European,NR,U.S.,Non-Hispanic White
29187730,Ward J,European,NR,U.K.,
29195075,Martin AR,Sub-Saharan African,NR,South Africa,"?«ÌKhomani San, Nama"
29195075,Martin AR,Sub-Saharan African,NR,South Africa,"?«ÌKhomani San, Nama"
29187748,Morey RA,African American or Afro-Caribbean,NR,U.S.,Non-Hispanic Black
29187748,Morey RA,European,NR,U.S.,Non-Hispanic White
29187746,Howard DM,European,NR,U.K.,
29187746,Howard DM,European,NR,U.K.,
29187730,Ward J,European,NR,U.K.,
29188820,Kotnik P,NR,NR,Slovenia,
29188820,Kotnik P,NR,NR,Slovenia,
29186694,Lam M,European,NR,NR,
29423119,Khan S,NR,NR,U.K.,
29423119,Khan S,European,NR,"Germany, Finland",
29423119,Khan S,NR,NR,U.K.,
29423119,Khan S,European,NR,"Germany, Finland",
29186694,Lam M,European,NR,NR,
29178545,Gao C,Hispanic or Latin American,NR,U.S.,Mexican American
29178545,Gao C,Hispanic or Latin American,NR,U.S.,Mexican American
29868224,Sallah N,Sub-Saharan African,NR,Uganda,Ugandan
29178545,Gao C,Hispanic or Latin American,NR,U.S.,Mexican American
29178545,Gao C,Hispanic or Latin American,NR,U.S.,Mexican American
29868224,Sallah N,Sub-Saharan African,NR,Uganda,Ugandan
29868224,Sallah N,Sub-Saharan African,NR,Uganda,Ugandan
29868224,Sallah N,Sub-Saharan African,NR,Uganda,Ugandan
29186428,Tonjes A,European,NR,"Germany, Finland",Sorbian
29186428,Tonjes A,European,NR,Germany,
29178545,Gao C,Hispanic or Latin American,NR,U.S.,Mexican American
29178545,Gao C,Hispanic or Latin American,NR,U.S.,Mexican American
29178545,Gao C,Hispanic or Latin American,NR,U.S.,Mexican American
29178545,Gao C,Hispanic or Latin American,NR,U.S.,Mexican American
29178545,Gao C,Hispanic or Latin American,NR,U.S.,Mexican American
29178545,Gao C,Hispanic or Latin American,NR,U.S.,Mexican American
29178545,Gao C,Hispanic or Latin American,NR,U.S.,Mexican American
29178545,Gao C,Hispanic or Latin American,NR,U.S.,Mexican American
29178545,Gao C,Hispanic or Latin American,NR,U.S.,Mexican American
29178545,Gao C,Hispanic or Latin American,NR,U.S.,Mexican American
29413154,Shadrin AA,European,NR,"U.S., Germany, Israel, U.K., NR",
29299148,Liu W,European,NR,Sweden,Swedish
29170429,Hachiya T,East Asian,NR,Japan,Japanese
29170203,Alonso N,European,NR,"Australia, Denmark, U.K., Slovenia, Spain",
29170203,Alonso N,European,NR,"U.K., Italy, Spain",
29170203,Alonso N,NR,NR,U.K.,
29168253,Seielstad M,European,NR,U.S.,
29168253,Seielstad M,European,NR,U.S.,
29168253,Seielstad M,European,NR,U.S.,
29168253,Seielstad M,European,NR,U.S.,
29158497,Kadalayil L,European,NR,"Australia, Germany, Finland, U.K.",
29158497,Kadalayil L,European,NR,U.K.,"White/Caucasian, eastern European, Jewish, Greek"
29158497,Kadalayil L,NR,NR,U.K.,South African
29160300,Oetting WS,European,NR,U.S.,European American
29158487,Heckerman D,European,NR,Italy,Sirente (founder/genetic isolate)
29158487,Heckerman D,European,NR,Italy,Sirente (founder/genetic isolate)
29158487,Heckerman D,European,NR,Italy,Sirente (founder/genetic isolate)
29158487,Heckerman D,European,NR,Italy,Sirente (founder/genetic isolate)
29158487,Heckerman D,European,NR,Italy,Sirente (founder/genetic isolate)
29158487,Heckerman D,European,NR,Italy,
29158487,Heckerman D,European,NR,Italy,Sirente (founder/genetic isolate)
29158487,Heckerman D,European,NR,Italy,Sirente (founder/genetic isolate)
29151059,Delgado DA,South Asian,NR,Bangladesh,Bangladeshi
29146897,Pirastu N,European,NR,U.K.,
29146897,Pirastu N,European,NR,"U.S., NR",European American
29146897,Pirastu N,NR,NR,U.K.,
29147026,Chen CH,European,NR,NR,
29145611,Hu Y,European,NR,NR,See Locke (PubMed 25673413) for BMI and Shungin (PubMed 25673412) for WHR
29145611,Hu Y,NR,NR,NR,
29130521,Christopher L,European,NR,NR,
29127183,Seyerle AA,Hispanic or Latin American,NR,U.S.,Cuban
29127183,Seyerle AA,European,NR,U.S.,
29127183,Seyerle AA,African American or Afro-Caribbean,NR,U.S.,
29127183,Seyerle AA,East Asian,NR,NR,
29124805,Carlson JC,Hispanic or Latin American,NR,Brazil,Brazilian
29124805,Carlson JC,East Asian,NR,Mongolia,
29124805,Carlson JC,NR,NR,NR,
29124805,Carlson JC,European,NR,NR,
29124805,Carlson JC,Asian unspecified,NR,NR,
29124805,Carlson JC,NR,NR,Philippines,Filipino
29124805,Carlson JC,African unspecified,NR,"Nigeria, NR, Ethiopia",
29124805,Carlson JC,Asian unspecified,NR,"China, India, Philippines",
29124805,Carlson JC,Hispanic or Latin American,NR,"Guatemala, U.S., Colombia, Argentina, Puerto Rico",Latin/South American
29124805,Carlson JC,European,NR,"U.S., Turkey, Hungary, Denmark, Spain",
29123153,Lee TH,East Asian,NR,Taiwan,Han Chinese
29123153,Lee TH,East Asian,NR,Taiwan,Han Chinese
29121268,Amare AT,European,NR,"Australia, U.S., NR",
29121268,Amare AT,East Asian,NR,"China, Japan",
29121268,Amare AT,NR,NR,NR,
29121268,Amare AT,European,NR,"Australia, U.S., NR",
29121268,Amare AT,East Asian,NR,"China, Japan",
29121268,Amare AT,NR,NR,NR,
29118346,Sakamoto Y,East Asian,NR,Japan,
29112194,Agrawal A,European,NR,"U.S., Australia",
29112194,Agrawal A,European,NR,"U.S., Australia",
29112194,Agrawal A,European,NR,U.S.,
29112194,Agrawal A,African American or Afro-Caribbean,NR,U.S.,
29209388,Cho CH,East Asian,NR,Republic of Korea,
29209388,Cho CH,East Asian,NR,Republic of Korea,
29097723,Darlow JM,European,NR,"Republic of Ireland, U.K., Slovenia",
29097723,Darlow JM,European,NR,"U.K., Slovenia, Republic of Ireland",
29097388,Magvanjav O,European,NR,U.S.,
29097388,Magvanjav O,European,NR,U.S.,
29097388,Magvanjav O,Hispanic or Latin American,NR,Puerto Rico,
29246731,de Toro-Martin J,NR,NR,Canada,
29246731,de Toro-Martin J,NR,NR,Canada,
29109912,Rawofi L,East Asian,NR,Canada,
29109912,Rawofi L,East Asian,NR,Canada,
29097388,Magvanjav O,European,NR,U.S.,
29097388,Magvanjav O,European,NR,U.S.,
29097388,Magvanjav O,Hispanic or Latin American,NR,Puerto Rico,
29097388,Magvanjav O,European,NR,U.S.,
29097388,Magvanjav O,European,NR,U.S.,
29097388,Magvanjav O,Hispanic or Latin American,NR,Puerto Rico,
29109912,Rawofi L,East Asian,NR,China,
29109912,Rawofi L,East Asian,NR,Canada,
29093273,Almgren P,European,NR,Sweden,
29093273,Almgren P,European,NR,Finland,
29093273,Almgren P,European,NR,Sweden,
29093273,Almgren P,European,NR,Finland,
29093273,Almgren P,European,NR,Sweden,
29093273,Almgren P,European,NR,Finland,
29093273,Almgren P,European,NR,Sweden,
29093273,Almgren P,European,NR,Finland,
29093273,Almgren P,European,NR,Sweden,
29093273,Almgren P,European,NR,Finland,
29093273,Almgren P,European,NR,Sweden,
29093273,Almgren P,European,NR,Finland,
29093273,Almgren P,European,NR,Sweden,
29093273,Almgren P,European,NR,Finland,
29093273,Almgren P,European,NR,Sweden,
29093273,Almgren P,European,NR,Finland,
29109912,Rawofi L,East Asian,NR,Canada,
29109912,Rawofi L,East Asian,NR,Canada,
29093273,Almgren P,European,NR,Sweden,
29093273,Almgren P,European,NR,Finland,
29104669,Chen L,East Asian,NR,China,Chinese
29104669,Chen L,East Asian,NR,China,Chinese
29066854,Lin BD,European,NR,Netherlands,Dutch
29066854,Lin BD,NR,NR,U.K.,
29066854,Lin BD,European,NR,Netherlands,Dutch
29066854,Lin BD,NR,NR,U.K.,
29066854,Lin BD,European,NR,Netherlands,Dutch
29066854,Lin BD,NR,NR,U.K.,
29066854,Lin BD,European,NR,Netherlands,Dutch
29066854,Lin BD,NR,NR,U.K.,
29066854,Lin BD,European,NR,Netherlands,Dutch
29066854,Lin BD,NR,NR,U.K.,
29095316,Suh Y,East Asian,NR,Republic of Korea,Korean
29095316,Suh Y,East Asian,NR,Republic of Korea,Korean
29095316,Suh Y,East Asian,NR,Republic of Korea,Korean
29029846,Schormair B,European,NR,"Canada, U.S., U.K., NR",
29029846,Schormair B,European,NR,NR,
29093028,Corre T,European,NR,"Switzerland, U.K., Croatia, Italy",
29093028,Corre T,European,NR,"Switzerland, U.K., Croatia, Italy",
29059430,Morton LM,European,NR,"Canada, U.S.",
29059430,Morton LM,European,NR,"Canada, U.S.",
29059430,Morton LM,European,NR,"Canada, U.S.",
29095316,Suh Y,East Asian,NR,Republic of Korea,Korean
29093028,Corre T,European,NR,"Switzerland, U.K., Croatia, Italy",
29095316,Suh Y,East Asian,NR,Republic of Korea,Korean
29082582,Almli LM,African American or Afro-Caribbean,NR,U.S.,
29082582,Almli LM,European,NR,U.S.,
29082582,Almli LM,African unspecified,NR,U.S.,
29082582,Almli LM,"Native American, Hispanic or Latin American",NR,U.S.,
29082582,Almli LM,NR,NR,U.S.,
29082582,Almli LM,Asian unspecified,NR,U.S.,
29084231,Davis JP,European,NR,Finland,Finnish
29084231,Davis JP,European,NR,Finland,Finnish
29084231,Davis JP,European,NR,Finland,Finnish
29084231,Davis JP,European,NR,Finland,Finnish
29084231,Davis JP,European,NR,Finland,Finnish
29084231,Davis JP,European,NR,Finland,Finnish
29084231,Davis JP,European,NR,Finland,Finnish
29084231,Davis JP,European,NR,Finland,Finnish
29084231,Davis JP,European,NR,Finland,Finnish
29084231,Davis JP,European,NR,Finland,Finnish
29084231,Davis JP,European,NR,Finland,Finnish
29084231,Davis JP,European,NR,Finland,Finnish
29084231,Davis JP,European,NR,Finland,Finnish
29084231,Davis JP,European,NR,Finland,Finnish
29084231,Davis JP,European,NR,Finland,Finnish
29084231,Davis JP,European,NR,Finland,Finnish
29084231,Davis JP,European,NR,Finland,Finnish
29084231,Davis JP,European,NR,Finland,Finnish
29084231,Davis JP,European,NR,Finland,Finnish
29084231,Davis JP,European,NR,Finland,Finnish
29084231,Davis JP,European,NR,Finland,Finnish
29084231,Davis JP,European,NR,Finland,Finnish
29084231,Davis JP,European,NR,Finland,Finnish
29084231,Davis JP,European,NR,Finland,Finnish
29084231,Davis JP,European,NR,Finland,Finnish
29084231,Davis JP,European,NR,Finland,Finnish
29084231,Davis JP,European,NR,Finland,Finnish
29084231,Davis JP,European,NR,Finland,Finnish
29084231,Davis JP,European,NR,Finland,Finnish
29084231,Davis JP,European,NR,Finland,Finnish
29084231,Davis JP,European,NR,Finland,Finnish
29084231,Davis JP,European,NR,Finland,Finnish
29084231,Davis JP,European,NR,Finland,Finnish
29084231,Davis JP,European,NR,Finland,Finnish
29084231,Davis JP,European,NR,Finland,Finnish
29084231,Davis JP,European,NR,Finland,Finnish
29084231,Davis JP,European,NR,Finland,Finnish
29084231,Davis JP,European,NR,Finland,Finnish
29084231,Davis JP,European,NR,Finland,Finnish
29084231,Davis JP,European,NR,Finland,Finnish
29084231,Davis JP,European,NR,Finland,Finnish
29084231,Davis JP,European,NR,Finland,Finnish
29084231,Davis JP,European,NR,Finland,Finnish
29084231,Davis JP,European,NR,Finland,Finnish
29084231,Davis JP,European,NR,Finland,Finnish
29084231,Davis JP,European,NR,Finland,Finnish
29084231,Davis JP,European,NR,Finland,Finnish
29084231,Davis JP,European,NR,Finland,Finnish
29084231,Davis JP,European,NR,Finland,Finnish
29084231,Davis JP,European,NR,Finland,Finnish
29084231,Davis JP,European,NR,Finland,Finnish
29084231,Davis JP,European,NR,Finland,Finnish
29084231,Davis JP,European,NR,Finland,Finnish
29084231,Davis JP,European,NR,Finland,Finnish
29084231,Davis JP,European,NR,Finland,Finnish
29084231,Davis JP,European,NR,Finland,Finnish
29084231,Davis JP,European,NR,Finland,Finnish
29084231,Davis JP,European,NR,Finland,Finnish
29084231,Davis JP,European,NR,Finland,Finnish
29084231,Davis JP,European,NR,Finland,Finnish
29084231,Davis JP,European,NR,Finland,Finnish
29084231,Davis JP,European,NR,Finland,Finnish
29084231,Davis JP,European,NR,Finland,Finnish
29084231,Davis JP,European,NR,Finland,Finnish
29084231,Davis JP,European,NR,Finland,Finnish
29084231,Davis JP,European,NR,Finland,Finnish
29084231,Davis JP,European,NR,Finland,Finnish
29084231,Davis JP,European,NR,Finland,Finnish
29084231,Davis JP,European,NR,Finland,Finnish
29084231,Davis JP,European,NR,Finland,Finnish
29084231,Davis JP,European,NR,Finland,Finnish
29084231,Davis JP,European,NR,Finland,Finnish
29083406,Ferreira MA,European,NR,"U.S., Australia, Germany, Netherlands, Norway, Sweden, U.K., NR",
29077507,Chen H,African American or Afro-Caribbean,NR,U.S.,
29077507,Chen H,Asian unspecified,NR,U.S.,
29077507,Chen H,European,NR,U.S.,
29077507,Chen H,Hispanic or Latin American,NR,U.S.,
29077507,Chen H,African American or Afro-Caribbean,NR,U.S.,
29077507,Chen H,Asian unspecified,NR,U.S.,
29077507,Chen H,European,NR,U.S.,
29077507,Chen H,Hispanic or Latin American,NR,U.S.,
29077507,Chen H,African American or Afro-Caribbean,NR,U.S.,
29077507,Chen H,Asian unspecified,NR,U.S.,
29077507,Chen H,European,NR,U.S.,
29077507,Chen H,Hispanic or Latin American,NR,U.S.,
29077507,Chen H,African American or Afro-Caribbean,NR,U.S.,
29077507,Chen H,East Asian,NR,Republic of Korea,
29077507,Chen H,European,NR,"U.S., Australia, Germany, Switzerland",
29107063,Yashin AI,European,NR,NR,
29107063,Yashin AI,African unspecified,NR,NR,
29107063,Yashin AI,NR,NR,NR,
29107063,Yashin AI,European,NR,NR,
29107063,Yashin AI,African unspecified,NR,NR,
29107063,Yashin AI,NR,NR,NR,
29229094,Condreay L,European,NR,NR,non-Hispanic White
29071344,Zhou H,African American or Afro-Caribbean,NR,U.S.,African American
29071344,Zhou H,European,NR,U.S.,European American
29071344,Zhou H,African American or Afro-Caribbean,NR,U.S.,African American
29071344,Zhou H,European,NR,U.S.,European American
29065906,Joo YB,East Asian,NR,Republic of Korea,Korean
29064472,Lencer R,African unspecified,NR,NR,
29064472,Lencer R,European,NR,NR,Caucasian
29064472,Lencer R,African unspecified,NR,NR,
29064472,Lencer R,European,NR,NR,Caucasian
29064472,Lencer R,African unspecified,NR,NR,
29064472,Lencer R,European,NR,NR,Caucasian
29065852,Hallengren E,European,NR,Sweden,Swedish
29065852,Hallengren E,European,NR,Sweden,Swedish
29064472,Lencer R,African unspecified,NR,NR,
29064472,Lencer R,European,NR,NR,Caucasian
29064472,Lencer R,African unspecified,NR,NR,
29064472,Lencer R,European,NR,NR,Caucasian
29064472,Lencer R,African unspecified,NR,NR,
29064472,Lencer R,European,NR,NR,Caucasian
29059683,Michailidou K,European,NR,"Canada, U.S., Australia, Belgium, France, Germany, Netherlands, Israel, Belarus, Poland, Russian Federation, Denmark, Finland, Norway, Sweden, U.K., Greece, Italy, Spain, The former Yugoslav Republic of Macedonia, NR",
29059683,Michailidou K,East Asian,NR,"Canada, U.S., China, Japan, Republic of Korea, Malaysia, Singapore, Thailand, NR, Taiwan",
29059683,Michailidou K,European,NR,"Canada, U.S., Australia, Belgium, France, Germany, Netherlands, Belarus, Poland, Denmark, Finland, Republic of Ireland, Norway, Sweden, U.K., Greece, Italy, Spain, NR",
29064910,Kure Fischer E,European,NR,NR,
29064910,Kure Fischer E,African unspecified,NR,NR,
29064910,Kure Fischer E,NR,NR,NR,
29058489,Ogata S,East Asian,NR,Japan,
29058489,Ogata S,East Asian,NR,NR,
29058716,Milne RL,European,NR,"U.S., Australia, Canada, Austria, Belgium, France, Germany, Netherlands, South Africa, Israel, Hungary, Poland, Russian Federation, Denmark, Finland, Republic of Ireland, Latvia, Lithuania, Sweden, U.K., Greece, Italy, Portugal, Spain",
29058716,Milne RL,European,NR,"U.S., Australia, Canada, Austria, Belgium, France, Germany, Netherlands, South Africa, Israel, Czech Republic, Poland, Russian Federation, Denmark, Finland, Republic of Ireland, Latvia, Lithuania, Sweden, U.K., Greece, Italy, Portugal, Spain",
29058716,Milne RL,European,NR,"Canada, U.S., Australia, Austria, Belgium, France, Germany, Netherlands, South Africa, Israel, Belarus, Poland, Russian Federation, Denmark, Finland, Republic of Ireland, Latvia, Lithuania, Sweden, U.K., Greece, Italy, Portugal, Spain, The former Yugoslav Republic of Macedonia, NR",
29058716,Milne RL,European,NR,"Canada, U.S., Australia, New Zealand, Austria, Belgium, France, Germany, Netherlands, South Africa, Israel, Belarus, Czech Republic, Poland, Russian Federation, Denmark, Finland, Republic of Ireland, Latvia, Lithuania, Norway, Sweden, U.K., Greece, Italy, Portugal, Spain, NR",
29057527,Ballantine JL,African American or Afro-Caribbean,NR,U.S.,
29057527,Ballantine JL,Hispanic or Latin American,NR,U.S.,
29057527,Ballantine JL,European,NR,U.S.,
29057527,Ballantine JL,Native American,NR,U.S.,
29057527,Ballantine JL,NR,NR,U.S.,
29057527,Ballantine JL,NR,NR,U.S.,
29058377,Sanchez-Roige S,European,NR,NR,
29058489,Ogata S,East Asian,NR,Japan,
29058489,Ogata S,East Asian,NR,NR,
29058716,Milne RL,European,NR,"Canada, U.S., Australia, Belgium, France, Germany, Netherlands, Israel, Belarus, Poland, Russian Federation, Denmark, Finland, Sweden, U.K., Greece, Italy, Spain, The former Yugoslav Republic of Macedonia, NR",
29058716,Milne RL,European,NR,"Canada, U.S., Australia, New Zealand, Belgium, France, Germany, Netherlands, Belarus, Poland, Denmark, Finland, Republic of Ireland, Norway, Sweden, U.K., Greece, Italy, Spain",
29051540,Marenholz I,European,NR,Germany,
29051540,Marenholz I,European,NR,"U.S., Germany",
29059373,Li Y,European,NR,NR,
29059373,Li Y,European,NR,NR,
29051540,Marenholz I,European,NR,Germany,
29051540,Marenholz I,European,NR,"U.S., Germany",
29051540,Marenholz I,European,NR,Germany,
29051540,Marenholz I,European,NR,"U.S., Germany",
29051540,Marenholz I,European,NR,Germany,
29051540,Marenholz I,European,NR,"U.S., Germany",
29066090,Allen RJ,European,NR,U.S.,
29066090,Allen RJ,European,NR,U.K.,
29059373,Li Y,European,NR,NR,
29016859,Ogura Y,East Asian,NR,NR,
29016859,Ogura Y,East Asian,NR,Japan,
29030599,Joshi PK,African American or Afro-Caribbean,NR,U.S.,
29030599,Joshi PK,European,NR,"U.S., Australia, Austria, Netherlands, Switzerland, Denmark, Estonia, Finland, Republic of Ireland, U.K., Italy",
29031612,Hirata J,East Asian,Japan,Japan,
29031612,Hirata J,East Asian,Japan,Japan,
29030101,Asai Y,NR,NR,"U.S., NR",
29030101,Asai Y,European,NR,"Canada, U.S., Australia, Germany",
29030101,Asai Y,NR,NR,"U.S., NR",
29030101,Asai Y,European,NR,"Canada, U.S., Australia, Germany",
29018042,Schierding W,European,NR,Finland,
29228715,Hofer P,European,NR,Austria,
28990592,Warrington NM,European,NR,"Denmark, Norway, U.K.",
28990592,Warrington NM,European,NR,"Canada, Australia, Netherlands, U.K., Greece, Spain, NR",
28990592,Warrington NM,European,NR,"Denmark, U.K.",
28990592,Warrington NM,European,NR,"Australia, Netherlands, U.K., Greece, Spain",
28990592,Warrington NM,European,NR,"Denmark, U.K.",
28990592,Warrington NM,European,NR,"Australia, Netherlands, Denmark, U.K., Greece, Spain",
28991256,Li Z,East Asian,NR,China,
28991256,Li Z,East Asian,NR,China,
28991256,Li Z,European,NR,NR,
28990359,Polimanti R,African American or Afro-Caribbean,NR,U.S.,
28990359,Polimanti R,European,NR,U.S.,
29228715,Hofer P,European,NR,"Austria, Germany",Austrian
29228715,Hofer P,European,NR,Austria,
29228715,Hofer P,European,NR,Austria,Austrian
28990359,Polimanti R,African American or Afro-Caribbean,NR,U.S.,
28990359,Polimanti R,European,NR,U.S.,
28990592,Warrington NM,European,NR,"Australia, Netherlands, Denmark, U.K., Spain",
28990592,Warrington NM,European,NR,"Denmark, Finland, Greece",
28990592,Warrington NM,European,NR,"Australia, Germany, Netherlands, Denmark, Finland, Norway, U.K., Greece, Spain",
28990592,Warrington NM,European,NR,"Germany, Denmark, Finland, U.K., Greece, NR",
28990592,Warrington NM,European,NR,"Australia, Netherlands, Denmark, U.K., Spain",
28990592,Warrington NM,European,NR,"Denmark, Finland, Greece",
29228715,Hofer P,European,NR,"Austria, Germany",
29228715,Hofer P,European,NR,"Austria, Germany",
29228715,Hofer P,European,NR,"Austria, Germany",
28983962,Cheung JPY,East Asian,NR,China,
28979981,Tielbeek JJ,European,NR,NR,
28979981,Tielbeek JJ,European,NR,NR,
28979981,Tielbeek JJ,European,NR,NR,
28934396,Hackinger S,NR,NR,"U.K., NR",
28934396,Hackinger S,NR,NR,"U.K., NR",
28934396,Hackinger S,NR,NR,"U.K., NR",
28934396,Hackinger S,NR,NR,"U.K., NR",
28934396,Hackinger S,NR,NR,"U.K., NR",
28934396,Hackinger S,NR,NR,"U.K., NR",
28960316,Tanskanen T,European,NR,"Estonia, Finland, Sweden, NR",Nordic
28960316,Tanskanen T,European,NR,Finland,Finnish
28957414,Pilling LC,European,NR,NR,
28957430,Winsvold BS,"European, NR",NR,"U.S., Germany, Netherlands, Finland, Iceland, Norway, Sweden, U.K., Italy, NR",
28957384,Kim SK,European,NR,U.S.,
28957384,Kim SK,East Asian,NR,U.S.,
28957384,Kim SK,Hispanic or Latin American,NR,U.S.,Latin American
29036319,Qi H,East Asian,NR,China,Northern and Southern China
29036319,Qi H,Sub-Saharan African,NR,Gambia,
29036319,Qi H,East Asian,NR,China,Northern and Southern China
29036319,Qi H,East Asian,NR,China,Northern and Southern China
28941034,Smith CE,European,NR,"U.S., Netherlands, Finland, Italy",
28941034,Smith CE,European,NR,"Netherlands, Australia, Denmark, Sweden",
28931804,Benyamin B,East Asian,NR,China,Chinese
28931804,Benyamin B,European,NR,NR,
28931804,Benyamin B,NR,NR,Australia,
28979897,Zeller T,European,NR,Germany,
28979897,Zeller T,European,NR,"Austria, Germany",
28927378,Qian DC,NR,NR,U.S.,
28928442,Tian C,European,NR,NR,
28928442,Tian C,European,NR,NR,
28928442,Tian C,European,NR,NR,
28928442,Tian C,European,NR,NR,
28928442,Tian C,European,NR,NR,
28928442,Tian C,European,NR,NR,
28928442,Tian C,European,NR,NR,
28928442,Tian C,European,NR,NR,
28928442,Tian C,European,NR,NR,
28928442,Tian C,European,NR,NR,
28928442,Tian C,European,NR,NR,
28928442,Tian C,European,NR,NR,
28928442,Tian C,European,NR,NR,
28928442,Tian C,European,NR,NR,
28928442,Tian C,European,NR,NR,
28928442,Tian C,European,NR,NR,
28928442,Tian C,European,NR,NR,
28928442,Tian C,European,NR,NR,
28928442,Tian C,European,NR,NR,
28928442,Tian C,European,NR,NR,
28928442,Tian C,European,NR,NR,
28928442,Tian C,European,NR,NR,
28927378,Qian DC,NR,NR,U.S.,
28927378,Qian DC,NR,NR,U.S.,
28928442,Tian C,European,NR,NR,
28927378,Qian DC,NR,NR,U.S.,
28922980,Konte B,European,NR,Germany,
28935272,Moore KN,European,NR,NR,Caucasian
28924153,Chang X,European,NR,"U.S., NR",
28924153,Chang X,European,NR,"U.S., NR",
28924153,Chang X,European,NR,"U.S., NR",
28924203,Ren HY,East Asian,NR,China,Han Chinese
28935272,Moore KN,European,NR,NR,Caucasian
28924203,Ren HY,East Asian,NR,China,Han Chinese
28924153,Chang X,European,NR,"U.S., NR",
28924153,Chang X,European,NR,U.S.,European-American
28924203,Ren HY,East Asian,NR,China,Han Chinese
28924203,Ren HY,East Asian,NR,China,Han Chinese
28924203,Ren HY,East Asian,NR,China,Han Chinese
28924203,Ren HY,East Asian,NR,China,Han Chinese
28924203,Ren HY,East Asian,NR,China,Han Chinese
28921602,Lee MH,East Asian,NR,Taiwan,
28921602,Lee MH,East Asian,NR,Taiwan,
29212154,Lin E,East Asian,NR,China,Taiwanese Han Chinese
29212154,Lin E,East Asian,NR,China,Taiwanese Han Chinese
29212154,Lin E,East Asian,NR,China,Taiwanese Han Chinese
29212154,Lin E,East Asian,NR,China,Taiwanese Han Chinese
29212154,Lin E,East Asian,NR,China,Taiwanese Han Chinese
29212154,Lin E,East Asian,NR,China,Taiwanese Han Chinese
29212154,Lin E,East Asian,NR,China,Taiwanese Han Chinese
28927820,Sugier PE,European,NR,France,
28927820,Sugier PE,European,NR,Canada,French Canadian founder population
28927820,Sugier PE,European,NR,U.K.,
28921760,Chenoweth MJ,African American or Afro-Caribbean,NR,"U.S., Canada",
28921760,Chenoweth MJ,African American or Afro-Caribbean,NR,U.S.,
28916551,Liu Y,African American or Afro-Caribbean,NR,U.S.,
28918882,Wattacheril J,Hispanic or Latin American,NR,U.S.,Hispanic
28918882,Wattacheril J,Hispanic or Latin American,NR,U.S.,Hispanic
28918882,Wattacheril J,Hispanic or Latin American,NR,U.S.,Hispanic
28902444,Stein MB,European,NR,NR,
28902444,Stein MB,African unspecified,NR,NR,
28902444,Stein MB,Hispanic or Latin American,NR,NR,Latino
28902444,Stein MB,European,NR,NR,
28902444,Stein MB,African unspecified,NR,NR,
28902444,Stein MB,Hispanic or Latin American,NR,NR,Latino
28898252,Wheeler E,European,NR,"U.S., France, Germany, Netherlands, Finland, Iceland, Sweden, U.K., Croatia, Italy, Spain",
28898252,Wheeler E,African American or Afro-Caribbean,NR,U.S.,
28898252,Wheeler E,East Asian,NR,"China, Japan, Republic of Korea, Singapore, Taiwan",
28898252,Wheeler E,South Asian,NR,"Singapore, U.K.",
28898252,Wheeler E,East Asian,NR,Taiwan,
28898252,Wheeler E,European,NR,"France, Germany, Netherlands, Finland, Norway, Sweden, U.K., Italy",
28898252,Wheeler E,South Asian,NR,Pakistan,
28892062,Akiyama M,East Asian,NR,Japan,
28892062,Akiyama M,East Asian,NR,Japan,
28892062,Akiyama M,European,NR,NR,
28892059,Chang D,European,NR,NR,
28892059,Chang D,European,NR,NR,
28887542,Prins BP,NR,NR,"U.S., U.K.",
28887542,Prins BP,European,NR,U.K.,
28887542,Prins BP,European,NR,U.K.,
29296818,Clay-Gilmour AI,European,NR,U.S.,European American
28887542,Prins BP,NR,NR,"U.S., U.K.",
28887542,Prins BP,European,NR,U.K.,
28887542,Prins BP,European,NR,U.K.,
28887542,Prins BP,NR,NR,"U.S., U.K.",
28887542,Prins BP,European,NR,U.K.,
28887542,Prins BP,European,NR,U.K.,
28887542,Prins BP,NR,NR,"U.S., U.K.",
28887542,Prins BP,European,NR,U.K.,
28887542,Prins BP,European,NR,U.K.,
28887542,Prins BP,NR,NR,"U.S., U.K.",
28887542,Prins BP,European,NR,U.K.,
28887542,Prins BP,European,NR,U.K.,
28887542,Prins BP,NR,NR,"U.S., U.K.",
28887542,Prins BP,European,NR,U.K.,
28887542,Prins BP,European,NR,U.K.,
28887542,Prins BP,NR,NR,"U.S., U.K.",
28887542,Prins BP,European,NR,U.K.,
28887542,Prins BP,European,NR,U.K.,
28887542,Prins BP,NR,NR,"U.S., U.K.",
28887542,Prins BP,European,NR,U.K.,
28887542,Prins BP,European,NR,U.K.,
28887542,Prins BP,NR,NR,"U.S., U.K.",
28887542,Prins BP,European,NR,U.K.,
28887542,Prins BP,European,NR,U.K.,
28887542,Prins BP,NR,NR,"U.S., U.K.",
28887542,Prins BP,European,NR,U.K.,
28887542,Prins BP,European,NR,U.K.,
28887542,Prins BP,NR,NR,"U.S., U.K.",
28887542,Prins BP,European,NR,U.K.,
28887542,Prins BP,European,NR,U.K.,
29296818,Clay-Gilmour AI,European,NR,U.S.,
29296818,Clay-Gilmour AI,European,NR,U.S.,European American
29296818,Clay-Gilmour AI,European,NR,U.S.,European American
29296818,Clay-Gilmour AI,European,NR,U.S.,European American
29296818,Clay-Gilmour AI,European,NR,U.S.,European American
29296818,Clay-Gilmour AI,European,NR,U.S.,European American
29296818,Clay-Gilmour AI,European,NR,U.S.,European American
28887542,Prins BP,NR,NR,"U.S., U.K.",
28887542,Prins BP,European,NR,U.K.,
28887542,Prins BP,European,NR,U.K.,
28887542,Prins BP,NR,NR,"U.S., U.K.",
28887542,Prins BP,European,NR,U.K.,
28887542,Prins BP,European,NR,U.K.,
28887542,Prins BP,NR,NR,"U.S., U.K.",
28887542,Prins BP,European,NR,U.K.,
28887542,Prins BP,European,NR,U.K.,
28887542,Prins BP,NR,NR,"U.K., U.S.",
28887542,Prins BP,European,NR,U.K.,
28887542,Prins BP,European,NR,U.K.,
28887542,Prins BP,NR,NR,"U.K., U.S.",
28887542,Prins BP,European,NR,U.K.,
28887542,Prins BP,European,NR,U.K.,
28887542,Prins BP,NR,NR,"U.K., U.S.",
28887542,Prins BP,European,NR,U.K.,
28887542,Prins BP,European,NR,U.K.,
28887542,Prins BP,NR,NR,"U.K., U.S.",
28887542,Prins BP,European,NR,U.K.,
28887542,Prins BP,European,NR,U.K.,
28886140,Kwon YC,NR,NR,NR,
28886140,Kwon YC,East Asian,NR,Republic of Korea,Korean
28886140,Kwon YC,East Asian,NR,"Japan, Republic of Korea","Korean, Japanese"
28887542,Prins BP,NR,NR,"U.S., U.K.",
28887542,Prins BP,European,NR,U.K.,
28887542,Prins BP,European,NR,U.K.,
28887542,Prins BP,NR,NR,"U.S., U.K.",
28887542,Prins BP,European,NR,U.K.,
28887542,Prins BP,European,NR,U.K.,
28877031,Zhang G,European,NR,NR,
28877031,Zhang G,European,NR,"Denmark, Finland, Norway",
28877031,Zhang G,European,NR,NR,
28877031,Zhang G,European,NR,"Denmark, Finland, Norway",
28886342,Ng M,"European, NR",NR,"Germany, Netherlands, U.K.",
28886342,Ng M,European,NR,U.K.,
28878392,Shen X,European,NR,U.K.,
28878392,Shen X,European,NR,U.K.,
28878392,Shen X,European,NR,U.K.,
28878392,Shen X,European,NR,U.K.,
28878392,Shen X,European,NR,U.K.,
28878392,Shen X,European,NR,U.K.,
28878392,Shen X,European,NR,U.K.,
28878392,Shen X,European,NR,U.K.,
28878392,Shen X,European,NR,U.K.,
28871152,Sofer T,African American or Afro-Caribbean,NR,"U.S., Nigeria",
28871152,Sofer T,European,NR,"U.S., U.K.",
28871152,Sofer T,Hispanic or Latin American,NR,U.S.,"Central American, Cuban, Dominican, Mexican, Puerto Rican, and South American."
28871152,Sofer T,Hispanic or Latin American,NR,Brazil,admixed Southern Brazilians
28871152,Sofer T,African American or Afro-Caribbean,NR,"U.S., Nigeria",
28871152,Sofer T,European,NR,"U.K., U.S.",
28871152,Sofer T,Hispanic or Latin American,NR,U.S.,"Central American, Cuban, Dominican, Mexican, Puerto Rican, and South American."
28871152,Sofer T,Hispanic or Latin American,NR,Brazil,admixed Southern Brazilians
28871152,Sofer T,European,NR,"U.S., U.K.",
28871152,Sofer T,African American or Afro-Caribbean,NR,"U.S., Nigeria",
28871152,Sofer T,Hispanic or Latin American,NR,U.S.,"Central American, Cuban, Dominican, Mexican, Puerto Rican, and South American."
28871152,Sofer T,Hispanic or Latin American,NR,Brazil,admixed Southern Brazilians
28869801,Takahashi Y,East Asian,NR,Japan,
28869801,Takahashi Y,East Asian,NR,Japan,
28871152,Sofer T,Hispanic or Latin American,NR,U.S.,"Central American, Cuban, Dominican, Mexican, Puerto Rican, and South American."
28871152,Sofer T,Hispanic or Latin American,NR,Brazil,admixed Southern Brazilians
28871152,Sofer T,African American or Afro-Caribbean,NR,"U.S., Nigeria",
28871152,Sofer T,European,NR,"U.S., U.K.",
28869591,Kemp JP,European,NR,U.K.,
28869590,Zhao W,South Asian,NR,Pakistan,
28869590,Zhao W,European,NR,"U.S., Finland, Sweden",
28869590,Zhao W,NR,NR,NR,
28869590,Zhao W,South Asian,NR,"Canada, Bangladesh, India, Singapore, U.K.",
28869590,Zhao W,European,NR,U.S.,
28869590,Zhao W,East Asian,NR,"China, Japan",
28869801,Takahashi Y,East Asian,NR,Japan,
28869801,Takahashi Y,East Asian,NR,Japan,
28871152,Sofer T,African American or Afro-Caribbean,NR,"U.S., Nigeria",
28871152,Sofer T,European,NR,"U.S., U.K.",
28871152,Sofer T,Hispanic or Latin American,NR,U.S.,"Central American, Cuban, Dominican, Mexican, Puerto Rican, and South American."
28871152,Sofer T,Hispanic or Latin American,NR,Brazil,admixed Southern Brazilians
28881265,Sobalska-Kwapis M,European,NR,Poland,
28776340,Son CN,East Asian,NR,Republic of Korea,Korean
28714976,Sims R,European,NR,"U.S., Germany, Netherlands, Iceland, U.K., Italy, Spain","Dutch Caucasian, European American"
28714976,Sims R,European,NR,"Canada, U.S., Austria, Belgium, France, Germany, Netherlands, Finland, Sweden, U.K., Greece, Italy, Spain",European American
29088834,Kimura M,East Asian,NR,Japan,Japanese
29088834,Kimura M,East Asian,NR,Japan,Japanese
28838971,Mercader JM,Hispanic or Latin American,NR,"Mexico, U.S.",Latino
28838971,Mercader JM,Hispanic or Latin American,NR,U.S.,Latino
28838971,Mercader JM,Native American,"Mexico, NR",NR,"Pima Indian; Tarahumara, Yaqui, Mayo, Mixteco, N?Ìhuatl, Otom?°, Chinanteco, Mixe, Zapoteco, Mazateco, Totonaco, Huasteco, Maya, Kanjobal, Mame, Poptijacalteco, Kaqchikel, Tojolabal, Chontal, Huave"
28839172,Mahlman M,European,NR,"Canada, France, Finland",Caucasian
28839172,Mahlman M,European,NR,Finland,
28839172,Mahlman M,African unspecified,NR,France,
28835685,Yamashiro K,East Asian,NR,Japan,
28835685,Yamashiro K,East Asian,NR,Japan,
28843344,Lv WQ,European,NR,NR,White European
28843344,Lv WQ,"South Asian, European",NR,NR,
28843344,Lv WQ,European,NR,NR,
28836065,Hellwege JN,African American or Afro-Caribbean,NR,U.S.,
28835685,Yamashiro K,East Asian,NR,Japan,
28835685,Yamashiro K,East Asian,NR,Japan,
28835685,Yamashiro K,East Asian,NR,Japan,
28835685,Yamashiro K,East Asian,NR,Japan,
28820441,Veenstra J,NR,NR,NR,
28820441,Veenstra J,NR,NR,NR,
28820441,Veenstra J,NR,NR,NR,
28820441,Veenstra J,NR,NR,NR,
28820441,Veenstra J,NR,NR,NR,
28820441,Veenstra J,NR,NR,NR,
28820441,Veenstra J,NR,NR,NR,
28820441,Veenstra J,NR,NR,NR,
28820441,Veenstra J,NR,NR,NR,
28828242,Dajani R,"Greater Middle Eastern (Middle Eastern, North African or Persian)",Jordan,Jordan,Chechen; Circassian
28828242,Dajani R,European,NR,NR,
28809852,Liu L,East Asian,NR,China,
28809852,Liu L,East Asian,NR,China,
28808816,Xu C,East Asian,NR,China,
28806749,Leo PJ,European,NR,NR,
28843169,Neumann A,European,NR,"U.K., Netherlands",
28800603,Arpawong TE,European,NR,U.S.,
28800628,Salem JE,European,NR,France,
28800628,Salem JE,"Greater Middle Eastern (Middle Eastern, North African or Persian)",NR,France,
28800628,Salem JE,European,NR,France,
28800628,Salem JE,"Greater Middle Eastern (Middle Eastern, North African or Persian)",NR,France,
28800628,Salem JE,European,NR,France,
28800628,Salem JE,"Greater Middle Eastern (Middle Eastern, North African or Persian)",NR,France,
28800628,Salem JE,European,NR,France,
28800628,Salem JE,"Greater Middle Eastern (Middle Eastern, North African or Persian)",NR,France,
28800628,Salem JE,European,NR,France,
28800628,Salem JE,"Greater Middle Eastern (Middle Eastern, North African or Persian)",NR,France,
28800628,Salem JE,European,NR,France,
28800628,Salem JE,"Greater Middle Eastern (Middle Eastern, North African or Persian)",NR,France,
28800628,Salem JE,European,NR,France,
28800628,Salem JE,"Greater Middle Eastern (Middle Eastern, North African or Persian)",NR,France,
28800628,Salem JE,European,NR,France,
28800628,Salem JE,"Greater Middle Eastern (Middle Eastern, North African or Persian)",NR,France,
28800603,Arpawong TE,European,NR,U.S.,
28800603,Arpawong TE,European,NR,U.K.,
28800603,Arpawong TE,European,NR,U.S.,
28800628,Salem JE,European,NR,France,
28800628,Salem JE,"Greater Middle Eastern (Middle Eastern, North African or Persian)",NR,France,
28800628,Salem JE,European,NR,France,
28800628,Salem JE,"Greater Middle Eastern (Middle Eastern, North African or Persian)",NR,France,
28800628,Salem JE,European,NR,France,
28800628,Salem JE,"Greater Middle Eastern (Middle Eastern, North African or Persian)",NR,France,
28800628,Salem JE,European,NR,France,
28800628,Salem JE,"Greater Middle Eastern (Middle Eastern, North African or Persian)",NR,France,
28800628,Salem JE,European,NR,France,
28800628,Salem JE,"Greater Middle Eastern (Middle Eastern, North African or Persian)",NR,France,
28800628,Salem JE,European,NR,France,
28800628,Salem JE,"Greater Middle Eastern (Middle Eastern, North African or Persian)",NR,France,
28800603,Arpawong TE,European,NR,U.K.,
28800603,Arpawong TE,European,NR,U.S.,
28800603,Arpawong TE,European,NR,U.K.,
28800603,Arpawong TE,European,NR,U.S.,
28800603,Arpawong TE,European,NR,U.K.,
28800603,Arpawong TE,European,NR,U.S.,
28783044,Ware JS,European,NR,U.K.,
28783044,Ware JS,European,NR,U.K.,
28776448,Beaudoin JJ,European,NR,NR,
28779025,Alberts R,European,NR,"Canada, U.S., France, Germany, Netherlands, Poland, Finland, Norway, Sweden, U.K., Greece, Italy, Spain",
28779025,Alberts R,European,NR,"Canada, U.S., France, Germany, Netherlands, Poland, Finland, Norway, Sweden, U.K., Greece, Italy, Spain",
28779025,Alberts R,European,NR,"U.S., Canada, France, Germany, Netherlands, Poland, Finland, Norway, Sweden, U.K., Greece, Spain, Italy",
28779025,Alberts R,European,NR,"Canada, U.S., France, Germany, Netherlands, Poland, Finland, Norway, Sweden, U.K., Greece, Italy, Spain",
28779025,Alberts R,European,NR,"Canada, U.S., France, Germany, Netherlands, Poland, Finland, Norway, Sweden, U.K., Greece, Italy, Spain",
28779025,Alberts R,European,NR,"Canada, U.S., France, Germany, Netherlands, Poland, Finland, Norway, Sweden, U.K., Greece, Italy, Spain",
28779025,Alberts R,European,NR,"Canada, U.S., France, Germany, Netherlands, Poland, Finland, Norway, Sweden, U.K., Greece, Italy, Spain",
28779025,Alberts R,European,NR,"U.S., Canada, France, Germany, Netherlands, Poland, Finland, Norway, Sweden, U.K., Greece, Italy, Spain",
28779025,Alberts R,European,NR,"Canada, U.S., France, Germany, Netherlands, Poland, Finland, Norway, Sweden, U.K., Greece, Italy, Spain",
28840121,Villalobos-Comparan M,Hispanic or Latin American,Mexico,Mexico,Mexican-Mestizo
28840121,Villalobos-Comparan M,Hispanic or Latin American,Mexico,Mexico,Mexican-Mestizo
28840121,Villalobos-Comparan M,Hispanic or Latin American,Mexico,Mexico,Mexican-Mestizo
28840121,Villalobos-Comparan M,Hispanic or Latin American,Mexico,Mexico,Mexican-Mestizo
28775256,Kawashima-Kumagai K,East Asian,NR,Japan,
28775256,Kawashima-Kumagai K,East Asian,NR,Japan,
28775256,Kawashima-Kumagai K,Asian unspecified,NR,Singapore,Singaporean
29117387,Conti DV,African American or Afro-Caribbean,NR,"U.S., Barbados",African American
29117387,Conti DV,Sub-Saharan African,NR,Ghana,
29117387,Conti DV,"African unspecified, African American or Afro-Caribbean",NR,"France, Congo, Guadeloupe, NR",
28813576,Persad PJ,European,NR,NR,
28763065,Xia K,European,NR,U.S.,
28763065,Xia K,"Asian unspecified, African American or Afro-Caribbean, Native American, Other admixed ancestry",NR,U.S.,
28762467,Wadelius M,European,NR,"France, Germany, Sweden, Spain",
28794112,Christophersen IE,European,NR,"U.S., Germany, Netherlands, NR",
28794112,Christophersen IE,African American or Afro-Caribbean,NR,U.S.,African American
28763065,Xia K,European,NR,U.S.,
28763065,Xia K,"Asian unspecified, African American or Afro-Caribbean, Native American, Other admixed ancestry",NR,U.S.,
28870582,Wang XF,European,NR,NR,
28763065,Xia K,European,NR,U.S.,
28763065,Xia K,"Asian unspecified, African American or Afro-Caribbean, Native American, Other admixed ancestry",NR,U.S.,
28763065,Xia K,"Asian unspecified, African American or Afro-Caribbean, Native American, Other admixed ancestry",NR,U.S.,
28763065,Xia K,European,NR,U.S.,
28794112,Christophersen IE,European,NR,"U.S., Germany, Netherlands, NR",
28794112,Christophersen IE,African American or Afro-Caribbean,NR,U.S.,African American
28813576,Persad PJ,European,NR,NR,
28813576,Persad PJ,European,NR,NR,
28813576,Persad PJ,European,NR,NR,
28813576,Persad PJ,European,NR,NR,
28763429,Serie DJ,European,NR,NR,
28763429,Serie DJ,European,NR,NR,
28761973,Peng C,NR,NR,NR,
28761973,Peng C,East Asian,NR,NR,
28761973,Peng C,NR,NR,NR,
28761973,Peng C,East Asian,NR,NR,
28763429,Serie DJ,European,NR,NR,
28753643,Yeo A,"European, Asian unspecified, African American or Afro-Caribbean, Greater Middle Eastern (Middle Eastern, North African or Persian), Oceanian, Native American, Other admixed ancestry",NR,"Mexico, Canada, U.S., Australia, Belgium, France, Germany, Netherlands, Brazil, Chile, Colombia, Peru, Argentina, South Africa, China, Hong Kong SAR, Japan, Republic of Korea, India, Pakistan, Philippines, Thailand, Israel, Turkey, Bulgaria, Czech Republic, Hungary, Poland, Romania, Russian Federation, Slovakia, Ukraine, Denmark, Estonia, Norway, Sweden, U.K., Greece, Italy, Spain, Taiwan","East, Japanese, South East Asian, African American and American, American Indian or Alaskan Native, Central and South Asian, Arabic and North African, mixed race, Native Hawaiian or Other Pacific Islander"
28753643,Yeo A,European,NR,NR,
28754176,Wang Z,South Asian,NR,Bangladesh,
28754176,Wang Z,Hispanic or Latin American,NR,Mexico,
28753643,Yeo A,"European, Asian unspecified, African American or Afro-Caribbean, Greater Middle Eastern (Middle Eastern, North African or Persian), Oceanian, Native American, Other, Other admixed ancestry",NR,"Mexico, Canada, U.S., Australia, Belgium, France, Germany, Netherlands, Brazil, Chile, Colombia, Peru, Argentina, South Africa, China, Hong Kong SAR, Japan, Republic of Korea, India, Pakistan, Philippines, Thailand, Israel, Turkey, Bulgaria, Czech Republic, Hungary, Poland, Romania, Russian Federation, Slovakia, Ukraine, Denmark, Estonia, Norway, Sweden, U.K., Greece, Italy, Spain, Taiwan","East, Japanese, South East Asian, African American and American, American Indian or Alaskan Native, Central and South Asian, Arabic and North African, mixed race, Native Hawaiian or Other Pacific Islander"
28753643,Yeo A,"European, Asian unspecified, African American or Afro-Caribbean, Greater Middle Eastern (Middle Eastern, North African or Persian), Oceanian, Native American, Other admixed ancestry",NR,"Mexico, Canada, U.S., Australia, Belgium, France, Germany, Netherlands, Brazil, Chile, Colombia, Peru, Argentina, South Africa, China, Hong Kong SAR, Japan, Republic of Korea, India, Pakistan, Philippines, Thailand, Israel, Turkey, Bulgaria, Czech Republic, Hungary, Poland, Romania, Russian Federation, Slovakia, Ukraine, Denmark, Estonia, Norway, Sweden, U.K., Greece, Italy, Spain, Taiwan","East, Japanese, South East Asian, African American and American, American Indian or Alaskan Native, Central and South Asian, Arabic and North African, mixed race, Native Hawaiian or Other Pacific Islander"
28753643,Yeo A,"European, Asian unspecified, African American or Afro-Caribbean, Greater Middle Eastern (Middle Eastern, North African or Persian), Oceanian, Native American, Other admixed ancestry",NR,"Mexico, Canada, U.S., Australia, Belgium, France, Germany, Netherlands, Brazil, Chile, Colombia, Peru, Argentina, South Africa, China, Hong Kong SAR, Japan, Republic of Korea, India, Pakistan, Philippines, Thailand, Israel, Turkey, Bulgaria, Czech Republic, Hungary, Poland, Romania, Russian Federation, Slovakia, Ukraine, Denmark, Estonia, Norway, Sweden, U.K., Greece, Italy, Spain, Taiwan","East, Japanese, South East Asian, African American and American, American Indian or Alaskan Native, Central and South Asian, Arabic and North African, mixed race, Native Hawaiian or Other Pacific Islander"
28753643,Yeo A,"European, Asian unspecified, African American or Afro-Caribbean, Greater Middle Eastern (Middle Eastern, North African or Persian), Oceanian, Native American, Other admixed ancestry",NR,"Mexico, Canada, U.S., Australia, Belgium, France, Germany, Netherlands, Brazil, Chile, Colombia, Peru, Argentina, South Africa, China, Hong Kong SAR, Japan, Republic of Korea, India, Pakistan, Philippines, Thailand, Israel, Turkey, Bulgaria, Czech Republic, Hungary, Poland, Romania, Russian Federation, Slovakia, Ukraine, Denmark, Estonia, Norway, Sweden, U.K., Greece, Italy, Spain, Taiwan","East, Japanese, South East Asian, African American and American, American Indian or Alaskan Native, Central and South Asian, Arabic and North African, mixed race, Native Hawaiian or Other Pacific Islander"
28753643,Yeo A,"European, Asian unspecified, African American or Afro-Caribbean, Greater Middle Eastern (Middle Eastern, North African or Persian), Oceanian, Native American, Other admixed ancestry",NR,"Canada, Mexico, U.S., Australia, Belgium, France, Germany, Netherlands, Brazil, Chile, Colombia, Peru, Argentina, South Africa, China, Hong Kong SAR, Japan, Republic of Korea, India, Pakistan, Philippines, Thailand, Israel, Turkey, Bulgaria, Czech Republic, Hungary, Poland, Romania, Russian Federation, Slovakia, Ukraine, Denmark, Estonia, Norway, Sweden, U.K., Greece, Italy, Spain, Taiwan","East, Japanese, South East Asian, African American and American, American Indian or Alaskan Native, Central and South Asian, Arabic and North African, mixed race, Native Hawaiian or Other Pacific Islander"
28753643,Yeo A,"European, Asian unspecified, African American or Afro-Caribbean, Greater Middle Eastern (Middle Eastern, North African or Persian), Oceanian, Native American, Other admixed ancestry",NR,"Mexico, Canada, U.S., Australia, Belgium, France, Germany, Netherlands, Brazil, Chile, Colombia, Peru, Argentina, South Africa, China, Hong Kong SAR, Japan, Republic of Korea, India, Pakistan, Philippines, Thailand, Israel, Turkey, Bulgaria, Czech Republic, Hungary, Poland, Romania, Russian Federation, Slovakia, Ukraine, Denmark, Estonia, Norway, Sweden, U.K., Greece, Italy, Spain, Taiwan","East, Japanese, South East Asian, African American and American, American Indian or Alaskan Native, Central and South Asian, Arabic and North African, mixed race, Native Hawaiian or Other Pacific Islander"
28753643,Yeo A,"European, Asian unspecified, African American or Afro-Caribbean, Greater Middle Eastern (Middle Eastern, North African or Persian), Oceanian, Native American, Other admixed ancestry",NR,"Mexico, Canada, U.S., Australia, Belgium, France, Germany, Netherlands, Brazil, Chile, Colombia, Peru, Argentina, South Africa, China, Hong Kong SAR, Japan, Republic of Korea, India, Pakistan, Philippines, Thailand, Israel, Turkey, Bulgaria, Czech Republic, Hungary, Poland, Romania, Russian Federation, Slovakia, Ukraine, Denmark, Estonia, Norway, Sweden, U.K., Greece, Italy, Spain, Taiwan","East, Japanese, South East Asian, African American and American, American Indian or Alaskan Native, Central and South Asian, Arabic and North African, mixed race, Native Hawaiian or Other Pacific Islander"
28753643,Yeo A,European,NR,NR,
28753643,Yeo A,"Asian unspecified, European, African American or Afro-Caribbean, Greater Middle Eastern (Middle Eastern, North African or Persian), Oceanian, Native American, Other admixed ancestry",NR,"Denmark, Estonia, Norway, Sweden, U.K., Greece, Italy, Spain, Taiwan, Mexico, Canada, U.S., Australia, Belgium, France, Germany, Netherlands, Brazil, Chile, Colombia, Peru, Argentina, South Africa, China, Hong Kong SAR, Japan, Republic of Korea, India, Pakistan, Philippines, Thailand, Israel, Turkey, Bulgaria, Czech Republic, Hungary, Poland, Romania, Russian Federation, Slovakia, Ukraine","East, Japanese, South East Asian, African American and American, American Indian or Alaskan Native, Central and South Asian, Arabic and North African, mixed race, Native Hawaiian or Other Pacific Islander"
28754779,Rosendahl J,European,NR,"France, Germany, Netherlands, Switzerland, Czech Republic, Hungary, Poland, Romania, U.K., Italy, Spain",
28754176,Wang Z,South Asian,NR,Bangladesh,
28754176,Wang Z,Hispanic or Latin American,NR,Mexico,
28753643,Yeo A,"European, Asian unspecified, African American or Afro-Caribbean, Greater Middle Eastern (Middle Eastern, North African or Persian), Oceanian, Native American, Other admixed ancestry",NR,"Mexico, Canada, U.S., Australia, Belgium, France, Germany, Netherlands, Brazil, Chile, Colombia, Peru, Argentina, South Africa, China, Hong Kong SAR, Japan, Republic of Korea, India, Pakistan, Philippines, Thailand, Israel, Turkey, Bulgaria, Czech Republic, Hungary, Poland, Romania, Russian Federation, Slovakia, Ukraine, Denmark, Estonia, Norway, Sweden, U.K., Greece, Italy, Spain, Taiwan","East, Japanese, South East Asian, African American and American, American Indian or Alaskan Native, Central and South Asian, Arabic and North African, mixed race, Native Hawaiian or Other Pacific Islander"
28746715,Smeland OB,NR,NR,NR,
28746715,Smeland OB,NR,NR,NR,
28746715,Smeland OB,NR,NR,NR,
28937693,Clarke TK,European,NR,U.K.,White British
28937693,Clarke TK,European,NR,U.K.,White British
28743860,Medina-Gomez C,"European, NR",NR,"Netherlands, U.K., U.S.",
28743860,Medina-Gomez C,NR,NR,"U.S., Netherlands, U.K.",
28743860,Medina-Gomez C,"European, NR",NR,"U.S., Netherlands, U.K.",
28743860,Medina-Gomez C,NR,NR,"U.S., Netherlands, U.K.",
28744025,Woolston AL,East Asian,NR,Taiwan,Han Chinese
28743860,Medina-Gomez C,"European, NR",NR,"U.S., Netherlands, U.K.",
28739976,Wain LV,European,NR,"U.S., Australia, Austria, Germany, Netherlands, Switzerland, Estonia, Finland, Iceland, Republic of Ireland, Sweden, U.K., Croatia, Italy, Spain, NR",
28739976,Wain LV,European,NR,"France, Liechtenstein, Netherlands, Republic of Ireland, U.K.",
28739976,Wain LV,"European, NR",NR,U.K.,
28736931,Rotroff DM,European,NR,"Canada, U.S.",
28736931,Rotroff DM,African American or Afro-Caribbean,NR,"Canada, U.S.",
28736931,Rotroff DM,NR,NR,"Canada, U.S.",
28736931,Rotroff DM,European,NR,"Canada, U.S.",
28736931,Rotroff DM,African American or Afro-Caribbean,NR,"Canada, U.S.",
28736931,Rotroff DM,NR,NR,"Canada, U.S.",
28736931,Rotroff DM,European,NR,"Canada, U.S.",
28736931,Rotroff DM,African American or Afro-Caribbean,NR,"Canada, U.S.",
28736931,Rotroff DM,NR,NR,"Canada, U.S.",
28738859,de Jong K,European,NR,Netherlands,
28738859,de Jong K,European,NR,Netherlands,
28738859,de Jong K,NR,NR,NR,
28739976,Wain LV,European,NR,"U.S., Australia, Austria, Germany, Netherlands, Switzerland, Estonia, Finland, Iceland, Republic of Ireland, Sweden, U.K., Croatia, Italy, Spain, NR",
28739976,Wain LV,European,NR,"France, Liechtenstein, Netherlands, Republic of Ireland, U.K.",
28739976,Wain LV,"European, NR",NR,U.K.,
28739976,Wain LV,European,NR,"U.S., Australia, Austria, Germany, Netherlands, Switzerland, Estonia, Finland, Iceland, Republic of Ireland, Sweden, U.K., Croatia, Italy, Spain, NR",
28739976,Wain LV,European,NR,"Liechtenstein, France, Netherlands, Republic of Ireland, U.K.",
28739976,Wain LV,"European, NR",NR,U.K.,
28739605,Zhou Y,NR,NR,Australia,
28739605,Zhou Y,NR,NR,U.S.,
28736931,Rotroff DM,European,NR,"Canada, U.S.",
28736931,Rotroff DM,African American or Afro-Caribbean,NR,"Canada, U.S.",
28736931,Rotroff DM,NR,NR,"Canada, U.S.",
28757204,Manousaki D,European,NR,"Canada, U.S., France, Netherlands, Sweden, U.K.","European American, Non-hispanic white, North-western European"
28757204,Manousaki D,NR,NR,Netherlands,Admixed
28724990,Zillikens MC,European,NR,"U.S., Germany, Netherlands, Iceland, Sweden, U.K.",Old Order Amish
28724990,Zillikens MC,European,NR,"U.S., Australia, Germany, Netherlands, Denmark, Finland, Iceland, Sweden, U.K., Croatia",
28724990,Zillikens MC,African American or Afro-Caribbean,NR,U.S.,African American
28724990,Zillikens MC,East Asian,NR,Republic of Korea,Korean
28724990,Zillikens MC,European,NR,"U.S., Germany, Netherlands, Switzerland, Iceland, Sweden, U.K.",Old Order Amish
28724990,Zillikens MC,European,NR,"Australia, Austria, U.S., France, Germany, Netherlands, Switzerland, Denmark, Finland, Iceland, Republic of Ireland, Sweden, U.K., Croatia, Greece, Italy, Montenegro, Serbia, Spain",
28724990,Zillikens MC,African American or Afro-Caribbean,NR,U.S.,African American
28724990,Zillikens MC,East Asian,NR,Republic of Korea,Korean
28724990,Zillikens MC,South Asian,NR,U.K.,Indian Asian
28714907,Treutlein J,European,NR,Germany,German
28714469,Langefeld CD,European,NR,NR,
28714469,Langefeld CD,African American or Afro-Caribbean,NR,U.S.,African American
28714469,Langefeld CD,Hispanic or Latin American,NR,"NR, U.S.",Hispanic Amerindian
28714907,Treutlein J,European,NR,"Germany, Switzerland, Austria",German
28714907,Treutlein J,European,NR,"Austria, Germany, Switzerland",German
28714975,Nelson CP,"European, NR",NR,U.K.,
28714975,Nelson CP,"European, NR",NR,"Germany, U.K., Greece, NR",
28703135,Ruamviboonsuk P,South East Asian,NR,Thailand,Thai
28703135,Ruamviboonsuk P,South East Asian,NR,Thailand,Thai
28706201,Wei WH,European,NR,"U.S., Netherlands, Sweden, U.K., Spain",
28703219,Son HY,East Asian,NR,Republic of Korea,
28703219,Son HY,East Asian,NR,Republic of Korea,
28703219,Son HY,East Asian,NR,Republic of Korea,
28703219,Son HY,East Asian,NR,Republic of Korea,
28703219,Son HY,East Asian,NR,Republic of Korea,
28703219,Son HY,East Asian,NR,Republic of Korea,
29313844,Willems SM,European,NR,U.K.,White; 94% White British
29313844,Willems SM,European,NR,"U.S., Australia, Germany, Netherlands, Denmark, U.K., Italy",
29313844,Willems SM,NR,NR,U.K.,
29313844,Willems SM,NR,NR,U.K.,
28696415,Maciukiewicz M,European,NR,NR,
28696415,Maciukiewicz M,European,NR,NR,
28698626,Lopez-Mejias R,European,NR,Spain,
28696415,Maciukiewicz M,European,NR,NR,
28696415,Maciukiewicz M,European,NR,NR,
28696415,Maciukiewicz M,European,NR,NR,
28696415,Maciukiewicz M,European,NR,NR,
28680059,Song X,East Asian,NR,China,
28680059,Song X,East Asian,NR,China,
28679651,Meziane I,NR,NR,NR,cases
28679651,Meziane I,NR,NR,NR,controls
29731509,Zabaneh D,European,NR,U.S.,White (European) Caucasian
28679651,Meziane I,NR,NR,NR,cases
28679651,Meziane I,NR,NR,NR,controls
28679651,Meziane I,NR,NR,NR,cases
28679651,Meziane I,NR,NR,NR,controls
28679651,Meziane I,NR,NR,NR,controls
28679651,Meziane I,NR,NR,NR,cases
28679651,Meziane I,NR,NR,NR,cases
28679651,Meziane I,NR,NR,NR,controls
28679651,Meziane I,NR,NR,NR,cases
28679651,Meziane I,NR,NR,NR,controls
28679651,Meziane I,NR,NR,NR,cases
28679651,Meziane I,NR,NR,NR,controls
28679651,Meziane I,NR,NR,NR,controls
28679651,Meziane I,NR,NR,NR,cases
28679651,Meziane I,NR,NR,NR,controls
28679651,Meziane I,NR,NR,NR,cases
28672053,Meng W,European,NR,U.K.,Scottish
28672053,Meng W,European,NR,U.K.,Scottish
28641744,Guo W,European,NR,U.S.,European American
28662289,Lin YY,East Asian,NR,Taiwan,
28656603,Na R,European,NR,NR,
28656603,Na R,NR,NR,U.S.,
28656603,Na R,European,NR,Finland,
28658209,Huang H,European,NR,NR,
28654678,Mandage R,East Asian,NR,"U.S., China, Japan","Han Chinese, Japanese"
28654678,Mandage R,European,NR,"U.S., Finland, U.K., Italy, Spain","Toscani, European American, Finnish, British, Iberian"
28654678,Mandage R,Sub-Saharan African,NR,"Kenya, Gambia, Nigeria, Sierra Leone","Yoruba, Luhya, Gambian, Mende, Esan"
28654678,Mandage R,Hispanic or Latin American,NR,"U.S., Colombia","Mexican, Colombian"
28654678,Mandage R,African American or Afro-Caribbean,NR,U.S.,
28654678,Mandage R,South Asian,NR,"U.S., Bangladesh","Gujarati Indian, Bengali"
28644415,Guenard F,NR,NR,Canada,
28644415,Guenard F,NR,NR,Canada,
28651948,Peng C,NR,NR,NR,
28632202,Witt SH,European,NR,Germany,
28642124,Hensman Moss DJ,"European, NR",NR,NR,
28627999,Ikram MA,European,NR,Netherlands,Dutch
28627999,Ikram MA,European,NR,Iceland,Icelandic
29296746,Ma Q,European,NR,"U.S., Republic of Ireland",Irish
28628665,Sobota RS,NR,NR,"Uganda, United Republic of Tanzania",
28630421,Li D,European,NR,NR,Non-Hispanic European
28630421,Li D,NR,NR,NR,
28628665,Sobota RS,NR,NR,"Uganda, United Republic of Tanzania",
28701861,Randall CL,European,NR,U.S.,Caucasian
28701861,Randall CL,African American or Afro-Caribbean,NR,U.S.,African American
28701861,Randall CL,Hispanic or Latin American,NR,U.S.,Hispanic
28701861,Randall CL,"Asian unspecified, Native American, Other",NR,U.S.,
28701861,Randall CL,NR,NR,U.S.,
28701861,Randall CL,European,NR,U.S.,Caucasian
28701861,Randall CL,African American or Afro-Caribbean,NR,U.S.,African American
28701861,Randall CL,Hispanic or Latin American,NR,U.S.,Hispanic
28701861,Randall CL,"Asian unspecified, Native American, Other",NR,U.S.,
28701861,Randall CL,NR,NR,U.S.,
28701861,Randall CL,European,NR,U.S.,Caucasian
28701861,Randall CL,African American or Afro-Caribbean,NR,U.S.,African American
28701861,Randall CL,Hispanic or Latin American,NR,U.S.,Hispanic
28701861,Randall CL,"Asian unspecified, Native American, Other",NR,U.S.,
28701861,Randall CL,NR,NR,U.S.,
28701861,Randall CL,European,NR,U.S.,Caucasian
28701861,Randall CL,African American or Afro-Caribbean,NR,U.S.,African American
28701861,Randall CL,Hispanic or Latin American,NR,U.S.,Hispanic
28701861,Randall CL,"Asian unspecified, Native American, Other",NR,U.S.,
28701861,Randall CL,NR,NR,U.S.,
28613276,Nolte IM,European,NR,"U.S., Belgium, Germany, Netherlands, Czech Republic, Poland, Romania, Russian Federation, Finland, Sweden, Italy",
28613276,Nolte IM,European,NR,"U.S., Germany, Netherlands, Finland, U.K.",
28613276,Nolte IM,Hispanic or Latin American,NR,U.S.,Hispanic
28613276,Nolte IM,African American or Afro-Caribbean,NR,U.S.,African American
28613276,Nolte IM,European,NR,"U.S., Belgium, Germany, Netherlands, Czech Republic, Poland, Romania, Russian Federation, Finland, Sweden, Italy",
28613276,Nolte IM,European,NR,"U.S., Germany, Netherlands, Finland, U.K.",
28613276,Nolte IM,Hispanic or Latin American,NR,U.S.,Hispanic
28613276,Nolte IM,African American or Afro-Caribbean,NR,U.S.,African American
28613276,Nolte IM,European,NR,"U.S., Belgium, Germany, Netherlands, Czech Republic, Poland, Romania, Russian Federation, Finland, Sweden, Italy",
28613276,Nolte IM,European,NR,"Germany, U.S., Netherlands, Finland, U.K.",
28613276,Nolte IM,Hispanic or Latin American,NR,U.S.,Hispanic
28613276,Nolte IM,African American or Afro-Caribbean,NR,U.S.,African American
28608620,Coleman JRI,European,NR,U.K.,
28608620,Coleman JRI,European,NR,U.K.,
28608620,Coleman JRI,European,NR,U.K.,
28608620,Coleman JRI,European,NR,U.K.,
28608620,Coleman JRI,European,NR,U.K.,
28604728,Litchfield K,European,NR,"U.K., NR",Scandinavian
28604728,Litchfield K,European,NR,U.K.,
28604731,Hammerschlag AR,European,NR,Iceland,Icelandic
28604731,Hammerschlag AR,European,NR,U.K.,British
28604731,Hammerschlag AR,European,NR,Iceland,Icelandic
28604731,Hammerschlag AR,European,NR,U.K.,British
28604730,McKay JD,European,NR,"Canada, U.S., France, Germany, Netherlands, Israel, Denmark, Finland, Iceland, Norway, Sweden, U.K., Greece, Italy, Spain, NR",
28604730,McKay JD,European,NR,"U.S., France, Germany, Netherlands, Israel, Denmark, Finland, Iceland, Norway, Sweden, U.K., Greece, Italy, Spain, NR, Canada",
28604730,McKay JD,European,NR,"Canada, U.S., France, Germany, Netherlands, Israel, Denmark, Finland, Iceland, Norway, Sweden, U.K., Greece, Italy, Spain, NR",
28604730,McKay JD,European,NR,"Canada, U.S., France, Germany, Netherlands, Israel, Denmark, Finland, Iceland, Norway, Sweden, U.K., Greece, Italy, Spain, NR",
28604730,McKay JD,European,NR,"Canada, U.S., France, Germany, Netherlands, Israel, Denmark, Finland, Iceland, Norway, Sweden, U.K., Greece, Italy, Spain, NR",
28604731,Hammerschlag AR,European,NR,U.K.,British
28604731,Hammerschlag AR,European,NR,U.K.,British
28604731,Hammerschlag AR,European,NR,U.K.,British
28604731,Hammerschlag AR,European,NR,U.K.,British
28604731,Hammerschlag AR,European,NR,U.K.,British
28604731,Hammerschlag AR,European,NR,U.K.,British
28604731,Hammerschlag AR,European,NR,U.K.,British
28604731,Hammerschlag AR,European,NR,U.K.,British
28604731,Hammerschlag AR,European,NR,U.K.,British
28604731,Hammerschlag AR,European,NR,Iceland,Icelandic
28604731,Hammerschlag AR,European,NR,U.K.,British
28604732,Wang Z,European,NR,"U.S., Denmark, Norway, Sweden, U.K.",
28604730,McKay JD,European,NR,"Canada, U.S., France, Germany, Netherlands, Israel, Denmark, Finland, Iceland, Norway, Sweden, U.K., Greece, Italy, Spain, NR",
28610988,Kerr KF,Hispanic or Latin American,NR,U.S.,
28610988,Kerr KF,European,NR,U.S.,
28610988,Kerr KF,African American or Afro-Caribbean,NR,U.S.,
28610988,Kerr KF,Hispanic or Latin American,NR,U.S.,
28610988,Kerr KF,European,NR,U.S.,
28610988,Kerr KF,African American or Afro-Caribbean,NR,U.S.,
28610988,Kerr KF,Hispanic or Latin American,NR,U.S.,
28610988,Kerr KF,European,NR,U.S.,
28610988,Kerr KF,African American or Afro-Caribbean,NR,U.S.,
28598419,Hong X,African American or Afro-Caribbean,NR,U.S.,African American
28598419,Hong X,African American or Afro-Caribbean,NR,U.S.,African American
28598419,Hong X,African American or Afro-Caribbean,NR,U.S.,African American
28598419,Hong X,European,NR,NR,
28598419,Hong X,African American or Afro-Caribbean,NR,U.S.,African American
28598419,Hong X,African American or Afro-Caribbean,NR,U.S.,African American
28598434,Scelo G,European,NR,"U.S., Australia, France, Czech Republic, Hungary, Poland, Romania, Russian Federation, Slovakia, Finland, Norway, Sweden, U.K., NR",
28598434,Scelo G,European,NR,"U.S., Australia, Czech Republic, Poland, Romania, Russian Federation, Sweden, Serbia, NR",
28598419,Hong X,African American or Afro-Caribbean,NR,U.S.,African American
28598419,Hong X,African American or Afro-Caribbean,NR,U.S.,African American
28598419,Hong X,European,NR,U.S.,
28749367,Gondalia R,European,NR,U.S.,White
28749367,Gondalia R,African American or Afro-Caribbean,NR,U.S.,Black
28749367,Gondalia R,Hispanic or Latin American,NR,U.S.,
28588231,Li M,European,NR,U.S.,European American
28588231,Li M,European,NR,"Germany, U.K.",
28588231,Li M,African American or Afro-Caribbean,NR,U.S.,African American
28584286,Warrier V,European,NR,NR,
28584135,Chaturvedi S,African unspecified,NR,NR,
28495826,Williams SR,"European, NR",NR,NR,
27864402,Harris SE,European,NR,U.K.,British
28468790,Agopian AJ,European,NR,U.S.,non-Hispanic White
28468790,Agopian AJ,European,NR,U.S.,
28468790,Agopian AJ,NR,NR,U.S.,
28468790,Agopian AJ,European,NR,U.S.,
28468790,Agopian AJ,European,NR,U.S.,
28468790,Agopian AJ,European,NR,U.S.,
28468790,Agopian AJ,NR,NR,U.S.,
28468790,Agopian AJ,European,NR,U.S.,
28468790,Agopian AJ,NR,NR,U.S.,
28566273,Scott RA,European,NR,"U.S., France, Germany, Netherlands, Estonia, Finland, Sweden, U.K., NR",White European
28566273,Scott RA,European,NR,"Germany, Denmark, U.K., NR, U.S.",White European
28566273,Scott RA,European,NR,"France, Germany, Netherlands, Estonia, Finland, Sweden, U.K., NR, U.S.",White European
28566273,Scott RA,European,NR,"U.S., Germany, Denmark, U.K., NR",White European
28577822,Deters KD,European,NR,"Canada, U.S.",Non-Hispanic Caucasian
28548082,Southam L,European,NR,Greece,"Cretan, Northern Greek"
28548082,Southam L,European,NR,Greece,"Northern Greek, Cretan"
28548082,Southam L,European,NR,Greece,"Cretan, Northern Greek"
28548082,Southam L,European,NR,Greece,"Cretan, Northern Greek"
28548082,Southam L,European,NR,Greece,"Cretan, Northern Greek"
28548082,Southam L,European,NR,Greece,"Cretan, Northern Greek"
28548082,Southam L,European,NR,Greece,"Northern Greek, Cretan"
28548082,Southam L,European,NR,Greece,"Cretan, Northern Greek"
28548082,Southam L,European,NR,Greece,"Cretan, Northern Greek"
28548082,Southam L,European,NR,Greece,"Cretan, Northern Greek"
28548082,Southam L,European,NR,Greece,"Northern Greek, Cretan"
28548082,Southam L,European,NR,Greece,"Cretan, Northern Greek"
28548082,Southam L,European,NR,Greece,"Cretan, Northern Greek"
28548082,Southam L,European,NR,Greece,"Cretan, Northern Greek"
28548082,Southam L,European,NR,Greece,"Cretan, Northern Greek"
28548082,Southam L,European,NR,Greece,"Cretan, Northern Greek"
28548082,Southam L,European,NR,Greece,"Northern Greek, Cretan"
28548082,Southam L,European,NR,Greece,"Cretan, Northern Greek"
28548082,Southam L,European,NR,Greece,"Cretan, Northern Greek"
28548082,Southam L,European,NR,Greece,"Cretan, Northern Greek"
28548082,Southam L,European,NR,Greece,"Cretan, Northern Greek"
28548082,Southam L,European,NR,Greece,"Cretan, Northern Greek"
28548082,Southam L,European,NR,Greece,"Cretan, Northern Greek"
28548082,Southam L,European,NR,Greece,"Cretan, Northern Greek"
28548082,Southam L,European,NR,Greece,"Northern Greek, Cretan"
28548082,Southam L,European,NR,Greece,"Northern Greek, Cretan"
28548082,Southam L,European,NR,Greece,"Cretan, Northern Greek"
28548082,Southam L,European,NR,Greece,"Cretan, Northern Greek"
28548082,Southam L,European,NR,Greece,"Cretan, Northern Greek"
28548082,Southam L,European,NR,Greece,"Northern Greek, Cretan"
28548082,Southam L,European,NR,Greece,"Cretan, Northern Greek"
28540843,Mbarek H,European,NR,Netherlands,
28537254,Tsoi LC,European,NR,NR,
28537254,Tsoi LC,European,NR,"U.S., Sweden, NR",
28542097,Wells QS,European,NR,U.S.,White
28542097,Wells QS,African American or Afro-Caribbean,NR,U.S.,Black American
28542097,Wells QS,Asian unspecified,NR,U.S.,
28542097,Wells QS,Hispanic or Latin American,NR,U.S.,Latino
28542097,Wells QS,NR,NR,U.S.,
28542097,Wells QS,European,NR,U.S.,White
28542097,Wells QS,African American or Afro-Caribbean,NR,U.S.,Black American
28542097,Wells QS,Asian unspecified,NR,U.S.,
28542097,Wells QS,NR,NR,U.S.,
28537267,Sapkota Y,European,NR,"Australia, Belgium, Denmark, Iceland, U.K., U.S.",
28537267,Sapkota Y,East Asian,NR,Japan,Japanese
28533516,Cantor RM,European,NR,NR,
28540026,Anney RJL,European,NR,"Canada, U.S., Germany, Iran (Islamic Republic of), Finland, U.K., NR",
28540026,Anney RJL,NR,NR,"Canada, U.S., Germany, Iran (Islamic Republic of), Finland, U.K., NR",
28530673,Sniekers S,European,NR,"U.S., Australia, Netherlands, Sweden, U.K.",
28540026,Anney RJL,European,NR,"Canada, U.S., Germany, Iran (Islamic Republic of), Finland, Sweden, U.K., NR",
28540026,Anney RJL,European,NR,"Denmark, Iceland","Danish, Icelandic"
28540026,Anney RJL,"European, Other, NR",NR,"U.S., Georgia, Ukraine, Serbia",
28540026,Anney RJL,NR,NR,"Canada, U.S., Germany, Iran (Islamic Republic of), Finland, Sweden, U.K., NR",
28525603,Ortega-Alonso A,European,NR,Finland,Finnish
28525603,Ortega-Alonso A,European,NR,Finland,Finnish
28525603,Ortega-Alonso A,European,NR,Finland,Finnish
28525603,Ortega-Alonso A,European,NR,Finland,Finnish
28525603,Ortega-Alonso A,European,NR,Finland,Finnish
28525603,Ortega-Alonso A,European,NR,Finland,Finnish
28525603,Ortega-Alonso A,European,NR,Finland,Finnish
28525603,Ortega-Alonso A,European,NR,Finland,Finnish
28525603,Ortega-Alonso A,European,NR,Finland,Finnish
28525603,Ortega-Alonso A,European,NR,Finland,Finnish
28525603,Ortega-Alonso A,European,NR,Finland,Finnish
28521775,Manichaikul A,European,NR,U.S.,
28521775,Manichaikul A,African American or Afro-Caribbean,NR,U.S.,
28521775,Manichaikul A,Hispanic or Latin American,NR,U.S.,
28521775,Manichaikul A,East Asian,NR,U.S.,
28521775,Manichaikul A,European,NR,U.S.,
28545128,McDaniel LD,European,NR,U.S.,European American
28545128,McDaniel LD,African American or Afro-Caribbean,NR,U.S.,African American
28545128,McDaniel LD,NR,NR,U.K.,
28545128,McDaniel LD,European,NR,Italy,
28521775,Manichaikul A,European,NR,U.S.,
28521775,Manichaikul A,African American or Afro-Caribbean,NR,U.S.,
28521775,Manichaikul A,Hispanic or Latin American,NR,U.S.,
28521775,Manichaikul A,East Asian,NR,U.S.,
28521775,Manichaikul A,European,NR,U.S.,
28521775,Manichaikul A,European,NR,U.S.,
28521775,Manichaikul A,African American or Afro-Caribbean,NR,U.S.,
28521775,Manichaikul A,Hispanic or Latin American,NR,U.S.,
28521775,Manichaikul A,East Asian,NR,U.S.,
28520984,Saccone NL,Hispanic or Latin American,NR,U.S.,"Self-reported Hispanic/Latino heritage: Central American, South American, Mexican, Puerto Rican, Cuban, Dominican, Mixed, Other"
28520984,Saccone NL,Hispanic or Latin American,NR,U.S.,
28520984,Saccone NL,African American or Afro-Caribbean,NR,U.S.,
28520984,Saccone NL,European,NR,U.S.,
28520984,Saccone NL,Hispanic or Latin American,NR,U.S.,"Self-reported Hispanic/Latino heritage: Central American, South American, Mexican, Puerto Rican, Cuban, Dominican, Mixed, Other"
28520984,Saccone NL,Hispanic or Latin American,NR,U.S.,"Self-reported Hispanic/Latino heritage: Central American, South American, Mexican, Puerto Rican, Cuban, Dominican, Mixed, Other"
28520984,Saccone NL,Hispanic or Latin American,NR,U.S.,"Self-reported Hispanic/Latino heritage: Central American, South American, Mexican, Puerto Rican, Cuban, Dominican, Mixed, Other"
28512139,Mack S,European,NR,"U.S., Austria, Germany, Switzerland, Finland",
28512992,Joo YB,East Asian,NR,Republic of Korea,Korean
28512139,Mack S,European,NR,"U.S., Austria, Germany, Switzerland, Finland",
28334935,Raffield LM,Hispanic or Latin American,NR,U.S.,"Cuban, Dominican, Puerto Rican, Mexican, South America, Central America"
28641921,Li J,European,NR,NR,Non-Hispanic Caucasian
28641921,Li J,European,NR,NR,Non-Hispanic Caucasian
28334935,Raffield LM,Hispanic or Latin American,NR,U.S.,"Cuban, Dominican, Puerto Rican, Mexican, South America, Central America"
28641921,Li J,European,NR,NR,Non-Hispanic Caucasian
28334935,Raffield LM,Hispanic or Latin American,NR,U.S.,"Cuban, Dominican, Puerto Rican, Mexican, South America, Central America"
28334935,Raffield LM,Hispanic or Latin American,NR,U.S.,"Cuban, Dominican, Puerto Rican, Mexican, South America, Central America"
28552477,Ilboudo Y,"African unspecified, NR",NR,France,
28552477,Ilboudo Y,"NR, African unspecified",NR,France,African
28498854,Liang J,African unspecified,NR,"U.S., Nigeria",African American
28498854,Liang J,African unspecified,NR,"Jamaica, Uganda",African
28498854,Liang J,East Asian,NR,Republic of Korea,Korean
28498854,Liang J,European,NR,U.S.,European American
28498854,Liang J,Hispanic or Latin American,NR,NR,Hispanic/Latino
28500057,Bluett J,European,NR,U.K.,Caucasian
28498854,Liang J,African unspecified,NR,"U.S., Nigeria",African American
28498854,Liang J,African unspecified,NR,"Jamaica, Uganda",African
28498854,Liang J,East Asian,NR,Republic of Korea,Korean
28498854,Liang J,European,NR,U.S.,European American
28498854,Liang J,Hispanic or Latin American,NR,NR,Hispanic/Latino
28498854,Liang J,African unspecified,NR,"Nigeria, U.S.",African American
28498854,Liang J,African unspecified,NR,"Uganda, Jamaica",
28498854,Liang J,East Asian,NR,Republic of Korea,Korean
28498854,Liang J,European,NR,U.S.,European American
28498854,Liang J,Hispanic or Latin American,NR,NR,
28498854,Liang J,African unspecified,NR,"U.S., Nigeria",African American
28498854,Liang J,African unspecified,NR,"Uganda, Jamaica",
28498854,Liang J,East Asian,NR,Republic of Korea,Korean
28498854,Liang J,European,NR,U.S.,European American
28498854,Liang J,Hispanic or Latin American,NR,NR,
28498854,Liang J,African unspecified,NR,"U.S., Nigeria",African American
28498854,Liang J,African unspecified,NR,"Uganda, Jamaica",African
28498854,Liang J,East Asian,NR,Republic of Korea,Korean
28498854,Liang J,European,NR,U.S.,European American
28498854,Liang J,Hispanic or Latin American,NR,NR,Hispanic/Latino
28494655,Duncan L,European,NR,"Canada, U.S., France, Germany, Netherlands, Czech Republic, Finland, Norway, U.K., Greece, Italy, Spain",
28492228,Parks T,South Asian,NR,Fiji,Fijian Indian
28492228,Parks T,"European, East Asian, Other, Other admixed ancestry",NR,"Fiji, New Caledonia, Vanuatu, American Samoa, Cook Islands, French Polynesia, Tonga",
28492228,Parks T,Oceanian,NR,"Fiji, New Caledonia, Vanuatu, Cook Islands, French Polynesia, Samoa, Tonga","iTaukei, Kanak, Samoan, Ni-Vanatuan, Melanesian, Polynesian"
28502801,Law MH,NR,NR,Australia,
28490609,Wood AR,Hispanic or Latin American,NR,U.S.,"Hispanic, Mexican American"
28490609,Wood AR,European,NR,NR,
28490609,Wood AR,Native American,NR,U.S.,Pima Indians
28490609,Wood AR,European,NR,U.S.,
28490609,Wood AR,European,NR,NR,
28490609,Wood AR,European,NR,NR,
28490609,Wood AR,Hispanic or Latin American,NR,U.S.,"Hispanic, Mexican American"
28490609,Wood AR,Native American,NR,U.S.,Pima Indians
28490609,Wood AR,European,NR,U.S.,
28490609,Wood AR,European,NR,NR,
28490609,Wood AR,Hispanic or Latin American,NR,U.S.,"Hispanic, Mexican American"
28490609,Wood AR,Native American,NR,U.S.,Pima Indians
28490609,Wood AR,European,NR,U.S.,
28490609,Wood AR,Hispanic or Latin American,NR,U.S.,"Hispanic, Mexican American"
28490609,Wood AR,European,NR,NR,
28490609,Wood AR,Native American,NR,U.S.,Pima Indians
28490609,Wood AR,European,NR,U.S.,
28490609,Wood AR,Hispanic or Latin American,NR,U.S.,"Hispanic, Mexican American"
28490609,Wood AR,European,NR,NR,
28490609,Wood AR,Native American,NR,U.S.,Pima Indians
28490609,Wood AR,European,NR,U.S.,
28490609,Wood AR,Hispanic or Latin American,NR,U.S.,"Hispanic, Mexican American"
28490609,Wood AR,European,NR,NR,
28490609,Wood AR,Native American,NR,U.S.,Pima Indian
28490609,Wood AR,European,NR,NR,
28490609,Wood AR,Hispanic or Latin American,NR,U.S.,"Hispanic, Mexican American"
28490609,Wood AR,European,NR,NR,
28490609,Wood AR,Native American,NR,U.S.,Pima Indian
28490609,Wood AR,European,NR,NR,
28490609,Wood AR,European,NR,NR,
28490609,Wood AR,European,NR,NR,
28490609,Wood AR,Hispanic or Latin American,NR,U.S.,"Hispanic, Mexican American"
28490609,Wood AR,Native American,NR,U.S.,Pima Indians
28490609,Wood AR,European,NR,U.S.,
28485404,Jorgenson E,European,NR,U.S.,Non-hispanic whites
28485404,Jorgenson E,Hispanic or Latin American,NR,U.S.,
28485404,Jorgenson E,East Asian,NR,U.S.,
28485404,Jorgenson E,African American or Afro-Caribbean,NR,U.S.,African American
28485404,Jorgenson E,European,NR,U.S.,Non-hispanic whites
28485404,Jorgenson E,Hispanic or Latin American,NR,U.S.,
28485404,Jorgenson E,East Asian,NR,U.S.,
28485404,Jorgenson E,African American or Afro-Caribbean,NR,U.S.,African American
28476931,Piaggi P,Native American,NR,U.S.,Pima Indian
28476931,Piaggi P,Native American,NR,U.S.,Pima Indian
28472463,Mullin BH,European,NR,U.K.,Northern European
28472463,Mullin BH,European,NR,U.K.,Northern European
28471803,Choe EK,East Asian,NR,Republic of Korea,Korean
28471803,Choe EK,East Asian,NR,Republic of Korea,Korean
28470677,Tang H,European,NR,U.S.,European American
28470677,Tang H,European,NR,U.S.,European American
28461288,Yan Q,Hispanic or Latin American,NR,"U.S., Puerto Rico",Puerto Rican
28452372,Gorski M,European,NR,NR,
28453389,Koga A,European,NR,Canada,
28453575,Hodonsky CJ,Hispanic or Latin American,NR,NR,
28453575,Hodonsky CJ,Hispanic or Latin American,NR,U.S.,"Central American, Cuban, Dominican, Mexican, Puerto Rican, South American"
28453575,Hodonsky CJ,Hispanic or Latin American,NR,NR,
28453575,Hodonsky CJ,Hispanic or Latin American,NR,U.S.,"Central American, Cuban, Dominican, Mexican, Puerto Rican, South American"
28453389,Koga A,European,NR,Canada,
28453575,Hodonsky CJ,Hispanic or Latin American,NR,NR,
28453575,Hodonsky CJ,Hispanic or Latin American,NR,U.S.,"Central American, Cuban, Dominican, Mexican, Puerto Rican, South American"
28453575,Hodonsky CJ,Hispanic or Latin American,NR,NR,
28453575,Hodonsky CJ,Hispanic or Latin American,NR,U.S.,"Central American, Cuban, Dominican, Mexican, Puerto Rican, South American"
28453575,Hodonsky CJ,Hispanic or Latin American,NR,NR,
28453575,Hodonsky CJ,Hispanic or Latin American,NR,U.S.,"Central American, Cuban, Dominican, Mexican, Puerto Rican, South American"
28453575,Hodonsky CJ,Hispanic or Latin American,NR,U.S.,"Central American, Cuban, Dominican, Mexican, Puerto Rican, South American"
28453575,Hodonsky CJ,Hispanic or Latin American,NR,NR,
28453575,Hodonsky CJ,Hispanic or Latin American,NR,U.S.,"Central American, Cuban, Dominican, Mexican, Puerto Rican, South American"
28453575,Hodonsky CJ,Hispanic or Latin American,NR,NR,
28452372,Gorski M,European,NR,NR,
28448500,Graff M,African American or Afro-Caribbean,NR,U.S.,
28448500,Graff M,European,NR,"Canada, U.S., Australia, France, Germany, Netherlands, Denmark, Estonia, Finland, Iceland, Norway, Sweden, U.K., Croatia, Italy",
28448500,Graff M,African American or Afro-Caribbean,NR,U.S.,
28448500,Graff M,East Asian,NR,Philippines,Filipino
28448500,Graff M,European,NR,"U.S., France, Denmark, Finland, Norway, Sweden, U.K.",
28448500,Graff M,South Asian,NR,U.K.,Indian Asian
28448500,Graff M,European,NR,"U.S., France, Denmark, Finland, Norway, Sweden, U.K.",
28448500,Graff M,African American or Afro-Caribbean,NR,U.S.,
28448500,Graff M,European,NR,"U.S., Australia, France, Germany, Netherlands, Denmark, Estonia, Finland, Iceland, Norway, Sweden, U.K., Croatia, Italy, Canada",
28448500,Graff M,African American or Afro-Caribbean,NR,U.S.,
28448500,Graff M,East Asian,NR,Philippines,Filipino
28448500,Graff M,South Asian,NR,U.K.,Indian Asian
28448500,Graff M,African American or Afro-Caribbean,NR,U.S.,
28448500,Graff M,European,NR,"Canada, U.S., Australia, France, Germany, Netherlands, Denmark, Estonia, Finland, Iceland, Norway, Sweden, U.K., Croatia, Italy",
28448500,Graff M,African American or Afro-Caribbean,NR,U.S.,
28448500,Graff M,East Asian,NR,Philippines,Filipino
28448500,Graff M,European,NR,"France, Denmark, Finland, Norway, Sweden, U.K., U.S.",
28448500,Graff M,South Asian,NR,U.K.,Indian Asian
28448500,Graff M,South Asian,NR,U.K.,Indian Asian
28448500,Graff M,African American or Afro-Caribbean,NR,U.S.,
28448500,Graff M,European,NR,"Canada, U.S., Australia, France, Germany, Netherlands, Denmark, Estonia, Finland, Iceland, Norway, Sweden, U.K., Croatia, Italy",
28448500,Graff M,African American or Afro-Caribbean,NR,U.S.,
28448500,Graff M,East Asian,NR,Philippines,Filipino
28448500,Graff M,European,NR,"U.S., France, Denmark, Finland, Norway, Sweden, U.K.",
28448500,Graff M,European,NR,"U.S., France, Denmark, Finland, Norway, Sweden, U.K.",
28448500,Graff M,African American or Afro-Caribbean,NR,U.S.,
28448500,Graff M,South Asian,NR,U.K.,Indian Asian
28448500,Graff M,European,NR,"Canada, U.S., Australia, France, Germany, Netherlands, Denmark, Estonia, Finland, Iceland, Norway, Sweden, U.K., Croatia, Italy",
28448500,Graff M,African American or Afro-Caribbean,NR,U.S.,
28448500,Graff M,East Asian,NR,Philippines,Filipino
28448500,Graff M,European,NR,"U.S., France, Denmark, Finland, Norway, Sweden, U.K.",
28448500,Graff M,African American or Afro-Caribbean,NR,U.S.,
28448500,Graff M,European,NR,"Canada, U.S., Australia, France, Germany, Netherlands, Denmark, Estonia, Finland, Iceland, Norway, Sweden, U.K., Croatia, Italy",
28448500,Graff M,African American or Afro-Caribbean,NR,U.S.,
28448500,Graff M,East Asian,NR,Philippines,Filipino
28448500,Graff M,South Asian,NR,U.K.,Indian Asian
28448500,Graff M,South Asian,NR,U.K.,Indian Asian
28448500,Graff M,European,NR,"Canada, U.S., Australia, France, Germany, Netherlands, Denmark, Estonia, Finland, Iceland, Norway, Sweden, U.K., Croatia, Italy",
28448500,Graff M,African American or Afro-Caribbean,NR,U.S.,
28448500,Graff M,East Asian,NR,Philippines,Filipino
28448500,Graff M,European,NR,"U.S., France, Denmark, Finland, Norway, Sweden, U.K.",
28448500,Graff M,African American or Afro-Caribbean,NR,U.S.,
28448500,Graff M,African American or Afro-Caribbean,NR,U.S.,
28448500,Graff M,European,NR,"Canada, U.S., Australia, France, Germany, Netherlands, Denmark, Estonia, Finland, Iceland, Norway, Sweden, U.K., Croatia, Italy",
28448500,Graff M,African American or Afro-Caribbean,NR,U.S.,
28448500,Graff M,East Asian,NR,Philippines,Filipino
28448500,Graff M,European,NR,"U.S., France, Denmark, Finland, Norway, Sweden, U.K.",
28448500,Graff M,South Asian,NR,U.K.,Indian Asian
28448500,Graff M,European,NR,"U.S., France, Denmark, Finland, Norway, Sweden, U.K.",
28448500,Graff M,African American or Afro-Caribbean,NR,U.S.,
28448500,Graff M,European,NR,"Canada, U.S., Australia, France, Germany, Netherlands, Denmark, Estonia, Finland, Iceland, Norway, Sweden, U.K., Croatia, Italy",
28448500,Graff M,African American or Afro-Caribbean,NR,U.S.,
28448500,Graff M,East Asian,NR,Philippines,Filipino
28448500,Graff M,South Asian,NR,U.K.,Indian Asian
28448500,Graff M,African American or Afro-Caribbean,NR,U.S.,
28448500,Graff M,South Asian,NR,U.K.,Indian Asian
28448500,Graff M,European,NR,"Canada, U.S., Australia, France, Germany, Netherlands, Denmark, Estonia, Finland, Iceland, Norway, Sweden, U.K., Croatia, Italy",
28448500,Graff M,African American or Afro-Caribbean,NR,U.S.,
28448500,Graff M,East Asian,NR,Philippines,Filipino
28448500,Graff M,European,NR,"U.S., France, Denmark, Finland, Norway, Sweden, U.K.",
28448500,Graff M,European,NR,"Canada, U.S., Australia, France, Germany, Netherlands, Denmark, Estonia, Finland, Iceland, Norway, Sweden, U.K., Croatia, Italy",
28448500,Graff M,African American or Afro-Caribbean,NR,U.S.,
28448500,Graff M,East Asian,NR,Philippines,Filipino
28448500,Graff M,European,NR,"U.S., France, Denmark, Finland, Norway, Sweden, U.K.",
28448500,Graff M,African American or Afro-Caribbean,NR,U.S.,
28448500,Graff M,South Asian,NR,U.K.,
28445677,Steri M,NR,NR,U.K.,
28445677,Steri M,European,"Italy, NR","Sweden, Italy","Sardinians, Swedish"
28445677,Steri M,European,Italy,Italy,Sardinian
28460022,Lee JY,East Asian,NR,Republic of Korea,
28460022,Lee JY,East Asian,NR,Republic of Korea,
28448500,Graff M,European,NR,"France, Denmark, Finland, Norway, Sweden, U.K., U.S.",
28448500,Graff M,European,NR,"Canada, U.S., Australia, France, Germany, Netherlands, Denmark, Estonia, Finland, Iceland, Norway, Sweden, U.K., Croatia, Italy",
28448500,Graff M,African American or Afro-Caribbean,NR,U.S.,
28448500,Graff M,East Asian,NR,Philippines,Filipino
28448500,Graff M,South Asian,NR,U.K.,Indian Asian
28448500,Graff M,African American or Afro-Caribbean,NR,U.S.,
28448500,Graff M,European,NR,"U.S., France, Denmark, Finland, Norway, Sweden, U.K.",
28448500,Graff M,African American or Afro-Caribbean,NR,U.S.,
28448500,Graff M,European,NR,"Canada, U.S., Australia, France, Germany, Netherlands, Denmark, Estonia, Finland, Iceland, Norway, Sweden, U.K., Croatia, Italy",
28448500,Graff M,African American or Afro-Caribbean,NR,U.S.,
28448500,Graff M,East Asian,NR,Philippines,Filipino
28448500,Graff M,South Asian,NR,U.K.,Indian Asian
28448500,Graff M,South Asian,NR,U.K.,Indian Asian
28448500,Graff M,African American or Afro-Caribbean,NR,U.S.,
28448500,Graff M,European,NR,"Canada, U.S., Australia, France, Germany, Netherlands, Denmark, Estonia, Finland, Iceland, Norway, Sweden, U.K., Croatia, Italy",
28448500,Graff M,African American or Afro-Caribbean,NR,U.S.,
28448500,Graff M,East Asian,NR,Philippines,Filipino
28448500,Graff M,European,NR,"U.S., France, Denmark, Finland, Norway, Sweden, U.K.",
28448500,Graff M,South Asian,NR,U.K.,Indian Asian
28448500,Graff M,African American or Afro-Caribbean,NR,U.S.,
28448500,Graff M,European,NR,"Canada, U.S., Australia, France, Germany, Netherlands, Denmark, Estonia, Finland, Iceland, Norway, Sweden, U.K., Croatia, Italy",
28448500,Graff M,African American or Afro-Caribbean,NR,U.S.,
28448500,Graff M,East Asian,NR,Philippines,Filipino
28448500,Graff M,European,NR,"U.S., France, Denmark, Finland, Norway, Sweden, U.K.",
28443625,Justice AE,African American or Afro-Caribbean,NR,"U.S., Jamaica",
28443625,Justice AE,European,NR,"France, Germany, Netherlands, Denmark, Estonia, Finland, Norway, Sweden, U.K., Italy",
28443625,Justice AE,European,NR,"Canada, U.S., Australia, France, Germany, Netherlands, Switzerland, Denmark, Estonia, Finland, Iceland, Sweden, U.K., Croatia, Greece, Italy, NR",
28443625,Justice AE,African American or Afro-Caribbean,NR,"U.S., Jamaica",
28443625,Justice AE,South Asian,NR,U.K.,
28443625,Justice AE,Hispanic or Latin American,NR,U.S.,
28443625,Justice AE,East Asian,NR,Philippines,Filipino
28443625,Justice AE,African American or Afro-Caribbean,NR,"U.S., Jamaica",
28443625,Justice AE,European,NR,"Germany, Netherlands, Denmark, Estonia, Finland, Norway, Sweden, U.K., Italy, France",
28443625,Justice AE,European,NR,"Canada, U.S., Australia, France, Germany, Netherlands, Switzerland, Denmark, Estonia, Finland, Iceland, Sweden, U.K., Croatia, Greece, Italy, NR",
28443625,Justice AE,African American or Afro-Caribbean,NR,"Jamaica, U.S.",
28443625,Justice AE,South Asian,NR,U.K.,
28443625,Justice AE,Hispanic or Latin American,NR,U.S.,
28443625,Justice AE,East Asian,NR,Philippines,Filipino
28443625,Justice AE,African American or Afro-Caribbean,NR,"U.S., Jamaica",
28443625,Justice AE,European,NR,"France, Germany, Netherlands, Denmark, Estonia, Finland, Norway, Sweden, U.K., Italy",
28443625,Justice AE,European,NR,"Canada, U.S., Australia, France, Germany, Netherlands, Switzerland, Denmark, Estonia, Finland, Iceland, Sweden, U.K., Croatia, Greece, Italy, NR",
28443625,Justice AE,African American or Afro-Caribbean,NR,"U.S., Jamaica",
28443625,Justice AE,South Asian,NR,U.K.,
28443625,Justice AE,Hispanic or Latin American,NR,U.S.,
28443625,Justice AE,East Asian,NR,Philippines,Filipino
28443625,Justice AE,African American or Afro-Caribbean,NR,"U.S., Jamaica",
28443625,Justice AE,European,NR,"France, Germany, Netherlands, Denmark, Estonia, Finland, Norway, Sweden, U.K., Italy",
28443625,Justice AE,European,NR,"Canada, U.S., Australia, France, Germany, Netherlands, Switzerland, Denmark, Estonia, Finland, Iceland, Sweden, U.K., Croatia, Greece, Italy, NR",
28443625,Justice AE,African American or Afro-Caribbean,"Jamaica, NR",U.S.,
28443625,Justice AE,South Asian,NR,U.K.,
28443625,Justice AE,Hispanic or Latin American,NR,U.S.,
28443625,Justice AE,East Asian,NR,Philippines,Filipino
28443625,Justice AE,African American or Afro-Caribbean,NR,"U.S., Jamaica",
28443625,Justice AE,European,NR,"France, Germany, Netherlands, Denmark, Estonia, Finland, Norway, Sweden, U.K., Italy",
28443625,Justice AE,European,NR,"Canada, U.S., Australia, France, Germany, Netherlands, Switzerland, Denmark, Estonia, Finland, Iceland, Sweden, U.K., Croatia, Greece, Italy, NR",
28443625,Justice AE,African American or Afro-Caribbean,NR,"U.S., Jamaica",
28443625,Justice AE,South Asian,NR,U.K.,
28443625,Justice AE,Hispanic or Latin American,NR,U.S.,
28443625,Justice AE,East Asian,NR,Philippines,Filipino
28443625,Justice AE,African American or Afro-Caribbean,NR,"U.S., Jamaica",
28443625,Justice AE,European,NR,"Germany, Netherlands, Denmark, Estonia, Finland, Norway, Sweden, U.K., Italy, France",
28443625,Justice AE,European,NR,"Canada, U.S., Australia, France, Germany, Netherlands, Switzerland, Denmark, Estonia, Finland, Iceland, Sweden, U.K., Croatia, Greece, Italy, NR",
28443625,Justice AE,African American or Afro-Caribbean,NR,"Jamaica, U.S.",
28443625,Justice AE,South Asian,NR,U.K.,
28443625,Justice AE,Hispanic or Latin American,NR,U.S.,
28443625,Justice AE,East Asian,NR,Philippines,Filipino
28443625,Justice AE,African American or Afro-Caribbean,NR,"U.S., Jamaica",
28443625,Justice AE,European,NR,"France, Germany, Netherlands, Denmark, Estonia, Finland, Norway, Sweden, U.K., Italy",
28443625,Justice AE,European,NR,"Canada, U.S., Australia, France, Germany, Netherlands, Switzerland, Denmark, Estonia, Finland, Iceland, Sweden, U.K., Croatia, Greece, Italy, NR",
28443625,Justice AE,African American or Afro-Caribbean,NR,"Jamaica, U.S.",
28443625,Justice AE,South Asian,NR,U.K.,
28443625,Justice AE,Hispanic or Latin American,NR,U.S.,
28443625,Justice AE,East Asian,NR,Philippines,Filipino
28443625,Justice AE,African American or Afro-Caribbean,NR,"U.S., Jamaica",
28443625,Justice AE,European,NR,"France, Germany, Netherlands, Denmark, Estonia, Finland, Norway, Sweden, U.K., Italy",
28443625,Justice AE,European,NR,"Canada, U.S., Australia, France, Germany, Netherlands, Switzerland, Denmark, Estonia, Finland, Iceland, Sweden, U.K., Croatia, Greece, Italy, NR",
28443625,Justice AE,African American or Afro-Caribbean,NR,"Jamaica, U.S.",
28443625,Justice AE,South Asian,NR,U.K.,
28443625,Justice AE,Hispanic or Latin American,NR,U.S.,
28443625,Justice AE,East Asian,NR,Philippines,Filipino
28443625,Justice AE,African American or Afro-Caribbean,NR,"U.S., Jamaica",
28443625,Justice AE,European,NR,"France, Germany, Netherlands, Denmark, Estonia, Finland, Norway, Sweden, U.K., Italy",
28443625,Justice AE,European,NR,"Canada, U.S., Australia, France, Germany, Netherlands, Switzerland, Denmark, Estonia, Finland, Iceland, Sweden, U.K., Croatia, Greece, Italy, NR",
28443625,Justice AE,African American or Afro-Caribbean,NR,"U.S., Jamaica",
28443625,Justice AE,South Asian,NR,U.K.,
28443625,Justice AE,Hispanic or Latin American,NR,U.S.,
28443625,Justice AE,East Asian,NR,Philippines,Filipino
28447399,Jia P,European,NR,U.S.,
28447399,Jia P,Hispanic or Latin American,NR,U.S.,
28447399,Jia P,NR,NR,U.S.,
28447399,Jia P,African American or Afro-Caribbean,NR,U.S.,
28443625,Justice AE,African American or Afro-Caribbean,NR,"U.S., Jamaica",
28443625,Justice AE,European,NR,"France, Germany, Netherlands, Denmark, Estonia, Finland, Norway, Sweden, U.K., Italy, Jamaica",
28443625,Justice AE,European,NR,"U.S., Australia, France, Germany, Netherlands, Switzerland, Denmark, Estonia, Finland, Iceland, Sweden, U.K., Croatia, Greece, Italy, NR, Canada",
28443625,Justice AE,African American or Afro-Caribbean,NR,"U.S., Jamaica",
28443625,Justice AE,South Asian,NR,U.K.,
28443625,Justice AE,Hispanic or Latin American,NR,U.S.,
28443625,Justice AE,East Asian,NR,Philippines,Filipino
28443625,Justice AE,African American or Afro-Caribbean,NR,"U.S., Jamaica",
28443625,Justice AE,European,NR,"France, Germany, Netherlands, Denmark, Estonia, Finland, Norway, Sweden, U.K., Italy",
28443625,Justice AE,European,NR,"Canada, U.S., Australia, France, Germany, Netherlands, Switzerland, Denmark, Estonia, Finland, Iceland, Sweden, U.K., Croatia, Greece, Italy, NR",
28443625,Justice AE,African American or Afro-Caribbean,NR,"U.S., Jamaica",
28443625,Justice AE,South Asian,NR,U.K.,
28443625,Justice AE,Hispanic or Latin American,NR,U.S.,
28443625,Justice AE,East Asian,NR,Philippines,Filipino
28443625,Justice AE,African American or Afro-Caribbean,NR,"U.S., Jamaica",
28443625,Justice AE,European,NR,"France, Germany, Netherlands, Denmark, Estonia, Finland, Norway, Sweden, U.K., Italy",
28443625,Justice AE,European,NR,"U.S., Australia, France, Germany, Netherlands, Switzerland, Denmark, Estonia, Finland, Iceland, Sweden, U.K., Croatia, Greece, Italy, NR, Canada",
28443625,Justice AE,African American or Afro-Caribbean,NR,"U.S., Jamaica",
28443625,Justice AE,South Asian,NR,U.K.,
28443625,Justice AE,Hispanic or Latin American,NR,U.S.,
28443625,Justice AE,East Asian,NR,Philippines,Filipino
28443625,Justice AE,African American or Afro-Caribbean,NR,"U.S., Jamaica",
28443625,Justice AE,European,NR,"France, Germany, Netherlands, Denmark, Estonia, Finland, Norway, Sweden, U.K., Italy, Jamaica",
28443625,Justice AE,European,NR,"U.S., Canada, Australia, France, Germany, Netherlands, Switzerland, Denmark, Estonia, Finland, Iceland, Sweden, U.K., Croatia, Greece, Italy, NR",
28443625,Justice AE,African American or Afro-Caribbean,NR,"Jamaica, U.S.",
28443625,Justice AE,South Asian,NR,U.K.,
28443625,Justice AE,Hispanic or Latin American,NR,U.S.,
28443625,Justice AE,East Asian,NR,Philippines,Filipino
28443625,Justice AE,African American or Afro-Caribbean,NR,"U.S., Jamaica",
28443625,Justice AE,European,NR,"France, Germany, Netherlands, Denmark, Estonia, Finland, Norway, Sweden, U.K., Italy",
28443625,Justice AE,European,NR,"Canada, U.S., Australia, France, Germany, Netherlands, Switzerland, Denmark, Estonia, Finland, Iceland, Sweden, U.K., Croatia, Greece, Italy, NR",
28443625,Justice AE,African American or Afro-Caribbean,NR,"U.S., Jamaica",
28443625,Justice AE,South Asian,NR,U.K.,
28443625,Justice AE,Hispanic or Latin American,NR,U.S.,
28443625,Justice AE,East Asian,NR,Philippines,Filipino
28443625,Justice AE,African American or Afro-Caribbean,NR,"U.S., Jamaica",
28443625,Justice AE,European,NR,"Canada, U.S., Australia, France, Germany, Netherlands, Switzerland, Denmark, Estonia, Finland, Iceland, Sweden, U.K., Croatia, Greece, Italy, NR",
28443625,Justice AE,European,NR,"France, Germany, Netherlands, Denmark, Estonia, Finland, Norway, Sweden, U.K., Italy",
28443625,Justice AE,African American or Afro-Caribbean,NR,"U.S., Jamaica",
28443625,Justice AE,South Asian,NR,U.K.,
28443625,Justice AE,Hispanic or Latin American,NR,U.S.,
28443625,Justice AE,East Asian,NR,Philippines,Filipino
28447399,Jia P,African American or Afro-Caribbean,NR,U.S.,
28447399,Jia P,European,NR,U.S.,
28447399,Jia P,Hispanic or Latin American,NR,U.S.,
28447399,Jia P,NR,NR,U.S.,
28447399,Jia P,African American or Afro-Caribbean,NR,U.S.,
28447399,Jia P,European,NR,U.S.,
28447399,Jia P,Hispanic or Latin American,NR,U.S.,
28447399,Jia P,NR,NR,U.S.,
28447399,Jia P,European,NR,U.S.,
28447399,Jia P,Hispanic or Latin American,NR,U.S.,
28447399,Jia P,NR,NR,U.S.,
28447399,Jia P,African American or Afro-Caribbean,NR,U.S.,
28447399,Jia P,European,NR,U.S.,
28447399,Jia P,Hispanic or Latin American,NR,U.S.,
28447399,Jia P,NR,NR,U.S.,
28447399,Jia P,African American or Afro-Caribbean,NR,U.S.,
28447399,Jia P,African American or Afro-Caribbean,NR,U.S.,
28447399,Jia P,European,NR,U.S.,
28447399,Jia P,Hispanic or Latin American,NR,U.S.,
28447399,Jia P,NR,NR,U.S.,
28440896,Yin X,European,NR,NR,
28440896,Yin X,African American or Afro-Caribbean,NR,U.S.,African American
28441456,Lee MK,European,NR,U.S.,European American
28441456,Lee MK,European,NR,U.S.,European American
28441456,Lee MK,European,NR,U.S.,European American
28441456,Lee MK,European,NR,U.S.,European American
28441456,Lee MK,European,NR,U.S.,European American
28441456,Lee MK,European,NR,U.S.,European American
28441456,Lee MK,European,NR,U.S.,European American
28441456,Lee MK,European,NR,U.S.,European American
28441456,Lee MK,European,NR,U.S.,European American
28441456,Lee MK,European,NR,U.S.,European American
28441456,Lee MK,European,NR,U.S.,European American
28441456,Lee MK,European,NR,U.S.,European American
28441456,Lee MK,European,NR,U.S.,European American
28441456,Lee MK,European,NR,U.S.,European American
28441456,Lee MK,European,NR,U.S.,European American
28441456,Lee MK,European,NR,U.S.,European American
28441456,Lee MK,European,NR,U.S.,European American
28441456,Lee MK,European,NR,U.S.,European American
28441456,Lee MK,European,NR,U.S.,European American
28441456,Lee MK,European,NR,U.S.,European American
28441456,Lee MK,European,NR,U.S.,European American
28441456,Lee MK,European,NR,U.S.,European American
28441426,White CC,European,NR,U.S.,
28449029,Munz M,European,NR,"Germany, Netherlands","Dutch, German"
28449029,Munz M,Other,NR,Turkey,Turkish
28441456,Lee MK,European,NR,U.S.,European American
28560309,Lee E,European,NR,"Canada, U.S.",
28430825,Ng MCY,African American or Afro-Caribbean,NR,U.S.,
28430825,Ng MCY,African American or Afro-Caribbean,NR,U.S.,African American
28430825,Ng MCY,European,NR,U.S.,European American
28430825,Ng MCY,Sub-Saharan African,NR,Nigeria,
28430825,Ng MCY,African American or Afro-Caribbean,NR,U.S.,
28430825,Ng MCY,"Sub-Saharan African, African American or Afro-Caribbean",NR,"U.S., Nigeria, Barbados",African American
28430825,Ng MCY,European,NR,U.S.,Europen American
28429243,Dudenkov TM,European,NR,U.S.,
28429243,Dudenkov TM,African American or Afro-Caribbean,NR,U.S.,
28429243,Dudenkov TM,Asian unspecified,NR,U.S.,
28429243,Dudenkov TM,European,NR,U.S.,
28429243,Dudenkov TM,African American or Afro-Caribbean,NR,U.S.,
28429243,Dudenkov TM,Asian unspecified,NR,U.S.,
28425483,Qiu F,East Asian,NR,China,Han Chinese
28425483,Qiu F,East Asian,NR,China,Han Chinese
28424481,Sugiura-Ogasawara M,East Asian,NR,Japan,Japanese
28429243,Dudenkov TM,European,NR,U.S.,
28429243,Dudenkov TM,African American or Afro-Caribbean,NR,U.S.,
28429243,Dudenkov TM,Asian unspecified,NR,U.S.,
28429243,Dudenkov TM,European,NR,U.S.,
28429243,Dudenkov TM,African American or Afro-Caribbean,NR,U.S.,
28429243,Dudenkov TM,Asian unspecified,NR,U.S.,
28429243,Dudenkov TM,European,NR,U.S.,
28429243,Dudenkov TM,African American or Afro-Caribbean,NR,U.S.,
28429243,Dudenkov TM,Asian unspecified,NR,U.S.,
28416812,Yang L,East Asian,NR,China,Han Chinese
28416812,Yang L,East Asian,NR,China,Han Chinese
28421636,Dennis J,European,NR,Canada,French Canadian
28421636,Dennis J,European,"France, NR",France,French
28416822,Low SK,East Asian,NR,Japan,Japanese
28416822,Low SK,European,NR,NR,
28416822,Low SK,East Asian,NR,Japan,Japanese
28416818,Christophersen IE,European,NR,"U.S., Germany, Netherlands, Switzerland, Finland, Sweden, U.K.",
28416818,Christophersen IE,European,NR,"U.S., Germany, Netherlands, Switzerland, Finland, Sweden, U.K.",
28416818,Christophersen IE,East Asian,NR,Japan,Japanese
28416818,Christophersen IE,African American or Afro-Caribbean,NR,"U.S., NR",
28416818,Christophersen IE,Hispanic or Latin American,NR,"U.S., Brazil",
28416818,Christophersen IE,European,NR,"U.S., Germany, Netherlands, Switzerland, Finland, Sweden, U.K., NR",
28416818,Christophersen IE,East Asian,NR,Japan,Japanese
28416818,Christophersen IE,African American or Afro-Caribbean,NR,"U.S., NR",
28416818,Christophersen IE,African American or Afro-Caribbean,NR,U.S.,African American
28416818,Christophersen IE,East Asian,NR,Japan,Japanese
28416818,Christophersen IE,East Asian,NR,Japan,Japanese
28416818,Christophersen IE,European,NR,"U.S., Germany, Netherlands, Switzerland, Finland, Sweden, U.K., NR",
28416818,Christophersen IE,East Asian,NR,Japan,Japanese
28416818,Christophersen IE,African American or Afro-Caribbean,NR,"U.S., NR",
28416818,Christophersen IE,Hispanic or Latin American,NR,"U.S., Brazil",
28416818,Christophersen IE,European,NR,"U.S., Germany, Netherlands, Switzerland, Finland, Sweden, U.K., NR",
28416818,Christophersen IE,"European, NR",NR,U.K.,
28437668,Jung J,European,NR,U.S.,European American
28437668,Jung J,European,NR,U.S.,European American
28437668,Jung J,European,NR,U.S.,European American
28437668,Jung J,European,NR,U.S.,European American
28437668,Jung J,European,NR,U.S.,European American
28437668,Jung J,European,NR,U.S.,European American
28406950,Kim J,East Asian,NR,Republic of Korea,Korean
28406950,Kim J,East Asian,NR,Republic of Korea,Korean
28394258,Wild PS,European,NR,"U.S., Germany, Netherlands, Iceland, Republic of Ireland, Sweden, U.K.",
28394258,Wild PS,European,NR,"Germany, Netherlands, Finland, Sweden, Italy",
28394258,Wild PS,European,NR,"U.S., Austria, Germany, Netherlands, Iceland, Republic of Ireland, Sweden, U.K., Italy",
28394258,Wild PS,European,NR,"Austria, U.S., Germany, Netherlands, Iceland, Republic of Ireland, Sweden, U.K., Italy",
28394258,Wild PS,European,NR,"Germany, Finland, Sweden, Italy",
28394258,Wild PS,European,NR,"U.S., Austria, Germany, Netherlands, Iceland, Republic of Ireland, Sweden, U.K., Italy",
28394258,Wild PS,European,NR,"Germany, Finland, Sweden, Italy",
28394258,Wild PS,European,NR,"Austria, U.S., Germany, Netherlands, Iceland, Republic of Ireland, Sweden, U.K., Italy",
28394258,Wild PS,European,NR,"Germany, Netherlands, U.S., Iceland, Republic of Ireland, Sweden, U.K.",
28394258,Wild PS,European,NR,"Germany, Finland, Sweden, Italy",
28394258,Wild PS,European,NR,"U.S., Austria, Germany, Netherlands, Iceland, Republic of Ireland, Sweden, U.K., Italy",
28394258,Wild PS,European,NR,"U.S., Germany, Netherlands, Iceland, Republic of Ireland, Sweden, U.K.",
28394258,Wild PS,European,NR,"Germany, Finland, Sweden, Italy",
28394258,Wild PS,European,NR,"U.S., Germany, Netherlands, Iceland, Republic of Ireland, Sweden, U.K.",
28394258,Wild PS,European,NR,"Germany, Netherlands, Finland, Sweden, Italy",
28394258,Wild PS,European,NR,"U.S., Germany, Netherlands, Iceland, Republic of Ireland, Sweden, U.K.",
28394258,Wild PS,European,NR,"Germany, Netherlands, Finland, Sweden, Italy",
28394258,Wild PS,European,NR,"U.S., Germany, Netherlands, Iceland, Republic of Ireland, Sweden, U.K.",
28394258,Wild PS,European,NR,"Germany, Netherlands, Finland, Sweden, Italy",
28394258,Wild PS,European,NR,"U.S., Germany, Netherlands, Iceland, Republic of Ireland, Sweden, U.K.",
28394258,Wild PS,European,NR,"Germany, Netherlands, Finland, Sweden, Italy",
28394258,Wild PS,European,NR,"U.S., Germany, Netherlands, Iceland, Republic of Ireland, Sweden, U.K.",
28394258,Wild PS,European,NR,"Germany, Netherlands, Finland, Sweden, Italy",
28394258,Wild PS,European,NR,"U.S., Germany, Netherlands, Iceland, Republic of Ireland, Sweden, U.K.",
28394258,Wild PS,European,NR,"Germany, Finland, Sweden, Italy",
28394258,Wild PS,European,NR,"Germany, Netherlands, Iceland, Republic of Ireland, Sweden, U.K., U.S.",
28394258,Wild PS,European,NR,"Germany, Netherlands, Finland, Sweden, Italy",
28394258,Wild PS,European,NR,"U.S., Germany, Netherlands, Iceland, Republic of Ireland, Sweden, U.K.",
28394258,Wild PS,European,NR,"Netherlands, Germany, Finland, Sweden, Italy",
28375557,Thomsen H,European,NR,Germany,German
28375557,Thomsen H,NR,NR,Czech Republic,
28374850,Ellinghaus E,European,NR,Germany,German
28374850,Ellinghaus E,European,NR,Germany,German
28235828,Traglia M,Hispanic or Latin American,NR,U.S.,
28235828,Traglia M,European,NR,U.S.,
28235828,Traglia M,Asian unspecified,NR,U.S.,
28235828,Traglia M,South Asian,NR,U.S.,
28235828,Traglia M,African American or Afro-Caribbean,NR,U.S.,
28235828,Traglia M,Other,NR,U.S.,
28373541,Yang J,East Asian,NR,China,"Tibetan (founder/genetic isolate), Han Chinese"
28235828,Traglia M,Hispanic or Latin American,NR,U.S.,
28235828,Traglia M,European,NR,U.S.,
28235828,Traglia M,Asian unspecified,NR,U.S.,
28235828,Traglia M,South Asian,NR,U.S.,
28235828,Traglia M,African American or Afro-Caribbean,NR,U.S.,
28235828,Traglia M,Other,NR,U.S.,
28235828,Traglia M,"European, South Asian, Asian unspecified, African American or Afro-Caribbean, Hispanic or Latin American, Other",NR,U.S.,
28235828,Traglia M,"European, South Asian, Asian unspecified, African American or Afro-Caribbean, Hispanic or Latin American, Other",NR,U.S.,
28235828,Traglia M,Hispanic or Latin American,NR,U.S.,
28235828,Traglia M,European,NR,U.S.,
28235828,Traglia M,Asian unspecified,NR,U.S.,
28235828,Traglia M,South Asian,NR,U.S.,
28235828,Traglia M,African American or Afro-Caribbean,NR,U.S.,
28235828,Traglia M,Other,NR,U.S.,
28235828,Traglia M,"European, South Asian, Asian unspecified, African American or Afro-Caribbean, Hispanic or Latin American, Other",NR,U.S.,
28207573,Backman JD,European,NR,U.S.,Amish
28199695,Jones AV,European,NR,NR,non-Hispanic European
28199695,Jones AV,European,NR,NR,non-Hispanic European
28199695,Jones AV,European,NR,NR,
28199695,Jones AV,European,NR,NR,non-Hispanic European
28388302,Petros Z,African unspecified,NR,Ethiopia,
28388302,Petros Z,African unspecified,NR,Ethiopia,
28348047,Li C,East Asian,NR,"U.S., China, Republic of Korea, Singapore, NR, Taiwan","Chinese, Han Chinese, Malay, Singaporean, Asian Indian, Non- Aboriginal Taiwanese"
28348047,Li C,European,NR,"U.S., Iceland, NR",Caucasian
28348047,Li C,East Asian,NR,"U.S., China, Republic of Korea, Singapore, NR, Taiwan","Chinese, Han Chinese, Malay, Singaporean, Asian Indian, Non- Aboriginal Taiwanese"
28348047,Li C,European,NR,"U.S., Iceland, NR",Caucasian
28348047,Li C,East Asian,NR,"U.S., China, Republic of Korea, Singapore, NR, Taiwan","Chinese, Han Chinese, Malay, Singaporean, Asian Indian, Non- Aboriginal Taiwanese"
28348047,Li C,European,NR,"U.S., Iceland, NR",Caucasian
28333195,Uimari O,European,NR,"Australia, U.K.",
28333195,Uimari O,European,NR,"U.K., Australia",
28199695,Jones AV,European,NR,NR,non-Hispanic European
28289848,Haralambieva IH,European,NR,U.S.,
28289848,Haralambieva IH,African American or Afro-Caribbean,NR,U.S.,
28207573,Backman JD,European,NR,U.S.,Amish
28333195,Uimari O,European,NR,"Australia, U.K.",
28373160,Klarin D,European,NR,U.K.,
28373160,Klarin D,NR,NR,NR,
28388302,Petros Z,African unspecified,NR,Ethiopia,Ethiopian
28388302,Petros Z,African unspecified,NR,Ethiopia,
28348047,Li C,East Asian,NR,"U.S., China, Republic of Korea, Singapore, NR, Taiwan","Chinese, Han Chinese, Malay, Singaporean, Asian Indian, Non- Aboriginal Taiwanese"
28348047,Li C,European,NR,"U.S., Iceland, NR",Caucasian
28289848,Haralambieva IH,European,NR,U.S.,
28289848,Haralambieva IH,African American or Afro-Caribbean,NR,U.S.,
28371326,Zhu Y,East Asian,NR,China,Han Chinese
28371326,Zhu Y,East Asian,NR,China,Han Chinese
28371326,Zhu Y,East Asian,NR,China,Han Chinese
28371326,Zhu Y,East Asian,NR,China,Han Chinese
28358823,Kim SK,European,NR,U.S.,
28358823,Kim SK,Hispanic or Latin American,NR,U.S.,
28358823,Kim SK,East Asian,NR,U.S.,
28358823,Kim SK,European,NR,U.S.,
28358823,Kim SK,Hispanic or Latin American,NR,U.S.,
28358823,Kim SK,East Asian,NR,U.S.,
28358823,Kim SK,African American or Afro-Caribbean,NR,U.S.,
28358823,Kim SK,South East Asian,NR,U.S.,
28371326,Zhu Y,East Asian,NR,China,Han Chinese
28371326,Zhu Y,East Asian,NR,China,Han Chinese
28371326,Zhu Y,East Asian,NR,China,Han Chinese
28371326,Zhu Y,East Asian,NR,China,Han Chinese
28371326,Zhu Y,East Asian,NR,China,Han Chinese
28371326,Zhu Y,East Asian,NR,China,Han Chinese
28371326,Zhu Y,East Asian,NR,China,Han Chinese
28371326,Zhu Y,East Asian,NR,China,Han Chinese
28371326,Zhu Y,East Asian,NR,China,Han Chinese
28371326,Zhu Y,East Asian,NR,China,Han Chinese
28360221,Boger CA,European,NR,NR,
28360221,Boger CA,European,NR,NR,
28360221,Boger CA,South Asian,NR,NR,Asian Indian
28360221,Boger CA,African American or Afro-Caribbean,NR,U.S.,
28358029,Afshari NA,European,NR,U.S.,
28358029,Afshari NA,European,NR,"U.S., Australia",
28355232,Ward-Caviness CK,African American or Afro-Caribbean,NR,U.S.,
28355232,Ward-Caviness CK,European,NR,U.S.,
28355295,Hong EP,East Asian,NR,Republic of Korea,Korean
28355295,Hong EP,East Asian,NR,Republic of Korea,Korean
28346443,Melin BS,European,NR,"U.S., Australia, France, Germany, China, Israel, Denmark, Sweden, U.K.",
28030426,Mahmoudpour SH,European,NR,"Netherlands, U.K.",
28346442,Phelan CM,European,NR,"Canada, U.S., Australia, Belgium, Germany, Netherlands, Poland, Finland, Norway, Sweden, U.K., Spain, NR",
28346442,Phelan CM,European,NR,"Canada, U.S., Australia, New Zealand, Austria, Belgium, France, Germany, Netherlands, Colombia, South Africa, Pakistan, Israel, Czech Republic, Hungary, Poland, Russian Federation, Denmark, Finland, Iceland, Latvia, Lithuania, Sweden, U.K., Greece, Italy, Portugal, Spain, NR",
28346442,Phelan CM,European,NR,"Canada, U.S., Australia, Belgium, Germany, Netherlands, Poland, Finland, Norway, Sweden, U.K., Spain, NR",
28346442,Phelan CM,European,NR,"Canada, U.S., Australia, Belgium, Germany, Netherlands, Poland, Finland, Norway, Sweden, U.K., Spain, NR",
28346442,Phelan CM,European,NR,"Canada, U.S., Australia, Belgium, Germany, Netherlands, Poland, Finland, Norway, Sweden, U.K., Spain, NR",
28346442,Phelan CM,European,NR,"Canada, U.S., Australia, Belgium, Germany, Netherlands, Poland, Finland, Norway, Sweden, U.K., Spain, NR",
28346442,Phelan CM,European,NR,"Canada, U.S., Australia, Belgium, Germany, Netherlands, Poland, Finland, Norway, Sweden, U.K., Spain, NR",
28346442,Phelan CM,European,NR,"Canada, U.S., Australia, Belgium, Germany, Netherlands, Poland, Finland, Norway, Sweden, U.K., Spain, NR",
28346442,Phelan CM,European,NR,"Canada, U.S., Australia, Belgium, Germany, Netherlands, Poland, Finland, Norway, Sweden, U.K., Spain, NR",
28346442,Phelan CM,European,NR,"Canada, U.S., Australia, New Zealand, Austria, Belgium, France, Germany, Netherlands, Colombia, South Africa, Pakistan, Israel, Czech Republic, Hungary, Poland, Russian Federation, Denmark, Finland, Iceland, Latvia, Lithuania, Norway, Sweden, U.K., Greece, Italy, Portugal, Spain, NR",
28346443,Melin BS,European,NR,"U.S., Australia, France, Germany, China, Israel, Denmark, Sweden, U.K.",
28346442,Phelan CM,European,NR,"Canada, U.S., Australia, New Zealand, Austria, Belgium, France, Germany, Netherlands, Colombia, South Africa, Pakistan, Israel, Czech Republic, Hungary, Poland, Russian Federation, Denmark, Finland, Iceland, Latvia, Lithuania, Sweden, U.K., Greece, Italy, Portugal, Spain, NR",
28346443,Melin BS,European,NR,"U.S., Australia, France, Germany, China, Israel, Denmark, Sweden, U.K.",
28346442,Phelan CM,European,NR,"Canada, U.S., Australia, Belgium, Germany, Netherlands, Poland, Finland, Norway, Sweden, U.K., Spain, NR",
28352666,Liu TC,East Asian,NR,Japan,Japanese
28333968,Nielsen TR,European,NR,Denmark,Danish
28333968,Nielsen TR,European,NR,Denmark,Danish
28386217,Ritter ML,European,NR,U.S.,
28386217,Ritter ML,"European, NR",NR,"U.S., Belgium, Germany, Netherlands, Switzerland, Israel, Republic of Ireland, U.K., Spain","German Caucasian, British Caucasian"
28333968,Nielsen TR,European,NR,Denmark,Danish
28333968,Nielsen TR,European,NR,Denmark,Danish
28322352,Ran S,European,NR,U.S.,
28322352,Ran S,European,NR,U.S.,
28322246,McLaughlin RL,European,NR,NR,
28322246,McLaughlin RL,"European, Asian unspecified",NR,NR,
28319091,Styrkarsdottir U,European,NR,Iceland,Icelandic
28317342,Hivert MF,European,NR,NR,European
28317342,Hivert MF,European,NR,Canada,"French Canadian founder population, European"
28415562,Li X,East Asian,NR,China,Han Chinese
28415562,Li X,East Asian,NR,China,Han Chinese
28314753,Terao C,East Asian,NR,Japan,Japanese population cohort
28314753,Terao C,European,NR,France,French population cohort
28314753,Terao C,East Asian,NR,Japan,Japanese population cohort
28314753,Terao C,European,NR,"Canada, U.S., France, Germany, Italy","Canadian and North American population with European descent; French, German, Italian population"
28300201,Hernandez-Pacheco N,Hispanic or Latin American,NR,Puerto Rico,Puerto Rican
28300201,Hernandez-Pacheco N,African American or Afro-Caribbean,NR,U.S.,
28298293,Hu Y,European,NR,NR,"See Wu J. H., et al. 2013. PMID: 23362303"
28298293,Hu Y,East Asian,NR,"U.S., China",Chinese Han; Asian (predominantly Chinese)
28298293,Hu Y,East Asian,NR,"U.S., China",Chinese Han; Asian (predominantly Chinese)
28298293,Hu Y,European,NR,"U.S., Italy, NR","Caucasian, White"
28298293,Hu Y,East Asian,NR,"U.S., China",Chinese Han; Asian (predominantly Chinese)
28298293,Hu Y,European,NR,"U.S., Italy, NR","Caucasian, White"
28298293,Hu Y,East Asian,NR,"U.S., China",Chinese Han; Asian (predominantly Chinese)
28298293,Hu Y,European,NR,"U.S., Italy, NR","Caucasian, White"
28298293,Hu Y,European,NR,NR,See Wu et al 23362303
28298293,Hu Y,East Asian,NR,"U.S., China",Chinese Han; Asian (predominantly Chinese)
28298293,Hu Y,East Asian,NR,"U.S., China",Chinese Han; Asian (predominantly Chinese)
28298293,Hu Y,European,NR,"U.S., Italy, NR","Caucasian, White"
28292921,Boldry EJ,African American or Afro-Caribbean,NR,U.S.,
28292921,Boldry EJ,East Asian,NR,U.S.,Japanese American
28292921,Boldry EJ,European,NR,U.S.,
28179588,Fagerholm R,European,NR,NR,Finnish
28179588,Fagerholm R,European,NR,NR,Finnish
28179588,Fagerholm R,European,NR,NR,
28295283,Wang H,African American or Afro-Caribbean,NR,U.S.,African American
28295283,Wang H,African American or Afro-Caribbean,NR,U.S.,African American
28295283,Wang H,Hispanic or Latin American,NR,"Mexico, U.S., Cuba, NR",Mexican
28295283,Wang H,African American or Afro-Caribbean,NR,U.S.,African American
28295283,Wang H,African American or Afro-Caribbean,NR,U.S.,African American
28295283,Wang H,African American or Afro-Caribbean,NR,U.S.,African American
28295283,Wang H,African American or Afro-Caribbean,NR,U.S.,African American
28296344,Chen G,Sub-Saharan African,NR,"Kenya, Ghana, Nigeria",West African
28296344,Chen G,Sub-Saharan African,NR,"Kenya, Ghana, Nigeria",West African
28296344,Chen G,African American or Afro-Caribbean,NR,U.S.,African American
28283553,Srinivasan L,European,NR,U.S.,
28283553,Srinivasan L,NR,NR,U.S.,
28781888,Mobuchon L,European,NR,NR,
28781888,Mobuchon L,European,NR,NR,French
28439531,Aslibekyan S,European,NR,U.S.,
28270201,Nagy R,European,NR,U.K.,British
26440539,Hancock DB,European,NR,"U.S., Iceland, Italy",
26440539,Hancock DB,European,NR,"Finland, U.S.",
26433129,Tin A,European,NR,U.S.,
26433129,Tin A,African American or Afro-Caribbean,NR,U.S.,
26424050,Kinnersley B,European,NR,"U.S., Germany, U.K., France",
26424050,Kinnersley B,European,NR,U.K.,
26426971,Winkler TW,European,NR,NR,
26426971,Winkler TW,European,NR,NR,
26426971,Winkler TW,European,NR,NR,
26426971,Winkler TW,European,NR,NR,
26426971,Winkler TW,European,NR,NR,
26426971,Winkler TW,European,NR,NR,
26426971,Winkler TW,European,NR,NR,
26426971,Winkler TW,European,NR,NR,
26426971,Winkler TW,European,NR,NR,
26426971,Winkler TW,European,NR,NR,
26426971,Winkler TW,European,NR,NR,
26426971,Winkler TW,European,NR,NR,
26367794,Zheng HF,European,NR,"U.S., Australia, U.K.",
26367794,Zheng HF,European,NR,Australia,
26367794,Zheng HF,European,NR,"U.S., Australia, Netherlands, U.K.",
26367794,Zheng HF,European,NR,"Canada, U.S., Netherlands, Poland, Denmark, Sweden, U.K., Malta, Spain",
26367794,Zheng HF,European,NR,"U.S., Australia, Netherlands, U.K.",
26367794,Zheng HF,European,NR,"Canada, U.S., Australia, Netherlands, Poland, Denmark, Sweden, U.K., Malta, Spain",
26426971,Winkler TW,European,NR,NR,
26426971,Winkler TW,European,NR,NR,
26424050,Kinnersley B,European,NR,"U.S., Germany, U.K., France",
26424050,Kinnersley B,European,NR,U.K.,
26366535,Sood RF,European,NR,U.S.,
26366535,Sood RF,Asian unspecified,NR,U.S.,
26366535,Sood RF,African American or Afro-Caribbean,NR,U.S.,
26366535,Sood RF,Other,NR,U.S.,
26366535,Sood RF,NR,NR,U.S.,
26366535,Sood RF,Native American,NR,U.S.,
26424050,Kinnersley B,European,NR,"U.S., Germany, U.K., France",
26424050,Kinnersley B,European,NR,U.K.,
26416757,Band G,"Sub-Saharan African, African unspecified",NR,"Malawi, Kenya, Gambia",
26416757,Band G,"Sub-Saharan African, African unspecified",NR,"Mali, Malawi, Cameroon, Ghana, Burkina Faso, United Republic of Tanzania, Gambia",
26417704,Corvol H,European,NR,"U.S., Canada, France",
26417704,Corvol H,NR,NR,"U.S., Canada, France",
26416764,Day FR,European,NR,NR,
26416764,Day FR,NR,NR,"U.S., Netherlands",
26416764,Day FR,European,NR,Iceland,
26420894,Wuttke M,European,NR,NR,
26420894,Wuttke M,Other,NR,NR,
26422391,Yellin JL,European,NR,U.S.,
26420894,Wuttke M,European,NR,NR,
26420894,Wuttke M,Other,NR,NR,
26420894,Wuttke M,European,NR,NR,
26420894,Wuttke M,European,NR,NR,
26433762,Liu X,European,NR,U.S.,
26545630,Deming Y,NR,NR,U.S.,
26545630,Deming Y,NR,NR,U.S.,
26545630,Deming Y,NR,NR,U.S.,
26433762,Liu X,European,NR,U.S.,
26433762,Liu X,European,NR,U.S.,
26545630,Deming Y,NR,NR,U.S.,
26401656,Burkhardt R,European,NR,Germany,
26401656,Burkhardt R,European,NR,Germany,
26398136,Kuo PH,East Asian,NR,China,
26398136,Kuo PH,East Asian,NR,China,
26394269,Cordell HJ,European,NR,"Italy, Canada, U.K.",
26394269,Cordell HJ,European,NR,"U.S., Italy, Canada, U.K.",
26394188,Zhu Z,East Asian,NR,"China, China, Hong Kong SAR",
26394188,Zhu Z,East Asian,NR,"China, China, Hong Kong SAR",
26390057,Kato N,East Asian,NR,"Republic of Korea, Singapore, China, Philippines, Japan",
26390057,Kato N,South Asian,NR,"Singapore, India, U.K., Sri Lanka, Pakistan",
26390057,Kato N,European,NR,"U.S., Netherlands, Germany, U.K., Estonia",
26390057,Kato N,East Asian,NR,"Viet Nam, Republic of Korea, Singapore, China, Japan",
26390057,Kato N,European,NR,"Finland, Sweden, Italy, Netherlands, Germany, U.K., Spain, France, Republic of Ireland, Denmark",
26390057,Kato N,South Asian,NR,"U.K., Pakistan, Bangladesh",
26390057,Kato N,NR,NR,NR,
26390057,Kato N,East Asian,NR,"Republic of Korea, Singapore, China, Philippines, Japan",
26390057,Kato N,South Asian,NR,"Singapore, India, U.K., Sri Lanka, Pakistan",
26390057,Kato N,European,NR,"U.S., Netherlands, Germany, U.K., Estonia",
26390057,Kato N,NR,NR,NR,
26390057,Kato N,East Asian,NR,"Viet Nam, Republic of Korea, Singapore, China, Japan",
26390057,Kato N,European,NR,"Finland, Sweden, Italy, Netherlands, Germany, U.K., Spain, France, Republic of Ireland, Denmark",
26390057,Kato N,South Asian,NR,"U.K., Pakistan, Bangladesh",
26390057,Kato N,East Asian,NR,"Republic of Korea, Singapore, China, Philippines, Japan",
26390057,Kato N,South Asian,NR,"Singapore, India, U.K., Sri Lanka, Pakistan",
26390057,Kato N,European,NR,"U.S., Netherlands, Germany, U.K., Estonia",
26390057,Kato N,NR,NR,NR,
26390057,Kato N,East Asian,NR,"Viet Nam, Republic of Korea, Singapore, China, Japan",
26390057,Kato N,European,NR,"Finland, Sweden, Italy, Netherlands, Germany, U.K., Spain, France, Republic of Ireland, Denmark",
26390057,Kato N,South Asian,NR,"U.K., Pakistan, Bangladesh",
26390057,Kato N,East Asian,NR,"Republic of Korea, Singapore, China, Philippines, Japan",
26390057,Kato N,South Asian,NR,"Singapore, India, U.K., Sri Lanka, Pakistan",
26390057,Kato N,European,NR,"U.S., Netherlands, Germany, U.K., Estonia",
26390057,Kato N,NR,NR,NR,
26390057,Kato N,East Asian,NR,"Viet Nam, Republic of Korea, Singapore, China, Japan",
26390057,Kato N,European,NR,"Finland, Sweden, Italy, Netherlands, Germany, U.K., Spain, France, Republic of Ireland, Denmark",
26390057,Kato N,South Asian,NR,"U.K., Pakistan, Bangladesh",
26390057,Kato N,East Asian,NR,"Republic of Korea, Singapore, China, Philippines, Japan",
26390057,Kato N,South Asian,NR,"Singapore, India, U.K., Sri Lanka, Pakistan",
26390057,Kato N,European,NR,"U.S., Netherlands, Germany, U.K., Estonia",
26390057,Kato N,NR,NR,NR,
26390057,Kato N,East Asian,NR,"Viet Nam, Republic of Korea, Singapore, China, Japan",
26390057,Kato N,European,NR,"Finland, Sweden, Italy, Netherlands, Germany, U.K., Spain, France, Republic of Ireland, Denmark",
26390057,Kato N,South Asian,NR,"U.K., Pakistan, Bangladesh",
26377243,Li J,African American or Afro-Caribbean,NR,U.S.,
26379185,Garcia-Etxebarria K,European,NR,Spain,
26379185,Garcia-Etxebarria K,European,Spain,Spain,
26379185,Garcia-Etxebarria K,European,NR,Spain,
26379185,Garcia-Etxebarria K,European,Spain,Spain,
26379185,Garcia-Etxebarria K,European,NR,Spain,
26379185,Garcia-Etxebarria K,European,Spain,Spain,
26379185,Garcia-Etxebarria K,European,NR,Spain,
26051272,Fischer A,European,NR,Germany,
26051272,Fischer A,European,NR,"Czech Republic, Germany, Sweden",
26051272,Fischer A,African American or Afro-Caribbean,NR,U.S.,
26365420,Mbarek H,European,NR,NR,
26366553,Danjou F,European,NR,Italy,
26366553,Danjou F,European,NR,U.K.,
26362575,van den Berg SM,European,NR,"Finland, Sweden, U.S., Australia, Italy, Netherlands, Germany, U.K., Croatia, Estonia",
26362575,van den Berg SM,European,NR,U.K.,
26362759,Rothwell S,European,NR,"Australia, Belgium, France, Germany, Netherlands, Switzerland, Czech Republic, Hungary, Poland, Denmark, Norway, Sweden, U.K., Italy, Spain, U.S.",
26362759,Rothwell S,European,NR,"U.S., Australia, Belgium, France, Germany, Netherlands, Switzerland, Czech Republic, Hungary, Poland, Denmark, Norway, Sweden, U.K., Italy, Spain",
26362759,Rothwell S,European,NR,"U.S., Australia, Belgium, France, Germany, Netherlands, Switzerland, Czech Republic, Hungary, Poland, Denmark, Norway, Sweden, U.K., Italy, Spain",
26352407,Raffler J,European,NR,Germany,
26352407,Raffler J,European,NR,Germany,
26348319,Myung W,East Asian,NR,Republic of Korea,
26348319,Myung W,East Asian,NR,Republic of Korea,
26343387,Nikpay M,European,NR,"Finland, Sweden, U.S., Iceland, Italy, Netherlands, Greece, Germany, U.K., Spain, Estonia, NR, Republic of Ireland",
26343387,Nikpay M,African American or Afro-Caribbean,NR,U.S.,
26343387,Nikpay M,Hispanic or Latin American,NR,U.S.,
26343387,Nikpay M,South Asian,NR,"India, U.K., Pakistan",
26343387,Nikpay M,"Greater Middle Eastern (Middle Eastern, North African or Persian)",NR,NR,
26343387,Nikpay M,East Asian,NR,"Republic of Korea, China",
26343387,Nikpay M,African American or Afro-Caribbean,NR,U.S.,
26343387,Nikpay M,Hispanic or Latin American,NR,U.S.,
26343387,Nikpay M,South Asian,NR,"India, U.K., Pakistan",
26343387,Nikpay M,"Greater Middle Eastern (Middle Eastern, North African or Persian)",NR,NR,
26343387,Nikpay M,East Asian,NR,"Republic of Korea, China",
26343387,Nikpay M,European,NR,"Finland, Sweden, U.S., Iceland, Italy, Netherlands, Greece, Germany, U.K., Spain, Estonia, NR, Republic of Ireland",
26350878,Tashjian RZ,European,NR,U.S.,
26343869,Xie G,East Asian,NR,China,
26333835,Scheinfeldt LB,European,NR,U.S.,
26333835,Scheinfeldt LB,Native American,NR,U.S.,
26333835,Scheinfeldt LB,Asian unspecified,NR,U.S.,
26333835,Scheinfeldt LB,Oceanian,NR,U.S.,
26333835,Scheinfeldt LB,Other,NR,U.S.,
26333835,Scheinfeldt LB,African American or Afro-Caribbean,NR,U.S.,
26333835,Scheinfeldt LB,European,NR,U.S.,
26333835,Scheinfeldt LB,African American or Afro-Caribbean,NR,U.S.,
26333835,Scheinfeldt LB,Asian unspecified,NR,U.S.,
26333835,Scheinfeldt LB,Other,NR,U.S.,
26333835,Scheinfeldt LB,Oceanian,NR,U.S.,
26333835,Scheinfeldt LB,Native American,NR,U.S.,
26333835,Scheinfeldt LB,European,NR,U.S.,
26333835,Scheinfeldt LB,African American or Afro-Caribbean,NR,U.S.,
26333835,Scheinfeldt LB,Asian unspecified,NR,U.S.,
26333835,Scheinfeldt LB,Other,NR,U.S.,
26333835,Scheinfeldt LB,Oceanian,NR,U.S.,
26333835,Scheinfeldt LB,Native American,NR,U.S.,
26421299,Li J,European,NR,"U.S., Canada",
26325155,Brehm JM,Hispanic or Latin American,Puerto Rico,"Puerto Rico, U.S.",
26325155,Brehm JM,"European, Hispanic or Latin American, African unspecified",NR,NR,
26325155,Brehm JM,Hispanic or Latin American,"Costa Rica, NR","Puerto Rico, U.S., Costa Rica",
26177304,Waterman M,African unspecified,NR,Canada,
26177304,Waterman M,European,NR,Canada,
26177304,Waterman M,Asian unspecified,NR,Canada,
26177304,Waterman M,Hispanic or Latin American,NR,Canada,
26177304,Waterman M,NR,NR,Canada,
26148204,Wanga V,European,NR,U.S.,
26148204,Wanga V,African American or Afro-Caribbean,NR,U.S.,
26148204,Wanga V,Hispanic or Latin American,NR,U.S.,
26148204,Wanga V,NR,NR,NR,
26148204,Wanga V,European,NR,U.S.,
26148204,Wanga V,African American or Afro-Caribbean,NR,U.S.,
26148204,Wanga V,Hispanic or Latin American,NR,U.S.,
26148204,Wanga V,NR,NR,NR,
26325155,Brehm JM,Hispanic or Latin American,Puerto Rico,"Puerto Rico, U.S.",
26325155,Brehm JM,"European, Hispanic or Latin American, African unspecified",NR,NR,
26325155,Brehm JM,Hispanic or Latin American,NR,"Puerto Rico, U.S., Costa Rica",
26148204,Wanga V,European,NR,U.S.,
26148204,Wanga V,African American or Afro-Caribbean,NR,U.S.,
26148204,Wanga V,Hispanic or Latin American,NR,U.S.,
26148204,Wanga V,NR,NR,NR,
26148204,Wanga V,European,NR,U.S.,
26148204,Wanga V,African American or Afro-Caribbean,NR,U.S.,
26148204,Wanga V,Hispanic or Latin American,NR,U.S.,
26148204,Wanga V,NR,NR,NR,
26148204,Wanga V,European,NR,U.S.,
26148204,Wanga V,African American or Afro-Caribbean,NR,U.S.,
26148204,Wanga V,Hispanic or Latin American,NR,U.S.,
26148204,Wanga V,NR,NR,NR,
26148204,Wanga V,European,NR,U.S.,
26148204,Wanga V,African American or Afro-Caribbean,NR,U.S.,
26148204,Wanga V,Hispanic or Latin American,NR,U.S.,
26148204,Wanga V,NR,NR,NR,
26323598,Brandl EJ,European,NR,U.S.,
26323598,Brandl EJ,European,NR,U.S.,
26323598,Brandl EJ,European,NR,"U.S., Germany",
26235824,Styrkarsdottir U,European,NR,Iceland,
26235824,Styrkarsdottir U,European,NR,Iceland,
26314684,Liu X,East Asian,NR,Japan,
26314684,Liu X,East Asian,NR,"China, Japan",
26316170,Demirci FY,European,NR,"U.S., Canada",
26316170,Demirci FY,European,NR,NR,
26312577,Tan LJ,East Asian,NR,China,
26312577,Tan LJ,European,NR,U.S.,
26312577,Tan LJ,African American or Afro-Caribbean,NR,U.S.,
26312577,Tan LJ,Hispanic or Latin American,NR,U.S.,
26312577,Tan LJ,East Asian,NR,China,
26312577,Tan LJ,European,NR,U.S.,
26312577,Tan LJ,African American or Afro-Caribbean,NR,U.S.,
26312577,Tan LJ,Hispanic or Latin American,NR,U.S.,
26305897,Iyengar SK,African American or Afro-Caribbean,NR,U.S.,
26305897,Iyengar SK,Native American,NR,U.S.,
26305897,Iyengar SK,European,NR,U.S.,
26305897,Iyengar SK,Hispanic or Latin American,NR,U.S.,
26305897,Iyengar SK,African American or Afro-Caribbean,NR,U.S.,
26305897,Iyengar SK,Native American,NR,U.S.,
26305897,Iyengar SK,European,NR,U.S.,
26305897,Iyengar SK,African American or Afro-Caribbean,NR,U.S.,
26305897,Iyengar SK,Native American,NR,U.S.,
26305897,Iyengar SK,European,NR,U.S.,
26305897,Iyengar SK,Hispanic or Latin American,NR,U.S.,
26307654,Szulkin R,NR,NR,NR,
26307654,Szulkin R,European,NR,NR,
26301688,Li YR,European,NR,"U.S., Australia, Canada, U.K., NR, Norway",
26299439,Li WD,European,NR,U.S.,
26299439,Li WD,European,NR,U.S.,
26301497,Dina C,European,NR,France,
26301497,Dina C,European,NR,"U.S., Canada, U.K., Spain, France",
26297903,Fabbri C,European,NR,NR,
26297903,Fabbri C,European,NR,NR,
26293465,Durda P,European,NR,U.S.,
26293465,Durda P,African American or Afro-Caribbean,NR,U.S.,
26293465,Durda P,European,NR,U.S.,
26291516,Miller FW,European,NR,"Sweden, U.S., Czech Republic, Netherlands, U.K., Spain, Hungary",
26289589,Nishizawa D,East Asian,NR,Japan,
26289589,Nishizawa D,East Asian,NR,Japan,
26297903,Fabbri C,European,NR,NR,
26284813,Hayes MG,European,NR,"U.K., Greece, U.S.",
26284813,Hayes MG,European,NR,U.S.,
26284813,Hayes MG,European,NR,"U.S., U.K., Greece",
26284813,Hayes MG,European,NR,U.S.,
26284813,Hayes MG,European,NR,U.S.,
26284813,Hayes MG,European,NR,"U.S., U.K., Greece",
26284813,Hayes MG,European,NR,"U.S., U.K., Greece",
26284813,Hayes MG,European,NR,U.S.,
26284813,Hayes MG,European,NR,U.S.,
26284813,Hayes MG,European,NR,"U.S., U.K., Greece",
26284813,Hayes MG,European,NR,U.S.,
26284813,Hayes MG,European,NR,"U.S., U.K., Greece",
26278006,Ahmad S,South Asian,NR,Pakistan,
26272126,Oddsson A,European,NR,Iceland,
26272072,Jiang X,European,NR,Sweden,
26272072,Jiang X,European,NR,Sweden,
26272072,Jiang X,European,NR,Sweden,
26268663,Nalls MA,European,NR,"U.S., Australia, Israel, NR",
26265036,Parra EJ,Hispanic or Latin American,NR,Brazil,
26265036,Parra EJ,European,NR,NR,
26265036,Parra EJ,East Asian,NR,NR,
26265036,Parra EJ,African American or Afro-Caribbean,NR,NR,
26265699,Karol SE,European,NR,U.S.,
26265699,Karol SE,African American or Afro-Caribbean,NR,U.S.,
26265699,Karol SE,Hispanic or Latin American,NR,U.S.,
26265699,Karol SE,East Asian,NR,U.S.,
26265699,Karol SE,NR,NR,U.S.,
26265699,Karol SE,European,NR,U.S.,
26265699,Karol SE,African American or Afro-Caribbean,NR,U.S.,
26265699,Karol SE,Hispanic or Latin American,NR,U.S.,
26265699,Karol SE,East Asian,NR,U.S.,
26265699,Karol SE,NR,NR,U.S.,
26268530,Ramanan VK,European,NR,NR,
26265699,Karol SE,"NR, African American or Afro-Caribbean, European, Hispanic or Latin American, East Asian",NR,U.S.,
26265699,Karol SE,"NR, African American or Afro-Caribbean, European, Hispanic or Latin American, East Asian",NR,U.S.,
26265699,Karol SE,European,NR,U.S.,
26265699,Karol SE,African American or Afro-Caribbean,NR,U.S.,
26265699,Karol SE,Hispanic or Latin American,NR,U.S.,
26265699,Karol SE,East Asian,NR,U.S.,
26265699,Karol SE,NR,NR,U.S.,
26252872,Li QS,"NR, European",NR,NR,
26252872,Li QS,"NR, European",NR,NR,
26252872,Li QS,"NR, European",NR,NR,
26252872,Li QS,"NR, European",NR,NR,
26252872,Li QS,"NR, European",NR,NR,
26252872,Li QS,"NR, European",NR,NR,
26252872,Li QS,"NR, European",NR,NR,
26252872,Li QS,"NR, European",NR,NR,
26252872,Li QS,"NR, European",NR,NR,
26252872,Li QS,"NR, European",NR,NR,
26252872,Li QS,"NR, European",NR,NR,
26252872,Li QS,"NR, European",NR,NR,
26252872,Li QS,European,NR,NR,
26252872,Li QS,NR,NR,NR,
26249676,Wolthusen RP,"NR, European",NR,U.S.,
26252872,Li QS,"NR, European",NR,NR,
26252872,Li QS,"NR, European",NR,NR,
26242244,Ma Y,East Asian,NR,China,
26242244,Ma Y,East Asian,NR,China,
26242244,Ma Y,East Asian,NR,China,
26242244,Ma Y,East Asian,NR,China,
26242244,Ma Y,East Asian,NR,China,
26629533,Meng W,NR,NR,U.K.,
26239289,Nelson EC,European,NR,Australia,
26239289,Nelson EC,European,NR,"U.S., NR",
26237429,Aminkeng F,European,NR,Netherlands,
26237429,Aminkeng F,European,NR,Canada,
26237429,Aminkeng F,African American or Afro-Caribbean,NR,Canada,
26237429,Aminkeng F,Hispanic or Latin American,NR,U.S.,
26237429,Aminkeng F,East Asian,NR,Canada,
26237429,Aminkeng F,Other,NR,Canada,
26237428,Law MH,European,NR,"U.S., Israel, Australia, Germany, U.K., France",
26237428,Law MH,European,NR,Greece,
26237428,Law MH,NR,NR,U.K.,
26233692,Gan-Or Z,Other,NR,Israel,
26233692,Gan-Or Z,Other,NR,Israel,
26227905,Hu Y,East Asian,NR,China,
26222057,Pander J,European,NR,NR,
26222057,Pander J,European,NR,NR,
26219847,Adams HH,NR,NR,Netherlands,
26219847,Adams HH,NR,NR,Netherlands,
26219847,Adams HH,NR,NR,Netherlands,
26209787,Barthold JS,European,NR,U.S.,
26209787,Barthold JS,European,NR,Sweden,
26211971,Ogura Y,East Asian,NR,NR,
26211971,Ogura Y,East Asian,NR,China,
26198393,Ziv E,European,NR,U.S.,
26198393,Ziv E,European,NR,"U.S., Poland, Italy, Portugal, Spain, Denmark",
26198393,Ziv E,African American or Afro-Caribbean,NR,U.S.,
26198393,Ziv E,Other,NR,U.S.,
26198393,Ziv E,Hispanic or Latin American,NR,U.S.,
26198764,Goes FS,Other,NR,"U.S., NR",
26198764,Goes FS,Other,NR,U.S.,
26198764,Goes FS,NR,NR,NR,
26199339,Liu CY,European,NR,U.S.,
26199339,Liu CY,European,NR,"U.S., France",
26192919,Liu JZ,European,NR,NR,
26192919,Liu JZ,"Greater Middle Eastern (Middle Eastern, North African or Persian)",NR,Iran (Islamic Republic of),
26192919,Liu JZ,South Asian,NR,"India, U.K.",
26192919,Liu JZ,East Asian,NR,"Republic of Korea, China, Japan, China, Hong Kong SAR",
26192919,Liu JZ,European,NR,"Sweden, Slovenia, Italy, Netherlands, Belgium, Germany, U.K., Spain, Lithuania, Norway, Denmark",
26192919,Liu JZ,European,NR,NR,
26192919,Liu JZ,European,"Sweden, Slovenia, Italy, Netherlands, Belgium, Germany, U.K., Spain, Lithuania, Norway, Denmark",NR,
26192919,Liu JZ,"Greater Middle Eastern (Middle Eastern, North African or Persian)",NR,Iran (Islamic Republic of),
26192919,Liu JZ,South Asian,NR,India,
26192919,Liu JZ,East Asian,NR,"Republic of Korea, China, Japan, China, Hong Kong SAR",
26190474,Dai Y,East Asian,NR,China,
26190474,Dai Y,East Asian,NR,China,
26194203,Ramachandran D,European,NR,U.S.,
26192919,Liu JZ,European,NR,NR,
26192919,Liu JZ,European,NR,"Sweden, Slovenia, Italy, Netherlands, Belgium, Germany, U.K., Spain, Lithuania, Norway, Denmark",
26192919,Liu JZ,"Greater Middle Eastern (Middle Eastern, North African or Persian)",NR,Iran (Islamic Republic of),
26192919,Liu JZ,South Asian,NR,"India, U.K.",
26192919,Liu JZ,East Asian,NR,"Republic of Korea, China, Japan",
26188370,Burdon KP,European,NR,Australia,
26188370,Burdon KP,European,NR,"Australia, U.K.",
26188370,Burdon KP,South Asian,NR,India,
26188009,Vuckovic D,European,NR,Italy,
26188009,Vuckovic D,European,NR,Finland,
26188009,Vuckovic D,Central Asian,NR,NR,
26188009,Vuckovic D,European,NR,Italy,
26188009,Vuckovic D,European,NR,Finland,
26188009,Vuckovic D,Central Asian,NR,NR,
26188009,Vuckovic D,European,NR,Italy,
26188009,Vuckovic D,European,NR,Finland,
26188009,Vuckovic D,Central Asian,NR,NR,
26188009,Vuckovic D,European,NR,Italy,
26188009,Vuckovic D,European,NR,Finland,
26188009,Vuckovic D,Central Asian,NR,NR,
26188009,Vuckovic D,European,NR,Italy,
26188009,Vuckovic D,European,NR,"Finland, U.K.",
26188009,Vuckovic D,Central Asian,NR,NR,
26188009,Vuckovic D,European,NR,Italy,
26188009,Vuckovic D,European,NR,Finland,
26188009,Vuckovic D,Central Asian,NR,NR,
26188009,Vuckovic D,European,NR,"Finland, U.K.",
26188009,Vuckovic D,European,NR,Italy,
26188009,Vuckovic D,Central Asian,NR,NR,
26188009,Vuckovic D,European,NR,Italy,
26188009,Vuckovic D,Central Asian,NR,NR,
26188009,Vuckovic D,European,NR,Finland,
26188009,Vuckovic D,European,NR,Italy,
26188009,Vuckovic D,Central Asian,NR,NR,
26188009,Vuckovic D,European,NR,Finland,
26186006,Abrantes P,European,NR,Portugal,
26186006,Abrantes P,European,NR,Portugal,
26184070,Aebi M,European,NR,"Israel, Netherlands, Belgium, Germany, U.K., Switzerland, Spain, Republic of Ireland",
26183928,Leng S,European,NR,U.S.,
26183928,Leng S,European,NR,U.S.,
26183928,Leng S,Hispanic or Latin American,NR,U.S.,
26174136,Setoh K,East Asian,NR,Japan,
26174136,Setoh K,East Asian,NR,Japan,
26176695,Warrier V,European,NR,U.K.,
26169365,Huang KC,East Asian,NR,China,
26174610,Kwak TJ,East Asian,NR,NR,
26174610,Kwak TJ,East Asian,NR,NR,
26174813,Alemany S,European,NR,Spain,
26169577,Mosley JD,European,NR,U.S.,
26169577,Mosley JD,African unspecified,NR,U.S.,
26169577,Mosley JD,Other,NR,U.S.,
26169577,Mosley JD,European,NR,"U.S., U.K.",
26184321,Lin BD,European,NR,Netherlands,
26184321,Lin BD,European,NR,Netherlands,
26184321,Lin BD,European,NR,Netherlands,
26184321,Lin BD,European,NR,Netherlands,
26184321,Lin BD,European,NR,Netherlands,
26151821,Schumacher FR,European,NR,"U.S., Israel, Australia, Canada, Germany, France",
26151821,Schumacher FR,East Asian,NR,"Republic of Korea, China, Japan",
26151496,Chen PL,East Asian,NR,China,
26151496,Chen PL,East Asian,NR,China,
26207136,Cho CH,European,NR,NR,
26146898,Clark SL,European,NR,Sweden,
26146898,Clark SL,European,NR,Sweden,
26256467,Wojczynski MK,European,NR,U.S.,
26256467,Wojczynski MK,European,NR,U.S.,
25663218,Verhaaren BF,European,NR,"U.S., Iceland, Netherlands, Germany, U.K., Austria, NR, France, Republic of Ireland",
25663218,Verhaaren BF,African American or Afro-Caribbean,NR,"U.S., NR",
25663218,Verhaaren BF,Hispanic or Latin American,NR,"U.S., NR",
25663218,Verhaaren BF,South East Asian,NR,NR,
25663218,Verhaaren BF,East Asian,NR,NR,
26138065,Schneider BP,African American or Afro-Caribbean,NR,U.S.,
26138065,Schneider BP,European,NR,U.S.,
26138065,Schneider BP,European,NR,U.S.,
26138065,Schneider BP,African American or Afro-Caribbean,NR,U.S.,
25325441,Baik I,East Asian,NR,Republic of Korea,
27186693,Aydin-Son Y,Other,NR,NR,
26129866,Hu N,East Asian,NR,NR,
26129866,Hu N,East Asian,NR,"Republic of Korea, China",
26129866,Hu N,East Asian,NR,NR,
26129866,Hu N,East Asian,NR,"Republic of Korea, China",
26129866,Hu N,East Asian,NR,NR,
26129866,Hu N,East Asian,NR,"Republic of Korea, China",
26121980,Chauhan L,European,NR,NR,
26121033,Grondin Y,European,NR,U.S.,
26121033,Grondin Y,Hispanic or Latin American,NR,U.S.,
26105758,Adhikari K,Hispanic or Latin American,NR,"Brazil, Colombia, Chile, Peru, Mexico",
26105758,Adhikari K,Hispanic or Latin American,NR,"Brazil, Colombia, Chile, Peru, Mexico",
26105758,Adhikari K,Hispanic or Latin American,NR,"Brazil, Colombia, Chile, Peru, Mexico",
26105758,Adhikari K,Hispanic or Latin American,NR,"Brazil, Colombia, Chile, Peru, Mexico",
26105758,Adhikari K,Hispanic or Latin American,NR,"Brazil, Colombia, Chile, Peru, Mexico",
26105758,Adhikari K,Hispanic or Latin American,NR,"Brazil, Colombia, Chile, Peru, Mexico",
26105758,Adhikari K,Hispanic or Latin American,NR,"Brazil, Colombia, Chile, Peru, Mexico",
26105758,Adhikari K,Hispanic or Latin American,NR,"Brazil, Colombia, Chile, Peru, Mexico",
26105758,Adhikari K,Hispanic or Latin American,NR,"Brazil, Colombia, Chile, Peru, Mexico",
26105758,Adhikari K,Hispanic or Latin American,NR,"Brazil, Colombia, Chile, Peru, Mexico",
26105758,Adhikari K,Hispanic or Latin American,NR,"Brazil, Colombia, Chile, Peru, Mexico",
26116289,Raginis-Zborowska A,European,NR,U.K.,
26100964,Cao S,East Asian,NR,China,
26100964,Cao S,East Asian,NR,China,
26098869,Childs EJ,NR,NR,NR,
26098869,Childs EJ,"NR, European",NR,"Poland, Czech Republic, Italy, Greece, Germany, Lithuania",
26098869,Childs EJ,European,NR,"U.S., Australia, Canada, NR",
26098869,Childs EJ,"NR, Hispanic or Latin American, African unspecified, Asian unspecified",NR,"U.S., Australia, Canada, NR",
26098866,Helgason H,European,NR,Iceland,
26098866,Helgason H,European,NR,Iceland,
26112879,Rudkowska I,European,NR,Canada,
26087016,Pappa I,European,NR,"Finland, Australia, Netherlands, U.K.",
26089329,Carty CL,African American or Afro-Caribbean,NR,"U.S., Canada",
26089329,Carty CL,European,NR,"Australia, NR",
26089329,Carty CL,African American or Afro-Caribbean,NR,"U.S., Canada",
26087016,Pappa I,European,NR,"Finland, Australia, Netherlands, Germany, U.K.",
26339675,Tosto G,Hispanic or Latin American,NR,U.S.,
26339675,Tosto G,Hispanic or Latin American,NR,U.S.,
26087016,Pappa I,European,NR,"Finland, Australia, Netherlands, Germany, U.K.",
26039976,Wei Z,East Asian,NR,China,
26083729,Maruthur NM,European,NR,U.S.,
26083729,Maruthur NM,African unspecified,NR,U.S.,
26084801,Mirabello L,NR,NR,"U.S., Italy, Canada, U.K., Spain",
26084801,Mirabello L,European,NR,"U.S., Australia",
26084801,Mirabello L,African unspecified,NR,"U.S., Canada, U.K., Spain",
26084801,Mirabello L,Hispanic or Latin American,NR,Brazil,
26083242,Dahlin A,African unspecified,NR,NR,
26083242,Dahlin A,European,NR,NR,
26083242,Dahlin A,European,NR,NR,
26083242,Dahlin A,Asian unspecified,NR,NR,
26083242,Dahlin A,African unspecified,NR,NR,
26083242,Dahlin A,Asian unspecified,NR,NR,
26083723,Park S,East Asian,NR,Republic of Korea,
26083723,Park S,East Asian,NR,Republic of Korea,
26081443,Adkins DE,NR,NR,"U.S., New Zealand",
26083657,Stafford-Smith M,European,NR,U.S.,
26083657,Stafford-Smith M,European,NR,U.S.,
26385043,Kertai MD,European,NR,U.S.,
26385043,Kertai MD,NR,NR,NR,
26077951,Kouri N,NR,NR,U.S.,
26077951,Kouri N,NR,NR,U.S.,
26079190,Galfalvy H,European,NR,"U.S., Canada, Germany",
26079190,Galfalvy H,European,NR,"U.S., Canada, Germany",
26079190,Galfalvy H,European,NR,"U.S., Canada, Germany",
26077951,Kouri N,NR,NR,"U.S., NR",
26079190,Galfalvy H,European,NR,"U.S., Canada, Germany",
25950743,Uttayamakul S,South East Asian,NR,Thailand,
25950743,Uttayamakul S,South East Asian,NR,Thailand,
26075790,Kelemen LE,European,NR,"Finland, U.S., Poland, Australia, Netherlands, Canada, Belgium, Germany, U.K., Belarus, Norway, Denmark",
26077402,de Rooy DP,European,NR,Netherlands,
26077402,de Rooy DP,European,NR,Sweden,
26068415,Draisma HHM,European,NR,"Australia, Netherlands, Germany, U.K., Estonia",
26068415,Draisma HHM,European,NR,Germany,
26068415,Draisma HHM,European,NR,"Australia, Netherlands, Germany, U.K., Estonia",
26068415,Draisma HHM,European,NR,Germany,
26068415,Draisma HHM,European,NR,"Australia, Netherlands, Germany, U.K., Estonia",
26068415,Draisma HHM,European,NR,Germany,
26068415,Draisma HHM,European,NR,"Australia, Netherlands, Germany, U.K., Estonia",
26068415,Draisma HHM,European,NR,Germany,
26068415,Draisma HHM,European,NR,"Australia, Netherlands, Germany, U.K., Estonia",
26068415,Draisma HHM,European,NR,Germany,
26154020,Ferrari R,European,NR,"Italy, NR",
26114229,Ashley-Koch AE,African unspecified,NR,U.S.,
26114229,Ashley-Koch AE,European,NR,U.S.,
26073756,McGeachie MJ,European,NR,NR,
26073756,McGeachie MJ,African American or Afro-Caribbean,NR,U.S.,
26073756,McGeachie MJ,"NR, Other",NR,U.S.,
26073756,McGeachie MJ,European,NR,U.S.,
26067905,Bari R,European,NR,U.S.,
26067905,Bari R,African unspecified,NR,U.S.,
26067905,Bari R,Asian unspecified,NR,U.S.,
26067905,Bari R,Other,NR,U.S.,
26067905,Bari R,European,NR,U.S.,
26067905,Bari R,African unspecified,NR,U.S.,
26067905,Bari R,Asian unspecified,NR,U.S.,
26067905,Bari R,Other,NR,U.S.,
26053186,Park SL,African American or Afro-Caribbean,NR,U.S.,
26053186,Park SL,Oceanian,NR,U.S.,
26053186,Park SL,European,NR,U.S.,
26053186,Park SL,Hispanic or Latin American,NR,U.S.,
26053186,Park SL,East Asian,NR,U.S.,
26053186,Park SL,African American or Afro-Caribbean,NR,U.S.,
26053186,Park SL,Oceanian,NR,U.S.,
26053186,Park SL,European,NR,U.S.,
26053186,Park SL,Hispanic or Latin American,NR,U.S.,
26053186,Park SL,East Asian,NR,U.S.,
26049409,Hirano A,East Asian,NR,Japan,
26049409,Hirano A,East Asian,NR,Japan,
25979521,de Jong K,NR,NR,NR,
25979521,de Jong K,NR,NR,Netherlands,
26041818,Chesi A,African American or Afro-Caribbean,NR,U.S.,
26041818,Chesi A,European,NR,U.S.,
26041818,Chesi A,"Hispanic or Latin American, Other",NR,U.S.,
26041818,Chesi A,European,NR,U.S.,
26041818,Chesi A,African American or Afro-Caribbean,NR,U.S.,
26041818,Chesi A,European,NR,U.S.,
26041818,Chesi A,"Hispanic or Latin American, Other",NR,U.S.,
26041818,Chesi A,European,NR,U.S.,
26031901,Dahlin A,European,NR,NR,
26031901,Dahlin A,European,NR,NR,
26031901,Dahlin A,NR,NR,NR,
26031901,Dahlin A,NR,NR,NR,
26220383,Jang HW,East Asian,NR,Republic of Korea,
26220383,Jang HW,East Asian,NR,Republic of Korea,
26030696,Cho MH,African American or Afro-Caribbean,NR,U.S.,
26030696,Cho MH,European,NR,NR,
26030142,Van Driest SL,European,NR,U.S.,
26030142,Van Driest SL,European,NR,U.S.,
26030142,Van Driest SL,European,NR,U.S.,
26030142,Van Driest SL,European,NR,U.S.,
26028593,Li M,East Asian,NR,"Singapore, China",
26028593,Li M,East Asian,NR,China,
26034056,Hoffmann TJ,European,NR,U.S.,
26034056,Hoffmann TJ,European,NR,NR,
26034056,Hoffmann TJ,African American or Afro-Caribbean,NR,U.S.,
26034056,Hoffmann TJ,African American or Afro-Caribbean,NR,U.S.,
26034056,Hoffmann TJ,East Asian,NR,U.S.,
26034056,Hoffmann TJ,Hispanic or Latin American,NR,U.S.,
26030142,Van Driest SL,European,NR,U.S.,
26030142,Van Driest SL,European,NR,U.S.,
26029870,Ye Z,East Asian,NR,China,
26029870,Ye Z,East Asian,NR,China,
26030696,Cho MH,European,NR,NR,
26030696,Cho MH,African American or Afro-Caribbean,NR,U.S.,
26030696,Cho MH,European,NR,Norway,
26030696,Cho MH,African American or Afro-Caribbean,NR,U.S.,
26024889,Qayyum R,African American or Afro-Caribbean,NR,U.S.,
26024889,Qayyum R,African American or Afro-Caribbean,NR,U.S.,
26024889,Qayyum R,European,NR,U.S.,
26025379,Ng E,European,NR,Sweden,
26025379,Ng E,European,NR,Sweden,
26058915,Tin A,African American or Afro-Caribbean,NR,U.S.,
26058915,Tin A,African American or Afro-Caribbean,NR,U.S.,
26025379,Ng E,European,NR,Sweden,
26025379,Ng E,European,NR,Sweden,
26025379,Ng E,European,NR,Sweden,
26025379,Ng E,European,NR,Sweden,
26025379,Ng E,European,NR,Sweden,
26025379,Ng E,European,NR,Sweden,
26025379,Ng E,European,NR,Sweden,
26025379,Ng E,European,NR,Sweden,
26025379,Ng E,European,NR,Sweden,
26014426,Ruth KS,European,NR,U.K.,
26025128,Park HW,European,NR,NR,
26007630,Swaminathan B,European,NR,"Sweden, Iceland, Norway",
26007630,Swaminathan B,European,NR,"Sweden, Denmark",
26015512,Komatsu M,East Asian,NR,"China, Japan",
26015512,Komatsu M,European,NR,U.S.,
26015512,Komatsu M,Sub-Saharan African,NR,"Nigeria, Niger",
26015512,Komatsu M,African unspecified,NR,U.S.,
26007630,Swaminathan B,European,NR,"Sweden, Iceland, Norway",
26007630,Swaminathan B,European,NR,"Sweden, Denmark",
26015512,Komatsu M,East Asian,NR,Japan,
25990418,Al-Tassan NA,European,NR,"U.S., Australia, Canada, U.K.",
25993607,de Moor MH,European,NR,"Finland, Sweden, U.S., Australia, Italy, Netherlands, Germany, U.K., Croatia, Estonia",
25993607,de Moor MH,European,NR,U.K.,
25987243,Parham LR,European,NR,NR,
25987243,Parham LR,East Asian,NR,NR,
25987243,Parham LR,NR,NR,NR,
25987507,Minica CC,European,NR,NR,
25987507,Minica CC,European,NR,NR,
25985088,Oguchi T,East Asian,NR,Japan,
25988933,Almli LM,African American or Afro-Caribbean,NR,U.S.,
25988933,Almli LM,Other,NR,U.S.,
25988933,Almli LM,European,NR,U.S.,
25988933,Almli LM,African unspecified,NR,U.S.,
25988933,Almli LM,Asian unspecified,NR,U.S.,
25988933,Almli LM,Hispanic or Latin American,NR,U.S.,
25987655,Fernandez CA,"European, Hispanic or Latin American, African unspecified, Asian unspecified, Other",NR,NR,
25987655,Fernandez CA,"European, Hispanic or Latin American, African unspecified, Asian unspecified, Other",NR,NR,
25986216,Toyoda H,East Asian,NR,Japan,
25986216,Toyoda H,East Asian,NR,Japan,
25914168,Esposito F,NR,NR,U.S.,
25914168,Esposito F,European,NR,Italy,
25914168,Esposito F,European,NR,"Italy, France",
25972035,Vinayagamoorthy N,East Asian,NR,Republic of Korea,
25972035,Vinayagamoorthy N,East Asian,NR,Republic of Korea,
25967671,Li C,East Asian,NR,China,
25967671,Li C,East Asian,NR,China,
25972531,Carter TC,European,NR,Republic of Ireland,
25972531,Carter TC,European,NR,Republic of Ireland,
25972531,Carter TC,European,NR,Republic of Ireland,
25963972,Liu F,European,NR,Netherlands,
25963972,Liu F,European,NR,U.K.,
25963972,Liu F,European,NR,"Australia, Netherlands",
25963972,Liu F,European,NR,U.K.,
25963331,Hatzimanolis A,European,NR,Greece,
25963331,Hatzimanolis A,European,NR,Greece,
25964295,Khan S,European,NR,"Finland, U.K.",
25964295,Khan S,European,NR,"Germany, U.K.",
25961943,Surakka I,European,NR,"Finland, Sweden, Iceland, Netherlands, Germany, U.K., Estonia, NR",
25961943,Surakka I,European,NR,"Finland, Sweden, Iceland, Netherlands, Germany, U.K., Estonia, NR",
25961943,Surakka I,European,NR,"Finland, Sweden, Iceland, Netherlands, Germany, U.K., Estonia, NR",
25963547,Wilson CL,"NR, European, African unspecified",NR,U.S.,
25961943,Surakka I,European,NR,"Finland, Sweden, Iceland, Netherlands, Germany, U.K., Estonia",
25963547,Wilson CL,"NR, European, African unspecified",NR,U.S.,
25964295,Khan S,European,NR,"Finland, U.K.",
25964295,Khan S,European,NR,"Germany, U.K.",
25964295,Khan S,European,NR,"Finland, U.K.",
25964295,Khan S,European,NR,"Germany, U.K.",
25956309,Palomba G,European,Italy,Italy,
25956309,Palomba G,European,Italy,Italy,
25953783,Warrington NM,NR,NR,NR,
25953783,Warrington NM,European,NR,Finland,
25953783,Warrington NM,NR,NR,NR,
25953783,Warrington NM,European,NR,Finland,
25948407,Kertai MD,NR,NR,U.S.,
25948407,Kertai MD,European,NR,U.S.,
25939698,Tsoi LC,European,NR,NR,
25939698,Tsoi LC,European,NR,NR,
25939698,Tsoi LC,NR,NR,NR,
25944848,Athanasiu L,European,NR,Norway,
25944848,Athanasiu L,European,NR,Norway,
25944848,Athanasiu L,European,NR,Norway,
25939597,Berndt SI,European,NR,U.S.,
25939597,Berndt SI,European,NR,NR,
25944848,Athanasiu L,European,NR,Norway,
25939597,Berndt SI,European,NR,U.S.,
25939597,Berndt SI,European,NR,NR,
25827949,Kunz M,European,NR,Germany,
25827949,Kunz M,European,NR,Finland,
25935875,Varenhorst C,European,NR,NR,
25935875,Varenhorst C,European,NR,NR,
25935875,Varenhorst C,"African unspecified, Asian unspecified",NR,NR,
25935875,Varenhorst C,"African unspecified, Asian unspecified",NR,NR,
25935875,Varenhorst C,European,NR,NR,
25935875,Varenhorst C,European,NR,NR,
25935875,Varenhorst C,"African unspecified, Asian unspecified",NR,NR,
25935875,Varenhorst C,"African unspecified, Asian unspecified",NR,NR,
25934476,de Vries PS,European,NR,Netherlands,
25934476,de Vries PS,European,NR,Netherlands,
25676789,Wen CC,European,NR,NR,
25676789,Wen CC,East Asian,NR,NR,
25676789,Wen CC,African American or Afro-Caribbean,NR,NR,
25676789,Wen CC,Hispanic or Latin American,NR,NR,
25676789,Wen CC,NR,NR,NR,
25935106,Kim KW,East Asian,NR,Republic of Korea,
25802187,Jiang DK,East Asian,NR,China,
25802187,Jiang DK,East Asian,NR,China,
25918995,Salvatore JE,European,NR,U.S.,
25918995,Salvatore JE,European,NR,U.S.,
25918841,Sanchez-Juan P,European,NR,"Netherlands, Germany, U.K.",
25918841,Sanchez-Juan P,European,NR,"Australia, Italy, Netherlands, Germany, Spain, Austria, France",
25936594,Tomer Y,European,NR,NR,
25936594,Tomer Y,European,NR,NR,
25918132,Yucesoy B,European,NR,"Canada, Spain",
25855579,Mancikova V,European,NR,Spain,
25855579,Mancikova V,European,NR,"Italy, Spain",
25898920,Korostishevsky M,European,NR,U.K.,
25897834,Biernacka JM,European,NR,"U.S., Germany",
25897834,Biernacka JM,Asian unspecified,NR,"China, Thailand, Japan",
25897834,Biernacka JM,"NR, European",NR,NR,
25898129,Shim H,European,NR,NR,
25898129,Shim H,European,NR,NR,
25897833,Thompson AG,NR,NR,U.K.,
25897833,Thompson AG,NR,NR,U.K.,
25897833,Thompson AG,NR,NR,U.K.,
25897833,Thompson AG,NR,NR,U.K.,
25897833,Thompson AG,NR,NR,U.K.,
25897833,Thompson AG,NR,NR,U.K.,
25898129,Shim H,European,NR,NR,
25898129,Shim H,European,NR,NR,
25896534,Julia A,European,Spain,Spain,
25896534,Julia A,European,Spain,Spain,
25890600,Guo Q,European,NR,"Finland, Sweden, U.S., Australia, Netherlands, Canada, Belgium, Germany, U.K., Republic of Ireland, Denmark",
25886283,Chang X,European,NR,U.S.,
25886283,Chang X,African American or Afro-Caribbean,NR,U.S.,
25896417,Nakada TA,European,NR,NR,
25886283,Chang X,European,NR,U.S.,
25886283,Chang X,African American or Afro-Caribbean,NR,U.S.,
25896417,Nakada TA,European,NR,NR,
25898001,Dong C,Hispanic or Latin American,NR,U.S.,
25898001,Dong C,European,NR,U.S.,
25898001,Dong C,African American or Afro-Caribbean,NR,U.S.,
25877299,Kristiansen W,European,NR,"Sweden, Norway",
25877299,Kristiansen W,European,NR,"Sweden, Norway",
25888059,Cha S,East Asian,NR,Republic of Korea,
25888059,Cha S,East Asian,NR,Republic of Korea,
25888059,Cha S,East Asian,NR,Republic of Korea,
25888059,Cha S,East Asian,NR,Republic of Korea,
25888059,Cha S,East Asian,NR,Republic of Korea,
25888059,Cha S,East Asian,NR,Republic of Korea,
25888059,Cha S,East Asian,NR,Republic of Korea,
25888059,Cha S,East Asian,NR,Republic of Korea,
25869804,Ibrahim-Verbaas CA,European,NR,"U.S., Iceland, Netherlands, U.K., Croatia, Austria, Republic of Ireland",
25869804,Ibrahim-Verbaas CA,European,NR,"Finland, U.S., Australia, Italy, Germany, U.K., France",
25869804,Ibrahim-Verbaas CA,African American or Afro-Caribbean,NR,U.S.,
25869804,Ibrahim-Verbaas CA,European,NR,"U.S., Iceland, Netherlands, U.K., Croatia, Austria, Republic of Ireland",
25869804,Ibrahim-Verbaas CA,European,NR,"Finland, U.S., Australia, Italy, Germany, U.K., France",
25869804,Ibrahim-Verbaas CA,African American or Afro-Caribbean,NR,U.S.,
25867717,Song N,East Asian,NR,Republic of Korea,
25867717,Song N,East Asian,NR,Republic of Korea,
25918517,Yashin AI,NR,NR,NR,
25918517,Yashin AI,NR,NR,NR,
25875332,Zayats T,European,NR,Norway,
25875332,Zayats T,NR,NR,NR,
25865352,Schaarschmidt H,European,NR,Germany,
25865352,Schaarschmidt H,European,NR,Germany,
25862617,Zhang Y,East Asian,NR,"China, China, Hong Kong SAR",
25862617,Zhang Y,East Asian,NR,China,
25862617,Zhang Y,South East Asian,NR,Thailand,
25855136,Stacey SN,European,NR,"Spain, Denmark",
25855136,Stacey SN,European,NR,Iceland,
25855136,Stacey SN,"NR, European",NR,"Romania, Hungary, Slovakia",
25865494,Chan Y,African American or Afro-Caribbean,NR,U.S.,
25865494,Chan Y,European,NR,"U.S., U.K.",
25848760,Sun Y,East Asian,NR,China,
25848760,Sun Y,East Asian,NR,China,
25849990,Tapper W,European,NR,U.K.,
25849990,Tapper W,NR,NR,U.K.,
25849990,Tapper W,European,NR,"Italy, Greece, Germany, Austria",
25839716,Ng E,European,NR,Sweden,
25643325,Renton AE,European,NR,NR,
25643325,Renton AE,European,NR,Italy,
25751625,Michailidou K,European,NR,"Canada, U.S., Australia, Germany, Netherlands, Poland, Finland, Sweden, U.K., NR",
25751625,Michailidou K,European,NR,"Canada, U.S., Australia, Belgium, France, Germany, Netherlands, Belarus, Poland, Denmark, Finland, Republic of Ireland, Norway, Sweden, U.K., Greece, Italy, Spain",
25751624,Onengut-Gumuscu S,European,NR,NR,
25813999,Jeong S,European,NR,U.S.,
25813999,Jeong S,European,NR,U.S.,
25823687,Cao S,East Asian,NR,China,
25823687,Cao S,East Asian,NR,China,
25823570,Miyake M,NR,NR,Japan,
25823570,Miyake M,East Asian,NR,"Singapore, China, Japan, China, Hong Kong SAR",
25823570,Miyake M,European,NR,"Australia, U.K., Croatia",
25823570,Miyake M,East Asian,NR,Japan,
25823570,Miyake M,East Asian,NR,Japan,
25826619,Henrion MY,European,NR,"U.S., U.K.",
25826619,Henrion MY,European,NR,NR,
25820613,Warrington NM,NR,NR,"Australia, U.K.",
25811787,Huffman JE,European,NR,NR,
25817017,Carmona FD,European,NR,"Canada, U.S., Germany, Norway, U.K., Italy, Spain",
25811787,Huffman JE,European,NR,NR,
25811787,Huffman JE,European,NR,NR,
25811787,Huffman JE,European,NR,NR,
25811787,Huffman JE,European,NR,NR,
25811787,Huffman JE,European,NR,NR,
25799145,Kappen JH,Other,NR,Suriname,
25799145,Kappen JH,Asian unspecified,NR,Netherlands,
25799145,Kappen JH,"Greater Middle Eastern (Middle Eastern, North African or Persian)",NR,"Israel, Netherlands",
25799145,Kappen JH,NR,NR,"Israel, Netherlands, Turkey",
25799145,Kappen JH,Hispanic or Latin American,NR,Netherlands,
25799145,Kappen JH,European,NR,"Netherlands, U.K.",
25799145,Kappen JH,South East Asian,NR,Netherlands,
25799145,Kappen JH,East Asian,NR,Netherlands,
25799145,Kappen JH,European,NR,NR,
25799145,Kappen JH,Other,NR,Suriname,
25799145,Kappen JH,Asian unspecified,NR,Netherlands,
25799145,Kappen JH,"Greater Middle Eastern (Middle Eastern, North African or Persian)",NR,"Israel, Netherlands",
25799145,Kappen JH,NR,NR,"Israel, Netherlands, Turkey",
25799145,Kappen JH,Hispanic or Latin American,NR,Netherlands,
25799145,Kappen JH,European,NR,"Netherlands, U.K.",
25799145,Kappen JH,South East Asian,NR,Netherlands,
25799145,Kappen JH,East Asian,NR,Netherlands,
25799145,Kappen JH,Other,NR,NR,
25798622,Knowles JW,European,NR,Sweden,
25798622,Knowles JW,Hispanic or Latin American,Mexico,U.S.,
25798622,Knowles JW,European,NR,U.S.,
25866641,Xu W,European,NR,Canada,
25866641,Xu W,European,NR,Canada,
25866641,Xu W,European,NR,Canada,
25784220,Sharma S,European,NR,U.S.,
25784220,Sharma S,"NR, European, Hispanic or Latin American, African unspecified",NR,U.S.,
25784220,Sharma S,East Asian,NR,Japan,
25784220,Sharma S,European,NR,U.S.,
25786224,Johnson EO,African American or Afro-Caribbean,NR,U.S.,
25786224,Johnson EO,European,NR,U.S.,
25786224,Johnson EO,African American or Afro-Caribbean,NR,U.S.,
25786224,Johnson EO,European,NR,U.S.,
25778476,Jun G,NR,NR,NR,
25778476,Jun G,European,NR,NR,
25778476,Jun G,NR,NR,NR,
25778476,Jun G,European,NR,NR,
25778476,Jun G,NR,NR,NR,
25778476,Jun G,European,NR,NR,
25781172,Avramopoulos D,Other,NR,U.S.,
25781442,Nan H,European,NR,"U.S., Australia, Canada, Germany",
25781172,Avramopoulos D,Other,NR,U.S.,
25775280,Sun Y,East Asian,NR,China,
25775280,Sun Y,East Asian,NR,China,
25774636,Curtis J,Sub-Saharan African,NR,"Ghana, Gambia",
25774636,Curtis J,European,NR,Russian Federation,
25774636,Curtis J,Other,NR,Russian Federation,
25827505,Swaminathan S,European,NR,U.S.,
25827505,Swaminathan S,African American or Afro-Caribbean,NR,U.S.,
25827505,Swaminathan S,European,NR,U.S.,
25772935,Germain M,European,NR,"U.S., Netherlands, France",
25772935,Germain M,European,NR,France,
25763902,Draaken M,European,NR,NR,
25758996,Pirastu N,European,NR,Italy,
25758996,Pirastu N,European,NR,Netherlands,
25758996,Pirastu N,Other,NR,"Kazakhstan, Georgia, Azerbaijan, Tajikistan, Armenia, Uzbekistan",
25758996,Pirastu N,European,NR,Italy,
25758996,Pirastu N,European,NR,Netherlands,
25758996,Pirastu N,Other,NR,"Kazakhstan, Georgia, Azerbaijan, Tajikistan, Armenia, Uzbekistan",
25760438,Anderson D,Aboriginal Australian,NR,Australia,
25760438,Anderson D,Aboriginal Australian,NR,Australia,
25758998,Rubicz R,Hispanic or Latin American,NR,U.S.,
25742292,Aschebrook-Kilfoy B,South Asian,NR,Bangladesh,
25742292,Aschebrook-Kilfoy B,South Asian,NR,Bangladesh,
25742292,Aschebrook-Kilfoy B,South Asian,NR,Bangladesh,
25562107,Israel E,European,NR,NR,
25562107,Israel E,European,NR,NR,
25337690,Redler S,European,NR,"Belgium, Germany",
25337690,Redler S,European,NR,"Germany, Belgium",
25101718,Lee JH,European,NR,NR,
25101718,Lee JH,African American or Afro-Caribbean,NR,U.S.,
25101718,Lee JH,European,NR,NR,
25101718,Lee JH,African American or Afro-Caribbean,NR,U.S.,
25101718,Lee JH,European,NR,NR,
25101718,Lee JH,African American or Afro-Caribbean,NR,U.S.,
25517131,Dijkstra AE,NR,NR,Netherlands,
25517131,Dijkstra AE,NR,NR,NR,
25881214,Shah AA,European,NR,U.S.,
25710658,Diouf B,European,NR,U.S.,
25710658,Diouf B,African unspecified,NR,U.S.,
25710658,Diouf B,Asian unspecified,NR,U.S.,
25710658,Diouf B,Hispanic or Latin American,NR,U.S.,
25710658,Diouf B,NR,NR,U.S.,
25710614,Hong X,European,NR,U.S.,
25710614,Hong X,European,NR,U.S.,
25710614,Hong X,European,NR,U.S.,
25710614,Hong X,European,NR,U.S.,
25710614,Hong X,European,NR,U.S.,
25710614,Hong X,NR,NR,U.S.,
25713168,Leng S,European,NR,U.S.,
25713168,Leng S,European,NR,U.S.,
25705849,Jacobs LC,European,NR,Netherlands,
25706626,Aung T,East Asian,NR,Japan,
25706626,Aung T,East Asian,NR,"Singapore, China, Japan",
25706626,Aung T,"Greater Middle Eastern (Middle Eastern, North African or Persian)",NR,"Iran (Islamic Republic of), Saudi Arabia",
25706626,Aung T,European,NR,"U.S., Poland, Australia, Italy, Russian Federation, Greece, Germany",
25706626,Aung T,NR,NR,Turkey,
25706626,Aung T,Hispanic or Latin American,NR,"Argentina, Mexico",
25706626,Aung T,Sub-Saharan African,South Africa,NR,
25706626,Aung T,South Asian,NR,India,
25706626,Aung T,Other,NR,China,
25695618,Chittani M,European,NR,Italy,
25695618,Chittani M,European,NR,"Sweden, U.S., Norway",
25673412,Shungin D,European,NR,"Canada, Germany",
25673412,Shungin D,African unspecified,NR,NR,
25673412,Shungin D,European,NR,NR,
25673412,Shungin D,African American or Afro-Caribbean,NR,U.S.,
25673412,Shungin D,Asian unspecified,NR,NR,
25673412,Shungin D,South Asian,NR,NR,
25673412,Shungin D,European,NR,"Canada, Germany",
25673412,Shungin D,African unspecified,NR,NR,
25673412,Shungin D,European,NR,NR,
25673412,Shungin D,African American or Afro-Caribbean,NR,U.S.,
25673412,Shungin D,Asian unspecified,NR,NR,
25673412,Shungin D,South Asian,NR,NR,
25673412,Shungin D,European,NR,"Canada, Germany",
25673412,Shungin D,African unspecified,NR,NR,
25673412,Shungin D,European,NR,NR,
25673412,Shungin D,African American or Afro-Caribbean,NR,U.S.,
25673412,Shungin D,Asian unspecified,NR,NR,
25673412,Shungin D,South Asian,NR,NR,
25673412,Shungin D,European,NR,"Canada, Germany",
25673412,Shungin D,African unspecified,NR,NR,
25673412,Shungin D,European,NR,NR,
25673412,Shungin D,African American or Afro-Caribbean,NR,U.S.,
25673412,Shungin D,Asian unspecified,NR,NR,
25673412,Shungin D,South Asian,NR,NR,
25673412,Shungin D,European,NR,"Canada, Germany",
25673412,Shungin D,African unspecified,NR,NR,
25673412,Shungin D,European,NR,NR,
25673412,Shungin D,African American or Afro-Caribbean,NR,U.S.,
25673412,Shungin D,Asian unspecified,NR,NR,
25673412,Shungin D,South Asian,NR,NR,
25673412,Shungin D,European,NR,"Canada, Germany",
25673412,Shungin D,African unspecified,NR,NR,
25673412,Shungin D,European,NR,NR,
25673412,Shungin D,African American or Afro-Caribbean,NR,U.S.,
25673412,Shungin D,Asian unspecified,NR,NR,
25673412,Shungin D,South Asian,NR,NR,
25673413,Locke AE,European,NR,NR,
25673413,Locke AE,European,NR,NR,
25673413,Locke AE,NR,NR,NR,
25673413,Locke AE,African American or Afro-Caribbean,NR,U.S.,
25673413,Locke AE,South Asian,NR,NR,
25673413,Locke AE,African American or Afro-Caribbean,NR,U.S.,
25673413,Locke AE,Hispanic or Latin American,NR,NR,
25673413,Locke AE,Asian unspecified,NR,NR,
25672891,Shimizu S,East Asian,NR,Japan,
25672891,Shimizu S,East Asian,NR,Japan,
25665007,Xu H,European,NR,U.S.,
25665007,Xu H,NR,NR,U.S.,
25665007,Xu H,"NR, African American or Afro-Caribbean",NR,U.S.,
25672763,Ueta M,East Asian,NR,Japan,
25672763,Ueta M,East Asian,NR,"Republic of Korea, Japan",
25672763,Ueta M,South Asian,NR,India,
25672763,Ueta M,Hispanic or Latin American,NR,Brazil,
25663231,Beecham GW,European,NR,NR,
25656473,de With SA,European,NR,U.S.,
25722978,Borghese B,European,NR,NR,
25722978,Borghese B,European,NR,NR,
25649651,Wang X,NR,NR,NR,
25644384,Davies G,European,NR,"Finland, Sweden, U.S., Australia, Iceland, Netherlands, Germany, U.K., Croatia, Austria, France, Republic of Ireland, Norway",
25646370,Matsuo H,East Asian,NR,Japan,
25646370,Matsuo H,East Asian,NR,Japan,
25642632,Liu H,East Asian,NR,China,
25642632,Liu H,East Asian,NR,China,
25461247,Lehmann DS,European,NR,NR,
25461247,Lehmann DS,African unspecified,NR,NR,
25461247,Lehmann DS,Hispanic or Latin American,NR,NR,
25461247,Lehmann DS,European,NR,NR,
25461247,Lehmann DS,African unspecified,NR,NR,
25461247,Lehmann DS,Hispanic or Latin American,NR,NR,
25637336,Chan JP,European,NR,Australia,
25637336,Chan JP,European,NR,Australia,
25637581,Derringer J,European,NR,U.S.,
25637581,Derringer J,Hispanic or Latin American,NR,U.S.,
25637581,Derringer J,African unspecified,NR,U.S.,
25637581,Derringer J,Native American,NR,U.S.,
25637581,Derringer J,"Oceanian, Asian unspecified",NR,U.S.,
25637581,Derringer J,NR,NR,U.S.,
25637581,Derringer J,European,NR,NR,
25637523,Springelkamp H,NR,NR,Netherlands,
25637523,Springelkamp H,NR,NR,"Australia, Netherlands",
25629512,Cheng CY,East Asian,NR,"Singapore, China, Japan, China, Hong Kong SAR",
25629512,Cheng CY,East Asian,NR,"Republic of Korea, China, Japan",
25631615,Springelkamp H,European,NR,"Australia, Netherlands, Germany, U.K.",
25631615,Springelkamp H,East Asian,NR,"Singapore, China",
25631615,Springelkamp H,South East Asian,NR,Singapore,
25631615,Springelkamp H,South Asian,NR,Singapore,
25631615,Springelkamp H,European,NR,"Australia, Netherlands, Germany, U.K.",
25631615,Springelkamp H,East Asian,NR,"Singapore, China",
25631615,Springelkamp H,South East Asian,NR,Singapore,
25631615,Springelkamp H,South Asian,NR,Singapore,
25631615,Springelkamp H,European,NR,"Australia, Netherlands, Germany, U.K.",
25631615,Springelkamp H,East Asian,NR,"Singapore, China",
25631615,Springelkamp H,South East Asian,NR,Singapore,
25631615,Springelkamp H,South Asian,NR,Singapore,
25631615,Springelkamp H,European,NR,"Australia, Netherlands, Germany, U.K.",
25631615,Springelkamp H,East Asian,NR,"Singapore, China",
25631615,Springelkamp H,South East Asian,NR,Singapore,
25631615,Springelkamp H,South Asian,NR,Singapore,
25625606,Mather KA,European,NR,Australia,
25625606,Mather KA,European,NR,Australia,
25628336,Hromatka BS,European,NR,NR,
25616667,Goris A,NR,NR,"U.S., Belgium",
25616667,Goris A,"NR, European",NR,"Sweden, Australia, Italy, Belgium, Germany, Spain, Norway, Denmark",
25616667,Goris A,European,NR,"Sweden, Italy, Germany, Spain, Norway, Denmark",
25608926,Betz RC,European,NR,"U.S., Belgium, Germany",
25608926,Betz RC,European,NR,"U.S., Belgium, Germany",
25616667,Goris A,NR,NR,Belgium,
25616667,Goris A,"NR, European",NR,"Sweden, Australia, Italy, Belgium, Germany, Spain, Norway, Denmark",
25616667,Goris A,European,NR,"Sweden, Italy, Germany, Denmark",
25607358,Hibar DP,European,NR,NR,
25607358,Hibar DP,European,NR,NR,
25607358,Hibar DP,East Asian,NR,NR,
25607358,Hibar DP,Hispanic or Latin American,NR,U.S.,
25649181,Noordam R,NR,NR,Netherlands,
25601762,Wang Y,NR,NR,NR,
25601762,Wang Y,NR,NR,NR,
25604533,Renauer PA,Other,NR,Turkey,
25604533,Renauer PA,European,NR,U.S.,
25599974,Zhang H,"African American or Afro-Caribbean, European, Hispanic or Latin American, Other",NR,U.S.,
25599974,Zhang H,"African American or Afro-Caribbean, European, Hispanic or Latin American, Other",NR,U.S.,
25599974,Zhang H,"African American or Afro-Caribbean, European, Hispanic or Latin American, Other",NR,U.S.,
25599974,Zhang H,European,NR,U.S.,
25599974,Zhang H,African American or Afro-Caribbean,NR,U.S.,
25599974,Zhang H,Hispanic or Latin American,NR,U.S.,
25599974,Zhang H,Other,NR,U.S.,
25644374,Poirier JG,European,NR,"U.S., Canada, Germany",
25584925,Chen W,Hispanic or Latin American,Costa Rica,"U.S., Costa Rica",
25584925,Chen W,Hispanic or Latin American,NR,U.S.,
25628645,Tong Y,African American or Afro-Caribbean,NR,U.S.,
25628645,Tong Y,European,NR,U.S.,
25628645,Tong Y,East Asian,NR,U.S.,
25581431,Kuchenbaecker KB,European,NR,"U.S., U.K.",
25581431,Kuchenbaecker KB,European,NR,NR,
25583994,Tardif JC,European,NR,Netherlands,
25575512,Lu W,Other,NR,U.S.,
25884002,Moore CB,"European, Hispanic or Latin American, African unspecified",NR,NR,
25884002,Moore CB,"European, Hispanic or Latin American, African unspecified",NR,NR,
25884002,Moore CB,"European, Hispanic or Latin American, African unspecified",NR,NR,
25569183,Vijai J,European,NR,"Finland, Sweden, U.S., Australia, Italy, Netherlands, Canada, U.K., Spain, New Zealand, France, Norway, Denmark",
25569183,Vijai J,European,NR,U.S.,
25574825,Baurecht H,European,NR,"U.S., Germany, U.K.",
25574825,Baurecht H,European,NR,"Germany, Republic of Ireland",
25566987,Hosgood HD 3rd,Asian unspecified,NR,China,
25574825,Baurecht H,European,NR,"U.S., Germany, U.K., Republic of Ireland",
25574032,Lee H,East Asian,NR,Republic of Korea,
25574032,Lee H,East Asian,NR,Republic of Korea,
25561047,Musani SK,African unspecified,NR,U.S.,
25824743,Haryono SJ,Asian unspecified,NR,Indonesia,
25552591,Lieb W,European,NR,NR,
25552591,Lieb W,European,NR,Germany,
25705162,Oh JH,East Asian,NR,Republic of Korea,
25705162,Oh JH,East Asian,NR,Republic of Korea,
25705159,Hong Y,East Asian,NR,Republic of Korea,
25705158,Shim U,East Asian,NR,Republic of Korea,
25557950,Alonso A,European,Spain,Spain,
25557950,Alonso A,European,NR,Spain,
25551457,Baumert J,European,NR,"Finland, Sweden, U.S., Italy, Netherlands, Germany, U.K., Croatia, France, Republic of Ireland",
25533513,Yao SL,NR,NR,NR,
25526632,Rafiq S,European,NR,"Finland, U.K.",
25526632,Rafiq S,European,NR,U.K.,
25524916,Palmer ND,Hispanic or Latin American,NR,U.S.,
25521368,Tonjes A,European,NR,"Finland, Germany",
25521368,Tonjes A,NR,NR,NR,
25533491,Rautanen A,European,NR,U.K.,
25533491,Rautanen A,European,NR,U.K.,
25514360,Hansel NN,European,NR,U.S.,
25524241,Richter HE,European,NR,NR,
25524241,Richter HE,European,NR,NR,
25503805,Karnes JH,European,NR,NR,
25503805,Karnes JH,African American or Afro-Caribbean,NR,U.S.,
25503805,Karnes JH,Other,NR,NR,
25503805,Karnes JH,NR,NR,NR,
25503805,Karnes JH,Hispanic or Latin American,NR,NR,
25503805,Karnes JH,Asian unspecified,NR,NR,
25503805,Karnes JH,European,NR,NR,
25493955,Gorski M,European,NR,NR,
25493955,Gorski M,European,NR,NR,
25646338,Mozaffarian D,European,NR,U.S.,
25646338,Mozaffarian D,African American or Afro-Caribbean,NR,U.S.,
25646338,Mozaffarian D,East Asian,NR,U.S.,
25646338,Mozaffarian D,Hispanic or Latin American,NR,U.S.,
25562672,Byrne EM,European,NR,Australia,
25562672,Byrne EM,European,NR,U.S.,
25483131,Ghassibe-Sabbagh M,"Greater Middle Eastern (Middle Eastern, North African or Persian)",NR,Lebanon,
25476525,Germain M,European,NR,"Belgium, France",
25476525,Germain M,European,NR,Finland,
25488688,Pino-Yanes M,Hispanic or Latin American,"Puerto Rico, Mexico","Puerto Rico, U.S.",
25488688,Pino-Yanes M,Hispanic or Latin American,NR,"Puerto Rico, U.S., Mexico",
25475840,Colodro-Conde L,NR,NR,NR,
25477429,Lieb W,European,NR,"Germany, France",
25500335,Tintle NL,NR,NR,U.S.,
25468567,Perez-Andreu V,European,NR,U.S.,
25468567,Perez-Andreu V,African American or Afro-Caribbean,NR,U.S.,
25468567,Perez-Andreu V,Hispanic or Latin American,NR,U.S.,
25468567,Perez-Andreu V,European,NR,NR,
25468567,Perez-Andreu V,African American or Afro-Caribbean,NR,U.S.,
25468567,Perez-Andreu V,Hispanic or Latin American,NR,NR,
25468567,Perez-Andreu V,Other,NR,NR,
25468567,Perez-Andreu V,Other,NR,NR,
25469926,Gottlieb DJ,European,NR,"Finland, U.S., Australia, Italy, Netherlands, Canada, Germany, U.K.",
25469926,Gottlieb DJ,African American or Afro-Caribbean,NR,U.S.,
25387706,Vaidyanathan U,European,NR,U.S.,
25387708,Vaidyanathan U,European,NR,U.S.,
25387707,Vaidyanathan U,European,NR,U.S.,
25436638,Malinowski JR,European,NR,U.S.,
25436638,Malinowski JR,African American or Afro-Caribbean,NR,U.S.,
25387704,Malone SM,European,NR,U.S.,
25429627,Oryoji D,East Asian,NR,Japan,
25429627,Oryoji D,East Asian,NR,Japan,
25434496,Kim S,East Asian,NR,Republic of Korea,
25434496,Kim S,East Asian,NR,Republic of Korea,
25431337,Bouzigon E,European,NR,Italy,
25431337,Bouzigon E,European,NR,"U.S., France",
25429064,He M,East Asian,NR,"Republic of Korea, Singapore, China, Philippines",
25429064,He M,East Asian,NR,"Republic of Korea, Singapore, China, Japan",
25648963,Debette S,European,U.K.,"Finland, U.S., Australia, Iceland, Netherlands, Germany, U.K., Croatia",
25648963,Debette S,European,NR,"U.S., Australia, Iceland, France",
25648963,Debette S,African American or Afro-Caribbean,NR,U.S.,
25420145,Debette S,European,NR,"Finland, U.S., Italy, Netherlands, Belgium, Germany, U.K., Switzerland, Spain, France",
25420145,Debette S,European,NR,"Sweden, U.S., Italy, Russian Federation, Netherlands, Germany, Switzerland, Spain, France",
25917933,Zai CC,European,NR,"Canada, U.K.",
25407941,Sleiman PM,European,NR,U.S.,
25407941,Sleiman PM,European,NR,NR,
25411163,Maitland ML,European,NR,NR,
25390645,Otowa T,African American or Afro-Caribbean,NR,U.S.,
25390645,Otowa T,European,NR,U.S.,
25385369,Ramanan VK,European,NR,U.S.,
25385369,Ramanan VK,European,NR,U.S.,
25385369,Ramanan VK,African American or Afro-Caribbean,NR,U.S.,
25385369,Ramanan VK,Other,NR,U.S.,
25385369,Ramanan VK,African American or Afro-Caribbean,NR,U.S.,
25385369,Ramanan VK,Other,NR,U.S.,
25383971,Dunstan SJ,South East Asian,NR,Viet Nam,
25383971,Dunstan SJ,South East Asian,NR,Viet Nam,
25383971,Dunstan SJ,Asian unspecified,NR,Nepal,
25383866,Kirkpatrick RM,European,NR,U.S.,
25378290,McQueen MB,European,NR,U.S.,
25378290,McQueen MB,African American or Afro-Caribbean,NR,U.S.,
25378290,McQueen MB,Hispanic or Latin American,NR,U.S.,
25378290,McQueen MB,"East Asian, Asian unspecified",NR,U.S.,
25378290,McQueen MB,Native American,NR,U.S.,
25378290,McQueen MB,NR,NR,U.S.,
25670933,Hanchard NA,African American or Afro-Caribbean,NR,U.S.,
25378659,Lemaitre RN,European,NR,U.S.,
25378659,Lemaitre RN,European,NR,U.S.,
25378659,Lemaitre RN,European,NR,U.S.,
25376901,Munir MS,African American or Afro-Caribbean,NR,U.S.,
25372704,Mtatiro SN,Sub-Saharan African,NR,United Republic of Tanzania,
25372704,Mtatiro SN,"Sub-Saharan African, African American or Afro-Caribbean",NR,U.K.,
25367360,Li Q,European,NR,"Finland, U.S., Australia, Italy, Netherlands, Germany, U.K., Croatia",
25367360,Li Q,East Asian,NR,"Singapore, China",
25367360,Li Q,South Asian,NR,Singapore,
25367360,Li Q,South East Asian,NR,Singapore,
25364816,Awata T,East Asian,NR,Japan,
25364816,Awata T,East Asian,NR,Japan,
25409777,Thyagarajan B,European,NR,"U.S., Denmark",
25409777,Thyagarajan B,NR,NR,NR,
25158072,Yu D,European,NR,"U.S., United Arab Emirates, Israel, Netherlands, Canada, South Africa, U.K.",
25456346,Nievergelt CM,European,NR,U.S.,
25456346,Nievergelt CM,"Hispanic or Latin American, Native American",NR,U.S.,
25456346,Nievergelt CM,African American or Afro-Caribbean,NR,U.S.,
25456346,Nievergelt CM,"East Asian, Other",NR,U.S.,
25456346,Nievergelt CM,European,NR,U.S.,
25352340,Benyamin B,European,NR,"Australia, Italy, Netherlands, Germany, U.K., Estonia",
25352340,Benyamin B,European,NR,"Italy, U.K., Switzerland, Estonia",
25352340,Benyamin B,European,NR,"Australia, Italy, Netherlands, Germany, U.K., Estonia",
25352340,Benyamin B,European,NR,"Italy, U.K., Switzerland, Estonia",
25352340,Benyamin B,European,NR,"Australia, Italy, Netherlands, Germany, U.K., Estonia",
25352340,Benyamin B,European,NR,"Italy, U.K., Switzerland, Estonia",
25352340,Benyamin B,European,NR,"Australia, Italy, Netherlands, Germany, U.K., Estonia",
25352340,Benyamin B,European,NR,"Italy, U.K., Switzerland, Estonia",
25353672,Fernandez-Navarro P,European,NR,Spain,
25350695,Postmus I,European,NR,"U.S., Iceland, Netherlands, U.K., Republic of Ireland",
25350695,Postmus I,European,NR,"Finland, Sweden, Netherlands, U.K., Norway, Denmark",
25344690,Feenstra B,European,NR,Denmark,
25344690,Feenstra B,European,NR,Denmark,
25344690,Feenstra B,European,NR,Denmark,
25344690,Feenstra B,European,NR,Denmark,
25344690,Feenstra B,European,NR,Denmark,
25344690,Feenstra B,European,NR,Denmark,
25343990,Cornelis MC,European,NR,U.S.,
25343990,Cornelis MC,European,NR,"U.S., Australia, U.K.",
25342443,Lindstrom S,European,NR,Australia,
25342443,Lindstrom S,European,NR,"Sweden, U.S., Poland, U.K., Spain",
25342443,Lindstrom S,Other,NR,U.S.,
25342443,Lindstrom S,NR,NR,U.S.,
25342443,Lindstrom S,European,NR,Australia,
25342443,Lindstrom S,European,NR,"Sweden, U.S., Poland, U.K., Spain",
25342443,Lindstrom S,Other,NR,U.S.,
25342443,Lindstrom S,NR,NR,U.S.,
25342443,Lindstrom S,European,NR,Australia,
25342443,Lindstrom S,European,NR,"Sweden, U.S., Poland, U.K., Spain",
25342443,Lindstrom S,Other,NR,U.S.,
25342443,Lindstrom S,NR,NR,U.S.,
25338677,Kariuki SN,European,NR,NR,
25338677,Kariuki SN,European,NR,U.S.,
25338677,Kariuki SN,African American or Afro-Caribbean,NR,U.S.,
25340798,Kauwe JS,NR,NR,NR,
25335168,Hashimoto R,East Asian,NR,Japan,
25729143,Ahmetov I,Other,NR,Russian Federation,
25327703,Fejerman L,Hispanic or Latin American,NR,U.S.,
25327703,Fejerman L,Hispanic or Latin American,NR,"U.S., Colombia, Mexico",
25329471,van Leeuwen EM,European,NR,Netherlands,
25329471,van Leeuwen EM,European,NR,"Finland, U.S., Netherlands",
25329471,van Leeuwen EM,NR,NR,"U.S., Netherlands",
25457201,de Tayrac M,European,NR,France,
25457201,de Tayrac M,European,NR,"Italy, France",
25328121,Lee JY,East Asian,NR,Republic of Korea,
25328121,Lee JY,East Asian,NR,Republic of Korea,
25310577,Evans TJ,European,NR,Australia,
25310577,Evans TJ,European,NR,France,
25310821,Kim JH,East Asian,NR,Republic of Korea,
25451450,Jacobsen KK,European,NR,U.S.,
25451450,Jacobsen KK,European,NR,NR,
25305756,Kiryluk K,East Asian,NR,China,
25305756,Kiryluk K,European,NR,"U.S., Italy, France",
25305756,Kiryluk K,East Asian,NR,"China, Japan",
25305756,Kiryluk K,European,NR,"Poland, Czech Republic, Italy, Turkey, Germany, U.K., Hungary, France",
25297839,Crosslin DR,European,NR,U.S.,
25297839,Crosslin DR,African unspecified,NR,U.S.,
25297839,Crosslin DR,Hispanic or Latin American,NR,U.S.,
25411281,Dashti HS,European,NR,U.S.,
25293881,Patel YM,European,NR,U.S.,
25293881,Patel YM,African American or Afro-Caribbean,NR,U.S.,
25293881,Patel YM,Hispanic or Latin American,NR,U.S.,
25293881,Patel YM,East Asian,NR,U.S.,
25293881,Patel YM,Oceanian,NR,U.S.,
25293881,Patel YM,European,NR,U.S.,
25293881,Patel YM,African American or Afro-Caribbean,NR,U.S.,
25293881,Patel YM,Hispanic or Latin American,NR,U.S.,
25293881,Patel YM,East Asian,NR,U.S.,
25293881,Patel YM,Oceanian,NR,U.S.,
25288136,Cornelis MC,European,NR,"Finland, Sweden, U.S., Australia, Italy, Netherlands, Greece, Germany, U.K., Switzerland, Estonia, Denmark",
25288136,Cornelis MC,European,NR,"Sweden, U.S., Australia, Netherlands, U.K., Estonia",
25288136,Cornelis MC,African American or Afro-Caribbean,NR,U.S.,
25288136,Cornelis MC,European,NR,"Finland, Sweden, U.S., Australia, Italy, Netherlands, Greece, Germany, U.K., Switzerland, Estonia, Denmark",
25288136,Cornelis MC,European,NR,"Sweden, U.S., Australia, Netherlands, U.K., Estonia",
25288136,Cornelis MC,African American or Afro-Caribbean,NR,U.S.,
25284319,Sanchez-Mora C,European,NR,Spain,
25284319,Sanchez-Mora C,European,NR,"Netherlands, Germany, Norway",
25282103,Wood AR,European,NR,NR,
25282103,Wood AR,European,NR,NR,
25281661,Matsuda K,East Asian,NR,Japan,
25281661,Matsuda K,East Asian,NR,Japan,
25281661,Matsuda K,European,NR,NR,
25281659,van der Valk RJ,European,NR,"Finland, Sweden, U.S., Australia, Netherlands, Greece, Canada, Germany, U.K., Spain, Norway, Denmark",
25281659,van der Valk RJ,European,NR,"Finland, Sweden, U.S., Australia, Netherlands, Greece, Canada, Germany, U.K., Spain, Norway, Denmark",
25281659,van der Valk RJ,European,NR,"Finland, Netherlands, Germany, U.K., Spain",
25281659,van der Valk RJ,"Greater Middle Eastern (Middle Eastern, North African or Persian)",NR,Netherlands,
25281659,van der Valk RJ,East Asian,NR,Singapore,
25281659,van der Valk RJ,Other,NR,Netherlands,
25279986,Skibola CF,European,NR,"Finland, Sweden, U.S., Australia, Italy, Netherlands, Greece, Canada, Germany, U.K., Spain, France, Norway, Denmark",
25279986,Skibola CF,European,NR,U.S.,
25271088,Singh A,European,NR,U.S.,
25271088,Singh A,East Asian,NR,U.S.,
25271088,Singh A,African American or Afro-Caribbean,NR,U.S.,
25271088,Singh A,Hispanic or Latin American,NR,U.S.,
25271088,Singh A,European,NR,U.S.,
25089948,Theusch E,European,NR,NR,
25089948,Theusch E,African American or Afro-Caribbean,NR,U.S.,
25534755,Chaste P,European,NR,NR,
25534755,Chaste P,NR,NR,NR,
25317112,Oh S,East Asian,NR,Republic of Korea,
25266886,Kim JJ,East Asian,NR,Republic of Korea,
25266886,Kim JJ,East Asian,NR,Republic of Korea,
25317111,Seo I,East Asian,NR,Republic of Korea,
25261932,Cerhan JR,European,NR,"Finland, Sweden, U.S., Australia, Italy, Netherlands, Greece, Canada, Germany, U.K., Spain, New Zealand, France, Norway, Denmark",
25261932,Cerhan JR,European,NR,U.S.,
25256182,Foroud T,European,NR,"U.S., Poland, Australia, New Zealand",
25256182,Foroud T,European,NR,"Finland, Netherlands",
25256105,Freitag-Wolf S,European,Germany,Germany,
25256105,Freitag-Wolf S,European,"Germany, Austria","Germany, Austria",
25303641,Zhang F,East Asian,NR,China,
25303641,Zhang F,East Asian,NR,China,
25249183,Lu X,East Asian,NR,China,
25249183,Lu X,East Asian,NR,China,
25249183,Lu X,East Asian,NR,China,
25249183,Lu X,East Asian,NR,China,
25249183,Lu X,East Asian,NR,China,
25249183,Lu X,East Asian,NR,China,
25246029,DiStefano JK,European,NR,U.S.,
25246029,DiStefano JK,European,NR,U.S.,
25248455,Ek WE,European,NR,Sweden,
25248455,Ek WE,European,NR,"Sweden, U.S., Italy, Greece, Belgium, Germany",
25241763,Springelkamp H,European,NR,"U.S., Australia, Netherlands, Germany, U.K.",
25241763,Springelkamp H,East Asian,NR,"Singapore, China",
25241763,Springelkamp H,South Asian,NR,Singapore,
25241763,Springelkamp H,South East Asian,NR,Singapore,
25245031,Luneburg N,European,NR,Germany,
25245031,Luneburg N,European,NR,Germany,
25245031,Luneburg N,NR,NR,U.S.,
25241909,Lee JH,European,NR,NR,
25241909,Lee JH,European,NR,NR,
25241909,Lee JH,African American or Afro-Caribbean,NR,U.S.,
25245031,Luneburg N,European,NR,Germany,
25245031,Luneburg N,European,NR,Germany,
25245031,Luneburg N,NR,NR,U.S.,
25245031,Luneburg N,European,NR,Germany,
25245031,Luneburg N,European,NR,Germany,
25245031,Luneburg N,NR,NR,U.S.,
25241909,Lee JH,European,NR,NR,
25352737,Ritchie MD,European,NR,U.S.,
25352737,Ritchie MD,African unspecified,NR,U.S.,
25352737,Ritchie MD,Other,NR,U.S.,
25352737,Ritchie MD,"European, African unspecified, Other",NR,U.S.,
25240745,Lopez S,European,NR,NR,
25234806,Dijkstra AE,European,NR,Netherlands,
25234806,Dijkstra AE,European,NR,Netherlands,
25237182,Erickson SW,European,NR,U.S.,
25233373,Simpson CL,European,NR,"Italy, Germany",
25233373,Simpson CL,European,NR,"U.S., Australia, Canada, U.K., Croatia",
25233373,Simpson CL,NR,NR,U.K.,
25234806,Dijkstra AE,European,NR,Netherlands,
25234806,Dijkstra AE,European,NR,"U.S., Bulgaria, Czech Republic, Netherlands, Ukraine, Canada, U.K., Spain, Norway, Denmark",
25233373,Simpson CL,European,NR,"Italy, Germany",
25233373,Simpson CL,European,NR,"Australia, U.K., Croatia",
25233373,Simpson CL,NR,NR,U.K.,
25223902,Go MJ,East Asian,NR,Republic of Korea,
25223902,Go MJ,East Asian,NR,Republic of Korea,
25226531,St Pourcain B,European,NR,U.K.,
25226531,St Pourcain B,European,NR,"Finland, Australia, Netherlands, U.K.",
25224454,Li J,African American or Afro-Caribbean,NR,U.S.,
25224454,Li J,African American or Afro-Caribbean,NR,U.S.,
25221879,Wu K,European,NR,NR,
25217961,Al Olama AA,European,NR,"Finland, Sweden, U.S., Poland, Bulgaria, Australia, Italy, Netherlands, Portugal, Greece, Germany, U.K., Spain, Denmark",
25217961,Al Olama AA,"Sub-Saharan African, African American or Afro-Caribbean",NR,"U.S., Ghana, Barbados",
25217961,Al Olama AA,East Asian,NR,"U.S., Japan",
25217961,Al Olama AA,Hispanic or Latin American,NR,U.S.,
25217962,Heap GA,NR,NR,U.K.,
25217962,Heap GA,European,NR,U.K.,
25217962,Heap GA,European,NR,U.K.,
25218607,Coleman EA,European,NR,NR,
25223841,Li J,European,NR,NR,
25223841,Li J,European,NR,NR,
25214527,Dube MP,European,NR,Canada,
25214527,Dube MP,European,NR,Canada,
25208829,Anderson D,European,NR,NR,
25208829,Anderson D,NR,NR,NR,
25208887,Ma Q,European,NR,"U.S., Republic of Ireland",
25201287,Del-Aguila JL,European,NR,U.S.,
25201287,Del-Aguila JL,African American or Afro-Caribbean,NR,U.S.,
25199915,Broer L,European,NR,"U.S., Italy, Netherlands, Denmark",
25201988,Rietveld CA,European,NR,NR,
25194280,Wei Q,East Asian,NR,China,
25194280,Wei Q,East Asian,NR,China,
25192705,Du M,European,NR,NR,
25187353,Goldstein JI,European,NR,"U.S., U.K.",
25188341,Beecham GW,NR,NR,NR,
25188341,Beecham GW,NR,NR,NR,
25188341,Beecham GW,NR,NR,NR,
25188341,Beecham GW,NR,NR,NR,
25188341,Beecham GW,NR,NR,NR,
25188341,Beecham GW,NR,NR,NR,
25188341,Beecham GW,NR,NR,NR,
25189868,Sung YJ,NR,NR,U.S.,
25186300,Terao C,East Asian,NR,Japan,
25186300,Terao C,East Asian,NR,Japan,
25187374,Hwang JY,East Asian,NR,"Republic of Korea, Singapore, China, Philippines, Japan",
25187374,Hwang JY,East Asian,NR,"Republic of Korea, China, Japan",
25410890,Frau F,European,NR,Italy,
25410890,Frau F,European,NR,NR,
25072098,Bloom AJ,European,NR,U.S.,
25072098,Bloom AJ,African American or Afro-Caribbean,NR,U.S.,
25173107,Chen Y,East Asian,NR,"China, China, Hong Kong SAR",
25173107,Chen Y,East Asian,NR,"Singapore, China",
25173106,Hysi PG,"South Asian, South East Asian, East Asian",NR,"Singapore, China",
25173106,Hysi PG,European,NR,"U.S., Australia, Netherlands, Germany, U.K., France",
25173105,Gharahkhani P,European,NR,Australia,
25173105,Gharahkhani P,European,NR,"U.S., Australia",
25130324,Cai DC,NR,NR,Netherlands,
25130324,Cai DC,European,NR,Germany,
25162662,Liao M,East Asian,NR,China,
25162662,Liao M,East Asian,NR,China,
25145502,Tang S,East Asian,NR,China,
25145502,Tang S,East Asian,NR,China,
25134534,Chen K,East Asian,NR,China,
25134534,Chen K,East Asian,NR,China,
25138779,Mitchell LE,European,NR,U.S.,
25138779,Mitchell LE,Other,NR,U.S.,
25138779,Mitchell LE,European,NR,U.S.,
25138779,Mitchell LE,Other,NR,U.S.,
25133637,Scannell Bryan M,South Asian,NR,Bangladesh,
25133637,Scannell Bryan M,South Asian,NR,Bangladesh,
25133637,Scannell Bryan M,South Asian,NR,Bangladesh,
25133637,Scannell Bryan M,South Asian,NR,Bangladesh,
25138779,Mitchell LE,European,NR,U.S.,
25138779,Mitchell LE,Other,NR,U.S.,
25138779,Mitchell LE,European,NR,U.S.,
25138779,Mitchell LE,Other,NR,U.S.,
25133637,Scannell Bryan M,South Asian,NR,Bangladesh,
25129146,Wu C,East Asian,NR,China,
25129146,Wu C,East Asian,NR,China,
25014791,Govind N,Sub-Saharan African,South Africa,South Africa,
25117820,Schneider BP,European,NR,U.S.,
25117820,Schneider BP,European,NR,U.S.,
25111785,Jamain S,European,France,France,
25111785,Jamain S,European,NR,Germany,
25111785,Jamain S,NR,NR,"U.S., U.K.",
25109461,Ollila HM,European,NR,Finland,
25109461,Ollila HM,European,NR,Finland,
25108383,Geller F,European,NR,Denmark,
25108383,Geller F,European,NR,"Sweden, Netherlands, Denmark",
25108386,Hou S,East Asian,NR,China,
25108386,Hou S,East Asian,NR,China,
25105248,Wang H,East Asian,NR,"U.S., Japan",
25105248,Wang H,African American or Afro-Caribbean,NR,U.S.,
25105248,Wang H,European,NR,"U.S., Israel, Australia, Canada, Germany, France",
25102180,Ng MC,African American or Afro-Caribbean,NR,U.S.,
25102180,Ng MC,African American or Afro-Caribbean,NR,U.S.,
25102180,Ng MC,European,NR,NR,
25096692,Chung WH,East Asian,NR,China,
25096692,Chung WH,East Asian,NR,"China, Japan",
25096692,Chung WH,Asian unspecified,NR,Malaysia,
25147783,Keene KL,European,NR,"U.S., Canada, U.K.",
25147783,Keene KL,African unspecified,NR,"U.S., Canada, U.K.",
25147783,Keene KL,Other,NR,"U.S., Canada, U.K.",
25096241,Keller MF,East Asian,NR,Japan,
25096241,Keller MF,European,NR,NR,
25096241,Keller MF,African American or Afro-Caribbean,NR,U.S.,
25096241,Keller MF,East Asian,NR,Japan,
25096241,Keller MF,European,NR,NR,
25096241,Keller MF,African American or Afro-Caribbean,NR,U.S.,
25096241,Keller MF,East Asian,NR,Japan,
25096241,Keller MF,European,NR,NR,
25096241,Keller MF,African American or Afro-Caribbean,NR,U.S.,
25140149,Hohman TJ,European,NR,"U.S., Canada",
25086665,Wolpin BM,European,NR,"Finland, Sweden, U.S., Australia, Italy, Netherlands, Greece, Germany, U.K., Spain, France, Norway, Denmark",
25086665,Wolpin BM,European,NR,"Finland, Sweden, U.S., Italy, Netherlands, Greece, Canada, Germany, U.K., Spain, France, Norway, Denmark",
25085501,Bunyavanich S,European,NR,"U.S., Barbados, Mexico",
25085501,Bunyavanich S,Hispanic or Latin American,NR,"U.S., Barbados, Mexico",
25085501,Bunyavanich S,"African American or Afro-Caribbean, European, Hispanic or Latin American",NR,"U.S., Barbados, Mexico",
25085501,Bunyavanich S,European,NR,"U.S., Barbados, Mexico",
25085501,Bunyavanich S,Hispanic or Latin American,NR,"U.S., Barbados, Mexico",
25085501,Bunyavanich S,African American or Afro-Caribbean,NR,"U.S., Barbados, Mexico",
25085501,Bunyavanich S,European,NR,"U.S., Barbados, Mexico",
25085501,Bunyavanich S,Hispanic or Latin American,NR,"U.S., Barbados, Mexico",
25085501,Bunyavanich S,African American or Afro-Caribbean,NR,"U.S., Barbados, Mexico",
24528284,Ji Y,European,NR,U.S.,
24869959,Jacobs LC,European,NR,"U.K., Netherlands",
25082827,Julia A,European,Spain,"U.S., Spain",
25082827,Julia A,European,Spain,Spain,
25080503,Kwan JS,European,NR,"Sweden, U.S., Italy",
25080503,Kwan JS,East Asian,NR,China,
25087078,Anney RJ,European,NR,"Finland, U.S., Australia, Canada, Belgium, U.K., Republic of Ireland",
25087078,Anney RJ,African American or Afro-Caribbean,NR,"U.S., Canada",
25087078,Anney RJ,"African American or Afro-Caribbean, European",NR,U.S.,
25087078,Anney RJ,"NR, European",NR,U.K.,
25087078,Anney RJ,East Asian,NR,"China, China, Hong Kong SAR",
25065397,Gialluisi A,NR,NR,"U.S., U.K.",
25065397,Gialluisi A,NR,NR,"U.S., U.K.",
25064009,Nalls MA,European,NR,"U.S., U.K.",
25064009,Nalls MA,European,NR,NR,
25064007,Nakajima M,East Asian,NR,Japan,
25064007,Nakajima M,East Asian,NR,Japan,
25060954,Wolber LE,European,NR,"Italy, U.K., Croatia",
25060954,Wolber LE,Other,NR,"Kazakhstan, Georgia, Azerbaijan, Tajikistan, Uzbekistan",
25057126,Ramos YF,European,NR,"Netherlands, U.K.",
25057126,Ramos YF,European,NR,Netherlands,
25231870,Perry JR,European,NR,NR,
25055868,Sano M,East Asian,NR,Japan,
25055868,Sano M,East Asian,NR,Republic of Korea,
25056061,Ripke S,European,NR,"Georgia, Iceland, The former Yugoslav Republic of Macedonia, Italy, Russian Federation, Serbia",
25056061,Ripke S,European,"Portugal, U.K., Republic of Ireland, Denmark","Finland, Sweden, U.S., Poland, Bulgaria, Czech Republic, Israel, Australia, Netherlands, Portugal, Latvia, Canada, Germany, U.K., Spain, Estonia, Austria, Hungary, Lithuania, France, Republic of Ireland, Norway, Denmark",
25056061,Ripke S,East Asian,NR,"Singapore, China, Japan",
25044758,Stergiakouli E,NR,NR,U.K.,
25044758,Stergiakouli E,European,NR,Netherlands,
25038754,Cai Q,European,NR,NR,
25038754,Cai Q,East Asian,NR,"Republic of Korea, China",
25038754,Cai Q,East Asian,NR,"Republic of Korea, China, Japan",
25042611,Griffin PJ,African American or Afro-Caribbean,NR,U.S.,
25042611,Griffin PJ,African American or Afro-Caribbean,NR,U.S.,
25042611,Griffin PJ,East Asian,NR,NR,
25035420,Hong KW,East Asian,NR,Japan,
25035420,Hong KW,East Asian,NR,Republic of Korea,
25035420,Hong KW,East Asian,NR,Japan,
25035420,Hong KW,East Asian,NR,Republic of Korea,
25030430,Zignego AL,European,NR,"U.S., Italy, U.K., France",
25030430,Zignego AL,European,NR,"U.S., Italy, France",
25027321,Hoffmann TJ,African American or Afro-Caribbean,NR,U.S.,
25027321,Hoffmann TJ,Hispanic or Latin American,NR,U.S.,
25028398,Weiss FU,European,NR,Germany,
25028398,Weiss FU,European,NR,Germany,
25027320,Ramirez A,European,NR,"U.S., Canada, Germany",
25027320,Ramirez A,NR,NR,Netherlands,
25028398,Weiss FU,European,NR,Germany,
25028398,Weiss FU,European,NR,Germany,
25023989,Schmit SL,Other,NR,Israel,
25023989,Schmit SL,European,NR,"U.S., Australia, Canada",
25023989,Schmit SL,Other,NR,Israel,
25017104,Kottyan LC,European,NR,U.S.,
25010111,Bolton JL,European,NR,"Finland, Sweden, Italy, Netherlands, U.K., Croatia",
25010111,Bolton JL,European,NR,"Sweden, U.K.",
25006744,Castaldi PJ,European,NR,U.S.,
25006744,Castaldi PJ,African American or Afro-Caribbean,NR,U.S.,
25008200,Feng P,European,NR,U.S.,
25008200,Feng P,African American or Afro-Caribbean,NR,U.S.,
25008200,Feng P,Other,NR,U.S.,
25008200,Feng P,European,NR,Brazil,
25008200,Feng P,African unspecified,NR,Brazil,
25003214,Davis OS,European,NR,U.K.,
25003214,Davis OS,European,NR,U.K.,
25043464,Jun G,NR,NR,NR,
25043464,Jun G,NR,NR,NR,
25043464,Jun G,European,NR,NR,
25043464,Jun G,African American or Afro-Caribbean,NR,NR,
25043464,Jun G,East Asian,NR,NR,
25044411,Liao SY,European,NR,U.S.,
24999842,Garner C,European,NR,U.S.,
24993907,Smolonska J,European,NR,Netherlands,
24993907,Smolonska J,European,NR,Switzerland,
24993907,Smolonska J,NR,NR,Netherlands,
24993907,Smolonska J,"African American or Afro-Caribbean, European, Hispanic or Latin American",NR,U.S.,
24983941,Tang W,NR,NR,NR,
24983941,Tang W,European,NR,"Australia, Netherlands, Germany, U.K.",
24962563,Rubicz R,Hispanic or Latin American,NR,U.S.,
24986923,Chu M,East Asian,NR,China,
24986923,Chu M,East Asian,NR,China,
24943344,Ferrari R,European,NR,"Sweden, U.S., Australia, Italy, Netherlands, Belgium, Germany, U.K., Spain, France",
24943344,Ferrari R,European,NR,"Sweden, U.S., Italy, Netherlands, Belgium, Germany, U.K., France, Denmark",
24980573,Song F,European,NR,"U.S., Israel, Australia",
24980573,Song F,European,NR,U.S.,
24978480,Real LM,European,Spain,Spain,
24978480,Real LM,European,Spain,Spain,
24978480,Real LM,European,Spain,Spain,
24978480,Real LM,European,Spain,Spain,
24974847,Fachal L,European,NR,Spain,
24974847,Fachal L,European,NR,"U.S., U.K.",
24931836,Diekstra FP,European,NR,"Sweden, U.S., Australia, Italy, Netherlands, Canada, Belgium, U.K., France, Republic of Ireland",
24931836,Diekstra FP,European,NR,"Sweden, Italy, Netherlands, Germany, Switzerland",
24931836,Diekstra FP,European,NR,"Sweden, U.S., Italy, Netherlands, Belgium, U.K., France, Republic of Ireland",
24931836,Diekstra FP,European,NR,"U.S., Australia, Canada, U.K.",
24974787,Meng W,European,NR,U.K.,
24975945,Ganesh SK,European,NR,"U.S., Iceland",
24975945,Ganesh SK,European,NR,NR,
24975945,Ganesh SK,East Asian,NR,China,
24964207,Mullins N,European,NR,NR,
24964207,Mullins N,European,NR,"Germany, U.K.",
25009551,Kullo IJ,European,NR,U.S.,
25009551,Kullo IJ,European,NR,U.S.,
24963161,Chen P,East Asian,NR,Singapore,
24963161,Chen P,South East Asian,NR,Singapore,
24963161,Chen P,South Asian,NR,Singapore,
24963161,Chen P,East Asian,NR,"Singapore, Japan",
24952745,Arking DE,European,"Italy, Germany","Finland, U.S., Iceland, Italy, Netherlands, Germany, U.K., Croatia",
24952745,Arking DE,European,NR,"Finland, Sweden, Czech Republic, Cyprus, Italy, Netherlands, Germany, U.K., Spain, Austria",
24957906,Kuiper JJ,European,NR,"Netherlands, Spain",
24957906,Kuiper JJ,European,NR,U.K.,
24951543,Liao J,South East Asian,NR,Singapore,
24951543,Liao J,South Asian,NR,Singapore,
24951543,Liao J,East Asian,NR,"Singapore, China",
24950379,Metrustry SJ,European,NR,U.K.,
24950379,Metrustry SJ,NR,NR,"Australia, U.K.",
24945404,Kemp JP,European,NR,"Netherlands, U.K.",
24945404,Kemp JP,Other,NR,Netherlands,
24945404,Kemp JP,"Greater Middle Eastern (Middle Eastern, North African or Persian)",NR,Netherlands,
24945404,Kemp JP,European,NR,"Netherlands, U.K.",
24945404,Kemp JP,Other,NR,Netherlands,
24945404,Kemp JP,"Greater Middle Eastern (Middle Eastern, North African or Persian)",NR,Netherlands,
24954895,Simino J,European,NR,"U.S., Iceland",
24954895,Simino J,European,NR,"Finland, Sweden, U.S., Australia, Italy, Netherlands, Germany, U.K., Switzerland, Spain, France",
24954895,Simino J,East Asian,NR,Singapore,
24954895,Simino J,South East Asian,NR,Singapore,
24954895,Simino J,South Asian,NR,Singapore,
24954895,Simino J,"South Asian, South East Asian, East Asian",NR,Singapore,
24954895,Simino J,European,NR,"U.S., Iceland",
24954895,Simino J,European,NR,"Finland, Sweden, U.S., Australia, Italy, Netherlands, Germany, U.K., Switzerland, Spain, France",
24954895,Simino J,East Asian,NR,Singapore,
24954895,Simino J,South East Asian,NR,Singapore,
24954895,Simino J,South Asian,NR,Singapore,
24954895,Simino J,"South Asian, South East Asian, East Asian",NR,Singapore,
24945404,Kemp JP,European,NR,"Netherlands, U.K.",
24945404,Kemp JP,Other,NR,Netherlands,
24945404,Kemp JP,"Greater Middle Eastern (Middle Eastern, North African or Persian)",NR,Netherlands,
24945404,Kemp JP,European,NR,"Netherlands, U.K.",
24945404,Kemp JP,Other,NR,Netherlands,
24945404,Kemp JP,"Greater Middle Eastern (Middle Eastern, North African or Persian)",NR,Netherlands,
24940741,Chang SW,East Asian,NR,China,
24940741,Chang SW,East Asian,NR,China,
24942650,Terao C,East Asian,NR,Japan,
24939585,Fransen E,European,Belgium,Belgium,
24941225,Liang Y,East Asian,NR,China,
24942650,Terao C,East Asian,NR,Japan,
24938310,Nakano M,East Asian,NR,Japan,
24938310,Nakano M,East Asian,NR,Japan,
24939585,Fransen E,European,Belgium,Belgium,
24934506,Eny KM,European,NR,Netherlands,
24934506,Eny KM,European,NR,"U.S., Netherlands",
24929828,Loth DW,East Asian,NR,Republic of Korea,
24929828,Loth DW,European,NR,"Finland, Sweden, U.S., Australia, Iceland, Netherlands, Germany, U.K., Croatia, Denmark",
24929828,Loth DW,European,NR,"Sweden, U.S., Australia, Netherlands, Germany, U.K., Croatia, Denmark",
24929828,Loth DW,African American or Afro-Caribbean,NR,U.S.,
24929828,Loth DW,Hispanic or Latin American,NR,NR,
24954085,Della-Morte D,Hispanic or Latin American,NR,U.S.,
24954085,Della-Morte D,Hispanic or Latin American,NR,U.S.,
24927181,Navarini AA,European,NR,U.K.,
24927181,Navarini AA,European,NR,U.K.,
24925725,Chung SA,European,NR,NR,
24920014,Cozen W,European,NR,U.S.,
24920014,Cozen W,European,NR,"Sweden, U.S., Czech Republic, Italy, Germany, U.K., Spain, France, Republic of Ireland, Denmark",
24919509,Terao C,East Asian,NR,Japan,
24919509,Terao C,East Asian,NR,Japan,
24916648,Hirokawa M,East Asian,NR,Japan,
24916648,Hirokawa M,East Asian,NR,Japan,
24962325,Kapoor M,European,NR,U.S.,
24916650,Versmissen J,European,NR,Netherlands,
24916650,Versmissen J,European,NR,"Italy, Netherlands, U.K., Spain, Norway",
24908248,Walsh KM,European,NR,U.S.,
24908248,Walsh KM,European,NR,"U.S., Canada",
25015694,Kolek MJ,NR,NR,U.S.,
25015694,Kolek MJ,NR,NR,U.S.,
24909733,Cook-Sather SD,European,NR,U.S.,
24909733,Cook-Sather SD,African American or Afro-Caribbean,NR,U.S.,
24909733,Cook-Sather SD,European,NR,U.S.,
24909733,Cook-Sather SD,African American or Afro-Caribbean,NR,U.S.,
24903457,Kim YK,East Asian,NR,Republic of Korea,
24903457,Kim YK,East Asian,NR,NR,
24903457,Kim YK,East Asian,NR,Republic of Korea,
24903457,Kim YK,East Asian,NR,"Republic of Korea, Japan",
24892410,Leu HB,NR,NR,NR,
24892410,Leu HB,NR,NR,NR,
24886709,Ko A,Hispanic or Latin American,NR,Mexico,
24886709,Ko A,Hispanic or Latin American,NR,Mexico,
24886709,Ko A,Hispanic or Latin American,NR,Mexico,
24886709,Ko A,Hispanic or Latin American,NR,Mexico,
24886709,Ko A,Hispanic or Latin American,NR,Mexico,
24886709,Ko A,Hispanic or Latin American,NR,Mexico,
24751813,Drago A,European,NR,Germany,
24880342,Wang Y,European,NR,"Finland, U.S., Poland, Czech Republic, Italy, Russian Federation, Romania, U.K., Estonia, Hungary, Slovakia, France, Norway",
24880342,Wang Y,European,NR,"Sweden, U.S., Poland, Iceland, Italy, Russian Federation, Netherlands, Greece, Canada, Germany, U.K., Spain, France, Norway, Denmark",
24871321,Sambo F,"NR, European",NR,"U.S., U.K., Republic of Ireland, Denmark",
24871321,Sambo F,European,NR,Finland,
24871463,Armstrong DL,European,NR,NR,
24958192,Gusareva ES,European,NR,"U.S., Germany",
24958192,Gusareva ES,European,NR,France,
24958192,Gusareva ES,NR,NR,"U.S., Belgium, U.K.",
24861552,Rafnar T,European,NR,Iceland,
24861552,Rafnar T,European,NR,"Sweden, Italy, Netherlands, Romania, Belgium, Germany, U.K., Spain, Hungary, Slovakia",
24861553,Wen W,East Asian,NR,"U.S., China, Japan",
24861553,Wen W,East Asian,NR,"U.S., Republic of Korea, Singapore, China, Japan",
24861553,Wen W,South East Asian,NR,"Singapore, Philippines",
24863034,Urano T,East Asian,NR,Japan,
24863034,Urano T,East Asian,NR,Japan,
24852370,Zhan M,East Asian,NR,China,
24852370,Zhan M,East Asian,NR,China,
24850809,Verweij N,European,NR,Netherlands,
24850809,Verweij N,European,NR,Netherlands,
24842889,Vacic V,Other,Israel,"U.S., Israel",
24842889,Vacic V,Other,Israel,"U.S., Israel",
24847101,Rudkowska I,NR,NR,Canada,
24836286,Zhang B,East Asian,NR,"Republic of Korea, China, Japan",
24836286,Zhang B,East Asian,NR,"Republic of Korea, China, Japan",
24836286,Zhang B,European,NR,"U.S., Canada, Germany, France",
24832863,Wetherill L,European,NR,U.S.,
24832863,Wetherill L,European,NR,U.S.,
24837172,Juyal G,South Asian,NR,India,
24837172,Juyal G,South Asian,NR,India,
24823311,Guan W,European,NR,"U.S., Italy",
24823311,Guan W,European,NR,"U.S., Italy",
24821223,Mattheisen M,NR,NR,U.S.,
24824216,Myers RA,European,NR,"U.S., Barbados, Mexico",
24824216,Myers RA,African American or Afro-Caribbean,NR,"U.S., Barbados, Mexico",
24824216,Myers RA,Hispanic or Latin American,NR,"U.S., Barbados, Mexico",
24823311,Guan W,European,NR,"U.S., Italy",
24825563,McDonald ML,European,NR,U.S.,
24825563,McDonald ML,African American or Afro-Caribbean,NR,U.S.,
24823311,Guan W,European,NR,"U.S., Italy",
24823311,Guan W,European,NR,"U.S., Italy",
24816252,Shin SY,European,NR,Germany,
24816252,Shin SY,European,NR,U.K.,
24816252,Shin SY,European,NR,"Germany, U.K.",
24847357,Ye Z,European,NR,U.S.,
24811271,Kennedy RB,European,NR,U.S.,
24801482,Baron-Cohen S,European,NR,U.K.,
24800985,Agopian AJ,"European, Other",NR,NR,
24800985,Agopian AJ,European,NR,NR,
24800985,Agopian AJ,Other,NR,NR,
24795349,Saxena R,European,NR,"Finland, Sweden, U.S., Italy, Portugal, Greece, Belgium, Germany, U.K., Switzerland, Spain, Estonia, France, Denmark",
24795349,Saxena R,South Asian,NR,NR,
24795349,Saxena R,South Asian,NR,NR,
24827717,Yang F,East Asian,NR,China,
24827717,Yang F,East Asian,NR,China,
24782177,Jiang L,East Asian,NR,China,
24782177,Jiang L,European,NR,NR,
24782177,Jiang L,East Asian,NR,China,
24782177,Jiang L,East Asian,NR,China,
24797007,Holliday EG,European,NR,"Sweden, U.S.",
24797007,Holliday EG,European,NR,Australia,
24792382,Park TJ,East Asian,NR,Republic of Korea,
24785509,Barnett GC,NR,NR,U.S.,
24785509,Barnett GC,European,NR,U.K.,
24785509,Barnett GC,European,NR,Spain,
24770881,Nelson PT,NR,NR,U.S.,
24770881,Nelson PT,NR,NR,U.S.,
24770881,Nelson PT,NR,NR,U.S.,
24816038,Postmus I,"European, Other",NR,"Netherlands, U.K., Republic of Ireland",
24816038,Postmus I,NR,NR,NR,
24770850,Cousminer DL,European,NR,"Finland, Germany",
24770850,Cousminer DL,European,NR,"Australia, Greece, U.K.",
24770850,Cousminer DL,European,NR,"Finland, Germany, Spain",
24770850,Cousminer DL,European,NR,"Finland, Australia, Netherlands, Greece, U.K.",
24770850,Cousminer DL,European,NR,"Finland, Netherlands, Greece, U.K.",
24763700,Vinayagamoorthy N,East Asian,NR,Republic of Korea,
24763700,Vinayagamoorthy N,East Asian,NR,Republic of Korea,
24768677,de Boer YS,European,NR,Netherlands,
24768677,de Boer YS,European,NR,"Germany, Switzerland",
24755620,Perez-Palma E,European,NR,U.S.,
24753544,Knipe DW,European,NR,U.K.,
24753544,Knipe DW,European,NR,NR,
24882193,Winham SJ,European,NR,U.S.,
24882193,Winham SJ,European,NR,U.S.,
24882193,Winham SJ,European,NR,U.S.,
24882193,Winham SJ,European,NR,U.S.,
24743840,Figueiredo JC,European,NR,"U.S., Australia, Canada, Germany",
24722205,Kwak SH,East Asian,NR,Republic of Korea,
24722205,Kwak SH,East Asian,NR,Republic of Korea,
24722205,Kwak SH,East Asian,NR,Republic of Korea,
24722205,Kwak SH,East Asian,NR,Republic of Korea,
24722205,Kwak SH,East Asian,NR,Republic of Korea,
24722205,Kwak SH,East Asian,NR,Republic of Korea,
24740207,Moy KA,European,NR,Finland,
24740154,Lange EM,European,NR,U.S.,
24740154,Lange EM,European,NR,U.S.,
24737549,Yoon KA,East Asian,NR,Republic of Korea,
24737549,Yoon KA,East Asian,NR,Republic of Korea,
24737748,Whiffin N,European,NR,"U.S., Australia, Canada, U.K.",
24737748,Whiffin N,European,NR,"Sweden, U.K.",
24736177,Sprooten E,Hispanic or Latin American,NR,U.S.,
24728293,Styrkarsdottir U,European,NR,Iceland,
24728293,Styrkarsdottir U,European,NR,"Sweden, Netherlands, U.K.",
24714607,Dijkstra AE,European,NR,Netherlands,
24714607,Dijkstra AE,European,NR,"U.S., Poland, Netherlands, Germany, Norway",
24709693,Cobb J,European,NR,"Czech Republic, Netherlands, U.K.",
24952865,Akerblom A,African unspecified,NR,NR,
24952865,Akerblom A,Asian unspecified,NR,NR,
24952865,Akerblom A,NR,NR,NR,
24952865,Akerblom A,European,NR,NR,
24700089,Miura K,East Asian,NR,Japan,
24699409,Prokopenko I,European,NR,"U.S., Austria, Germany, Netherlands, Switzerland, Denmark, Finland, Republic of Ireland, Sweden, U.K., Greece, Italy, Montenegro, Serbia, Spain",
24699409,Prokopenko I,European,NR,"Finland, Sweden, France, U.K.",
24699409,Prokopenko I,European,NR,"U.S., Austria, France, Germany, Netherlands, Switzerland, Denmark, Finland, Republic of Ireland, Sweden, U.K., Greece, Italy, Montenegro, Serbia, Spain",
24699409,Prokopenko I,European,NR,"Finland, Sweden, U.K., France",
24699409,Prokopenko I,European,NR,"Finland, Sweden, France, U.K.",
24699409,Prokopenko I,European,NR,"U.S., Austria, France, Germany, Netherlands, Switzerland, Denmark, Finland, Republic of Ireland, Sweden, U.K., Greece, Italy, Montenegro, Serbia",
24699409,Prokopenko I,European,NR,"U.S., Austria, France, Germany, Netherlands, Switzerland, Denmark, Finland, Republic of Ireland, Sweden, U.K., Greece, Italy, Montenegro, Serbia, Spain",
24699409,Prokopenko I,European,NR,"France, Finland, Sweden, U.K.",
24699409,Prokopenko I,European,NR,"France, Finland, Sweden, U.K.",
24699409,Prokopenko I,European,NR,"Austria, France, Germany, U.S., Netherlands, Switzerland, Denmark, Finland, Republic of Ireland, Sweden, U.K., Greece, Italy, Montenegro, Serbia, Spain",
24699409,Prokopenko I,European,NR,"France, Finland, Sweden, U.K.",
24699409,Prokopenko I,European,NR,"U.S., Austria, France, Germany, Netherlands, Switzerland, Denmark, Finland, Republic of Ireland, Sweden, U.K., Greece, Italy, Montenegro, Serbia, Spain",
24699409,Prokopenko I,European,NR,"U.S., Austria, France, Germany, Netherlands, Switzerland, Denmark, Finland, Republic of Ireland, Sweden, U.K., Greece, Italy, Montenegro, Serbia, Spain",
24699409,Prokopenko I,European,NR,"France, Finland, Sweden, U.K.",
24699409,Prokopenko I,European,NR,"France, Finland, Sweden, U.K.",
24699409,Prokopenko I,European,NR,"U.S., Austria, France, Germany, Netherlands, Switzerland, Denmark, Finland, Republic of Ireland, Sweden, U.K., Greece, Italy, Montenegro, Serbia, Spain",
24699409,Prokopenko I,European,NR,"U.S., Austria, France, Germany, Netherlands, Switzerland, Denmark, Finland, Republic of Ireland, Sweden, U.K., Greece, Italy, Montenegro, Serbia, Spain",
24699409,Prokopenko I,European,NR,"France, Finland, Sweden, U.K.",
24688116,Deelen J,European,NR,"Sweden, Italy, Netherlands, U.K., Estonia, France, Denmark",
24688116,Deelen J,European,NR,"Iceland, Italy, Netherlands, Germany, U.K., Denmark",
24688116,Deelen J,European,NR,"Sweden, Italy, Netherlands, U.K., Estonia, France, Denmark",
24688116,Deelen J,European,NR,"Iceland, Italy, Netherlands, Germany, U.K., Denmark",
24677629,Wolf EJ,European,NR,U.S.,
24676358,Viktorin A,European,NR,Sweden,
24676358,Viktorin A,European,NR,Sweden,
24675659,Hartiala J,European,NR,NR,
24675659,Hartiala J,European,NR,NR,
24667120,Zhang TX,European,NR,U.S.,
24667120,Zhang TX,European,NR,U.S.,
24680774,Mezzavilla M,European,NR,Italy,
24665060,Argos M,South Asian,NR,Bangladesh,
24662972,Figueroa JD,European,NR,"U.S., Spain",
24662972,Figueroa JD,European,NR,"U.S., Italy, France",
24665060,Argos M,South Asian,NR,Bangladesh,
24665060,Argos M,South Asian,NR,Bangladesh,
24665060,Argos M,South Asian,NR,Bangladesh,
24658283,Zhang R,East Asian,NR,China,
24658283,Zhang R,East Asian,NR,China,
24651765,Williams SR,"NR, European",NR,U.S.,
24651765,Williams SR,African unspecified,NR,NR,
24651765,Williams SR,European,NR,NR,
24651765,Williams SR,Other,NR,NR,
24647736,Chen P,East Asian,NR,"Republic of Korea, Singapore, China",
24647736,Chen P,East Asian,NR,"U.S., China, Japan",
24647736,Chen P,South East Asian,NR,Singapore,
24656865,Woo D,European,NR,"Sweden, U.S., Poland, Spain",
24656865,Woo D,European,NR,U.S.,
24656865,Woo D,African American or Afro-Caribbean,NR,U.S.,
24656865,Woo D,Hispanic or Latin American,NR,U.S.,
24625756,Yu B,African American or Afro-Caribbean,NR,U.S.,
24614497,Oikkonen J,European,NR,Finland,
24684796,Cox AJ,NR,NR,NR,
24618891,Muhleisen TW,European,NR,"U.S., Poland, Australia, Russian Federation, Canada, Germany, Spain",
24604477,An P,European,NR,U.S.,
24604477,An P,European,NR,U.S.,
24603532,Nongpiur ME,South Asian,NR,Singapore,
24603532,Nongpiur ME,East Asian,NR,China,
24603532,Nongpiur ME,East Asian,NR,China,
24603532,Nongpiur ME,South East Asian,NR,Singapore,
24595857,Sandholm N,European,NR,Finland,
24595857,Sandholm N,European,NR,"Sweden, Italy, U.K., Republic of Ireland",
24123702,Chung CM,East Asian,China,China,
24123702,Chung CM,East Asian,China,China,
24487271,Weizman A,European,NR,U.S.,
24487271,Weizman A,European,NR,U.S.,
24578125,Olden M,European,NR,"Italy, Croatia, Switzerland",
24578379,Huang J,European,NR,Netherlands,
24578379,Huang J,European,NR,"U.S., Netherlands, Canada, Germany, U.K., Croatia, France",
24578207,Opherk C,European,NR,"Italy, Netherlands, Germany, U.K., Spain, France",
24583629,Senapati S,South Asian,NR,India,
24586183,Medici M,European,NR,"Finland, U.S., Australia, Italy, Netherlands, Germany, U.K.",
24586183,Medici M,European,NR,"Italy, Belgium, Germany, U.K., Denmark",
24586183,Medici M,European,NR,"Finland, U.S., Australia, Italy, Netherlands, Germany, U.K.",
24586183,Medici M,European,NR,"Italy, Belgium, Germany, U.K., Denmark",
24571439,Nudel R,European,NR,U.K.,
24582949,Docampo E,European,NR,Spain,
24582949,Docampo E,European,NR,Spain,
24571439,Nudel R,European,NR,U.K.,
24571439,Nudel R,European,NR,NR,
24569950,Hatemi PK,European,NR,"Sweden, Australia",
24574247,Yuan H,European,NR,NR,
24574247,Yuan H,"NR, European",NR,NR,
24574247,Yuan H,"NR, African American or Afro-Caribbean, European, Asian unspecified",NR,NR,
24564958,St Pourcain B,European,NR,U.K.,
24554482,Leger PD,European,NR,U.S.,
24554482,Leger PD,Hispanic or Latin American,NR,U.S.,
24554482,Leger PD,African American or Afro-Caribbean,NR,U.S.,
24554482,Leger PD,European,NR,U.S.,
24554482,Leger PD,African American or Afro-Caribbean,NR,U.S.,
24554482,Leger PD,Hispanic or Latin American,NR,U.S.,
24554482,Leger PD,European,NR,U.S.,
24554482,Leger PD,African American or Afro-Caribbean,NR,U.S.,
24554482,Leger PD,Hispanic or Latin American,NR,U.S.,
24586186,Rueedi R,European,NR,Switzerland,
24586186,Rueedi R,Other,NR,Brazil,
24839885,Benke KS,European,NR,"Australia, Netherlands",
24839885,Benke KS,NR,NR,Netherlands,
24556642,Zeng Z,European,NR,NR,
24535457,Chouraki V,European,NR,"U.S., Netherlands, France",
24556642,Zeng Z,European,NR,NR,
24535457,Chouraki V,European,NR,"U.S., Netherlands, France",
24532677,Bossini-Castillo L,European,NR,"Netherlands, Spain",
24532677,Bossini-Castillo L,European,NR,Sweden,
24532676,Kim K,East Asian,NR,NR,
24532676,Kim K,European,NR,"Canada, U.S., Netherlands, Sweden, U.K., Spain",
24513273,Yang B,East Asian,NR,China,
24513273,Yang B,East Asian,NR,NR,
24518671,Nag A,European,NR,U.K.,
24518671,Nag A,European,NR,"U.S., Australia, Netherlands, Germany, U.K.",
24514567,Boraska V,European,NR,"Finland, Sweden, U.S., Poland, Czech Republic, Italy, Netherlands, Greece, Canada, Germany, U.K., Spain, France, Norway",
24514567,Boraska V,European,NR,"Finland, U.S., Poland, Czech Republic, Italy, Netherlands, Greece, Germany, U.K., Spain, Estonia, Austria, France",
24514567,Boraska V,East Asian,NR,Japan,
24511991,Hill-Burns EM,European,"Italy, Russian Federation, Germany, U.K., Austria, France, Republic of Ireland",U.S.,
24511991,Hill-Burns EM,European,NR,NR,
24509480,Mahajan A,European,NR,"Finland, Sweden, U.S., Iceland, Netherlands, Germany, U.K., France",
24509480,Mahajan A,East Asian,NR,"Republic of Korea, Singapore, China, Philippines, Japan",
24509480,Mahajan A,South Asian,NR,"Singapore, U.K., Pakistan",
24509480,Mahajan A,Hispanic or Latin American,NR,"U.S., Mexico",
24509480,Mahajan A,European,NR,"Finland, Sweden, Australia, Iceland, Netherlands, Greece, Germany, U.K., Estonia, France, Norway",
24621683,Cho MH,NR,NR,NR,
24621683,Cho MH,European,NR,"U.S., Norway",
24621683,Cho MH,African American or Afro-Caribbean,NR,U.S.,
24621683,Cho MH,European,NR,"U.S., Norway",
24621683,Cho MH,African American or Afro-Caribbean,NR,U.S.,
24621683,Cho MH,NR,NR,NR,
24503447,Nelson D,European,NR,NR,
24503447,Nelson D,European,NR,NR,
24516586,Wu T,Asian unspecified,NR,"U.S., Republic of Korea, Singapore, China",
24516586,Wu T,European,NR,"U.S., Singapore, Norway, Denmark",
24516586,Wu T,"African American or Afro-Caribbean, South East Asian, Hispanic or Latin American, Other",NR,U.S.,
24493630,Ahsan H,European,NR,"U.S., Australia, Canada, Germany",
24493630,Ahsan H,European,NR,"Australia, U.K.",
24687471,Harlaar N,European,NR,U.K.,
24687471,Harlaar N,European,NR,U.K.,
24342994,Lencz T,European,"Germany, NR","U.S., Germany, Finland, Norway, U.K., Greece",
24483146,Li L,East Asian,NR,U.S.,
24483146,Li L,European,NR,U.S.,
24483146,Li L,African American or Afro-Caribbean,NR,U.S.,
24483146,Li L,European,NR,U.S.,
24483146,Li L,African American or Afro-Caribbean,NR,U.S.,
24483146,Li L,East Asian,NR,U.S.,
24486069,Park HW,European,NR,NR,
24486069,Park HW,European,NR,NR,
24448986,Zhang B,East Asian,NR,"China, Japan",
24448986,Zhang B,East Asian,NR,"Republic of Korea, Singapore, China, Japan",
24465473,Liu Y,East Asian,NR,NR,
24465473,Liu Y,East Asian,NR,NR,
24465473,Liu Y,European,NR,NR,
24465431,Ma RC,East Asian,NR,NR,
24444492,Kuo PH,East Asian,China,China,
24444492,Kuo PH,East Asian,China,China,
24529757,Xie T,East Asian,NR,China,
24478790,Lee JH,European,NR,"U.S., Denmark",
24430505,Moayyeri A,NR,NR,"U.S., Netherlands, U.K.",
24430505,Moayyeri A,"NR, European",NR,"Sweden, Poland, Italy, Belgium, U.K., Spain, Estonia, Hungary",
24430505,Moayyeri A,East Asian,NR,China,
24430505,Moayyeri A,European,NR,"Sweden, Germany",
24430505,Moayyeri A,European,NR,"Finland, Sweden, Poland, Australia, Italy, Greece, Spain, Austria",
24430505,Moayyeri A,NR,NR,"U.S., Netherlands, Canada, U.K.",
24430505,Moayyeri A,"NR, European",NR,"Sweden, Poland, Italy, Belgium, U.K., Spain, Estonia, Hungary",
24430505,Moayyeri A,East Asian,NR,"Republic of Korea, China",
24430505,Moayyeri A,European,NR,Germany,
24430505,Moayyeri A,European,NR,"Finland, Sweden, Poland, Australia, Italy, Greece, Spain, Austria",
24430505,Moayyeri A,NR,NR,"U.S., Netherlands, U.K.",
24430505,Moayyeri A,NR,NR,"U.S., Netherlands, Canada, U.K.",
24430505,Moayyeri A,European,NR,"Iceland, Croatia",
24430505,Moayyeri A,European,NR,"Finland, Australia",
24413707,Chiang KM,East Asian,China,China,
24413707,Chiang KM,East Asian,China,China,
24413707,Chiang KM,European,NR,NR,
24403052,Stacey SN,European,NR,Iceland,
24403052,Stacey SN,European,NR,"Romania, Spain, Hungary, Slovakia, Denmark",
24399259,He L,East Asian,NR,China,
24399259,He L,East Asian,NR,China,
24406073,Galanter JM,Hispanic or Latin American,NR,"Puerto Rico, U.S.",
24406073,Galanter JM,"NR, Hispanic or Latin American",NR,NR,
24387323,Kim WJ,East Asian,NR,Republic of Korea,
24387323,Kim WJ,East Asian,NR,Republic of Korea,
24387768,Xu W,European,NR,"Canada, U.K.",
24387768,Xu W,NR,NR,Canada,
24383474,Manichaikul A,European,NR,U.S.,
24383474,Manichaikul A,European,NR,U.S.,
24383474,Manichaikul A,African American or Afro-Caribbean,NR,U.S.,
24383474,Manichaikul A,Hispanic or Latin American,NR,U.S.,
24383474,Manichaikul A,East Asian,NR,U.S.,
24387989,Mayes MD,European,NR,"U.S., Spain",
24387989,Mayes MD,European,NR,"U.S., Germany, Canada, Netherlands, Sweden, U.K., Italy, Spain",
24387989,Mayes MD,European,NR,"U.S., Spain",
24387989,Mayes MD,European,NR,"Canada, U.S., Germany, Netherlands, Sweden, U.K., Italy, Spain",
24387989,Mayes MD,European,NR,"U.S., Spain",
24387989,Mayes MD,European,NR,"Sweden, Canada, U.S., Germany, Netherlands, U.K., Italy, Spain",
24392092,Luksys G,European,NR,NR,
24449572,Orozco G,European,NR,U.K.,
24449572,Orozco G,European,NR,U.K.,
24166409,Gelernter J,African American or Afro-Caribbean,NR,U.S.,
24166409,Gelernter J,European,NR,NR,
24166409,Gelernter J,African American or Afro-Caribbean,NR,U.S.,
24166409,Gelernter J,European,NR,NR,
24166409,Gelernter J,European,NR,NR,
24166409,Gelernter J,African American or Afro-Caribbean,NR,U.S.,
24166409,Gelernter J,European,NR,NR,
24166409,Gelernter J,African American or Afro-Caribbean,NR,U.S.,
24489884,Mick E,European,NR,U.S.,
24386095,Zhou L,East Asian,NR,China,
24386095,Zhou L,East Asian,NR,China,
24388013,Ferreira MA,European,NR,U.K.,
24388013,Ferreira MA,European,NR,NR,
24468470,Zhang C,European,NR,U.S.,
24468470,Zhang C,African American or Afro-Caribbean,NR,U.S.,
24375517,Lohmann K,European,NR,Germany,
24375517,Lohmann K,European,NR,Germany,
24390342,Okada Y,European,NR,"Sweden, Netherlands, Canada, U.K., Spain, France",
24390342,Okada Y,East Asian,NR,"Republic of Korea, Japan",
24390342,Okada Y,European,NR,Canada,
24390342,Okada Y,East Asian,NR,"China, Japan",
24390345,Williams AL,Hispanic or Latin American,NR,"U.S., Mexico",
24390345,Williams AL,Hispanic or Latin American,NR,U.S.,
24390345,Williams AL,East Asian,NR,"U.S., Singapore",
24390345,Williams AL,South Asian,NR,Singapore,
24390345,Williams AL,European,NR,U.S.,
24390345,Williams AL,Asian unspecified,NR,Singapore,
24390345,Williams AL,African American or Afro-Caribbean,NR,U.S.,
24390345,Williams AL,Oceanian,NR,U.S.,
24376627,Su WH,East Asian,NR,Taiwan,
24376627,Su WH,East Asian,NR,Taiwan,
24376798,Miki D,East Asian,NR,Japan,
24376798,Miki D,East Asian,NR,Japan,
24357727,Rocanin-Arjo A,European,NR,France,
24357727,Rocanin-Arjo A,European,NR,France,
24351856,Nanayakkara S,South Asian,NR,Sri Lanka,
24351856,Nanayakkara S,South Asian,NR,Sri Lanka,
24347629,Shaffer JR,European,NR,U.S.,
24379826,Voruganti VS,Hispanic or Latin American,NR,U.S.,
24376456,Simino J,European,U.S.,U.S.,
24376456,Simino J,European,U.S.,U.S.,
24376456,Simino J,European,NR,U.S.,
24376456,Simino J,European,NR,U.S.,
24322204,Winham SJ,European,NR,NR,
24325915,Purrington KS,European,NR,"U.S., Greece, Germany, U.K., Norway",
24325915,Purrington KS,European,NR,"Finland, U.S., Australia, Germany, U.K.",
24325914,Chu M,East Asian,NR,China,
24325914,Chu M,East Asian,NR,China,
24315451,van der Valk RJ,European,NR,"Sweden, U.S., Netherlands, Germany, U.K., Spain, France, Denmark",
24315451,van der Valk RJ,Hispanic or Latin American,NR,U.S.,
24315451,van der Valk RJ,Other,NR,Netherlands,
24405752,An P,European,NR,"U.S., Denmark",
24405752,An P,European,NR,U.S.,
24324648,Yatagai Y,East Asian,NR,Japan,
24324648,Yatagai Y,East Asian,NR,Japan,
24348519,Namjou B,European,NR,NR,
23918589,Negi S,South Asian,India,India,
23918589,Negi S,South Asian,India,India,
24778558,Domarkiene I,European,NR,Lithuania,
24292274,Speedy HE,European,NR,U.K.,
24292274,Speedy HE,European,NR,"Sweden, U.K.",
24282030,Pan L,East Asian,NR,China,
24282030,Pan L,East Asian,NR,China,
24281739,Boardman JD,NR,NR,NR,
24277619,Quillen EE,East Asian,NR,China,
24280982,Ruderfer DM,European,NR,"Sweden, U.S., Germany, U.K., Republic of Ireland, Norway, Denmark",
24280982,Ruderfer DM,NR,NR,"U.S., Bulgaria, Netherlands, Portugal, France",
24280982,Ruderfer DM,"NR, European",NR,"U.S., Australia, Canada, U.K.",
24277619,Quillen EE,East Asian,NR,China,
24277619,Quillen EE,East Asian,NR,China,
24280104,Wu AC,European,NR,NR,
24280104,Wu AC,European,NR,NR,
24262325,Dichgans M,NR,NR,NR,
24262325,Dichgans M,NR,NR,NR,
24262325,Dichgans M,NR,NR,NR,
24262325,Dichgans M,NR,NR,NR,
24262325,Dichgans M,NR,NR,NR,
24324551,Deng X,Hispanic or Latin American,NR,Brazil,
24324551,Deng X,Hispanic or Latin American,NR,Brazil,
24324551,Deng X,Hispanic or Latin American,NR,Brazil,
24324551,Deng X,Hispanic or Latin American,NR,Brazil,
24324551,Deng X,Hispanic or Latin American,NR,Brazil,
24324551,Deng X,Hispanic or Latin American,NR,Brazil,
24256812,Fogh I,European,NR,"Sweden, U.S., Italy, Netherlands, Belgium, U.K., France, Republic of Ireland",
24256812,Fogh I,European,NR,"Italy, Netherlands, Germany",
24324551,Deng X,Hispanic or Latin American,NR,Brazil,
24253340,Lencz T,European,NR,Israel,
24253340,Lencz T,European,NR,"U.S., Australia, Germany, U.K.",
24253340,Lencz T,African American or Afro-Caribbean,NR,U.S.,
24253340,Lencz T,East Asian,NR,Japan,
24249740,Zhang L,European,NR,NR,
24249740,Zhang L,European,NR,NR,
24249740,Zhang L,East Asian,NR,NR,
24249740,Zhang L,African American or Afro-Caribbean,NR,U.S.,
24249740,Zhang L,Hispanic or Latin American,NR,NR,
24249740,Zhang L,East Asian,NR,NR,
24241537,Bonnelykke K,European,NR,Denmark,
24241537,Bonnelykke K,European,NR,"Netherlands, Denmark",
24241537,Bonnelykke K,"NR, Other, Greater Middle Eastern (Middle Eastern, North African or Persian)","Netherlands Antilles, Netherlands, Morocco, Turkey, Cape Verde, Suriname",Netherlands,
24241537,Bonnelykke K,NR,NR,NR,
24234648,Goris A,NR,NR,NR,
24220699,Gudmundsson J,European,NR,"Netherlands, Spain",
24220699,Gudmundsson J,European,NR,Iceland,
24220910,Purdue MP,African American or Afro-Caribbean,NR,U.S.,
24220910,Purdue MP,African American or Afro-Caribbean,NR,U.S.,
24265751,Li W,East Asian,China,China,
24265751,Li W,East Asian,China,China,
24244560,Chen P,East Asian,NR,Singapore,
24244560,Chen P,South East Asian,NR,Singapore,
24244560,Chen P,South Asian,NR,Singapore,
24223155,Behr ER,European,NR,"U.S., Netherlands, Germany, U.K., France",
24189344,Xia K,East Asian,NR,China,
24189344,Xia K,European,NR,NR,
24190013,Earp MA,European,NR,Canada,
24190013,Earp MA,European,NR,NR,
24080446,Rudolph A,European,NR,"Finland, Sweden, U.S., Poland, Australia, Canada, Germany, U.K., New Zealand, France",
24080446,Rudolph A,European,NR,"Finland, Sweden, U.S., Germany",
24080446,Rudolph A,European,NR,"Finland, Sweden, U.S., Poland, Australia, Canada, Germany, U.K., New Zealand, France",
24080446,Rudolph A,European,NR,"Finland, Sweden, U.S., Germany",
24185611,Cook MB,Sub-Saharan African,NR,Ghana,
24185611,Cook MB,African American or Afro-Caribbean,NR,U.S.,
24236485,Cornejo-Garcia JA,European,NR,Spain,
24236485,Cornejo-Garcia JA,East Asian,NR,China,
24076602,Beecham AH,European,NR,"U.S., Australia, New Zealand, Belgium, France, Germany, Denmark, Finland, Norway, Sweden, U.K., Italy",
24076602,Beecham AH,European,NR,"U.S., Australia, New Zealand, Netherlands, Switzerland, Finland, U.K., NR",
24097067,Lessard CJ,European,NR,"U.S., Australia, France, Germany, Norway, Sweden, U.K.",
24097067,Lessard CJ,European,NR,"U.S., U.K.",
24097067,Lessard CJ,European,NR,"U.S., Australia, France, Germany, Norway, Sweden, U.K.",
24097067,Lessard CJ,European,NR,"U.S., U.K.",
24097067,Lessard CJ,European,NR,"U.S., Australia, France, Germany, Norway, Sweden, U.K.",
24192120,Kamide K,East Asian,NR,Japan,
24192120,Kamide K,East Asian,NR,Japan,
24172245,Haga S,East Asian,NR,"Republic of Korea, Japan",
24172245,Haga S,East Asian,NR,"Republic of Korea, Japan",
24204295,Han F,East Asian,NR,"U.S., China",
24204295,Han F,East Asian,NR,"U.S., China",
24204295,Han F,East Asian,NR,"U.S., China",
24204295,Han F,European,NR,NR,
24172245,Haga S,East Asian,NR,"Republic of Korea, Japan",
24182552,Matteini AM,European,NR,"U.S., Italy",
24166486,Sleiman P,"NR, African American or Afro-Caribbean, European, African unspecified, Asian unspecified, Other",NR,U.S.,
24166486,Sleiman P,NR,NR,NR,
24204828,Zheng JS,European,NR,U.S.,
24204828,Zheng JS,European,NR,U.S.,
24204828,Zheng JS,European,NR,U.S.,
24165912,He J,East Asian,NR,China,
24165912,He J,East Asian,NR,China,
24165912,He J,East Asian,NR,China,
24165912,He J,East Asian,NR,China,
24165912,He J,East Asian,NR,China,
24165912,He J,East Asian,NR,China,
24165912,He J,East Asian,NR,China,
24165912,He J,East Asian,NR,China,
24162737,Lambert JC,European,NR,"Finland, Sweden, U.S., Italy, Greece, Belgium, Germany, U.K., Spain, Austria, Hungary",
24162737,Lambert JC,European,NR,"U.S., Iceland, Netherlands, Greece, Canada, Germany, U.K., France",
24162738,Hu Z,East Asian,NR,China,
24162738,Hu Z,East Asian,NR,China,
24513584,Oei L,European,NR,Netherlands,
24513584,Oei L,European,NR,"Sweden, U.S., Australia, Canada, U.K., Spain, Austria, Denmark",
24513584,Oei L,East Asian,NR,Republic of Korea,
24163127,Figueroa JD,European,NR,"Finland, Sweden, U.S., Italy, Netherlands, Greece, Germany, U.K., Spain, France, Denmark",
24163127,Figueroa JD,NR,NR,U.S.,
24159190,Seppala I,European,NR,"Finland, Germany",
24159190,Seppala I,European,NR,"Finland, Germany",
24159190,Seppala I,European,NR,"Finland, Germany",
24152035,Goodbourn PT,European,NR,U.K.,
24149102,Frampton M,European,NR,"Germany, U.K.",
24149102,Frampton M,European,NR,U.K.,
24149102,Frampton M,NR,NR,U.K.,
24141364,Perez-Andreu V,"African American or Afro-Caribbean, Asian unspecified",NR,U.S.,
24141364,Perez-Andreu V,European,NR,U.S.,
24141364,Perez-Andreu V,African American or Afro-Caribbean,NR,U.S.,
24141364,Perez-Andreu V,Hispanic or Latin American,NR,"U.S., Guatemala",
24141364,Perez-Andreu V,Native American,NR,Guatemala,
24141364,Perez-Andreu V,"African American or Afro-Caribbean, European, Hispanic or Latin American, Asian unspecified",NR,U.S.,
24141364,Perez-Andreu V,European,NR,U.S.,
24141364,Perez-Andreu V,Hispanic or Latin American,NR,U.S.,
24143882,Gelernter J,European,NR,U.S.,
24143882,Gelernter J,African American or Afro-Caribbean,NR,U.S.,
24143882,Gelernter J,European,NR,U.S.,
24143882,Gelernter J,African American or Afro-Caribbean,NR,U.S.,
24143190,Low SK,East Asian,NR,Japan,
24143190,Low SK,East Asian,NR,Japan,
24105470,Wu Y,East Asian,NR,"Republic of Korea, Singapore, China, Philippines",
24105470,Wu Y,East Asian,NR,"U.S., Republic of Korea, China, Japan",
24121790,Levine DM,European,NR,"Sweden, U.S., Australia, Canada, U.K., Republic of Ireland",
24121790,Levine DM,European,NR,U.K.,
24121790,Levine DM,European,NR,"Sweden, U.S., Australia, Canada, U.K., Republic of Ireland",
24121790,Levine DM,European,NR,U.K.,
24121790,Levine DM,European,NR,"Sweden, U.S., Australia, Canada, U.K., Republic of Ireland",
24121790,Levine DM,European,NR,U.K.,
24114350,Zhang M,European,NR,U.S.,
24114350,Zhang M,European,NR,U.S.,
24133439,Jones RM,European,NR,Australia,
24064335,Pei YF,European,NR,NR,
24064335,Pei YF,African American or Afro-Caribbean,NR,U.S.,
24064335,Pei YF,Hispanic or Latin American,NR,NR,
24064335,Pei YF,East Asian,NR,NR,
24064335,Pei YF,European,NR,NR,
24064335,Pei YF,East Asian,NR,NR,
24064335,Pei YF,European,NR,NR,
24064335,Pei YF,African American or Afro-Caribbean,NR,U.S.,
24064335,Pei YF,Hispanic or Latin American,NR,NR,
24064335,Pei YF,East Asian,NR,NR,
24064335,Pei YF,European,NR,NR,
24064335,Pei YF,East Asian,NR,NR,
24216480,Song YQ,East Asian,NR,Japan,
24216480,Song YQ,East Asian,NR,"China, Japan",
24216480,Song YQ,European,NR,Finland,
24101674,Hanson RL,Native American,NR,U.S.,
24101674,Hanson RL,Native American,NR,U.S.,
24101674,Hanson RL,Other,NR,U.S.,
24097066,Li Y,East Asian,NR,China,
24097066,Li Y,East Asian,NR,China,
24097068,Willer CJ,European,NR,"Finland, Sweden, U.S., Italy, Greece, Germany, U.K., Estonia, Norway",
24097068,Willer CJ,European,NR,NR,
24097068,Willer CJ,European,NR,"Finland, Sweden, U.S., Italy, Greece, Germany, U.K., Estonia, Norway",
24097068,Willer CJ,European,NR,NR,
24097068,Willer CJ,European,NR,"Finland, Sweden, U.S., Italy, Greece, Germany, U.K., Estonia, Norway",
24097068,Willer CJ,European,NR,NR,
24097068,Willer CJ,European,NR,NR,
24097068,Willer CJ,European,NR,"Finland, Sweden, U.S., Italy, Greece, Germany, U.K., Estonia, Norway",
24096698,De Vivo I,European,NR,"U.S., Poland",
24096698,De Vivo I,European,NR,"U.S., Italy, Canada",
24096698,De Vivo I,African American or Afro-Caribbean,NR,U.S.,
24096698,De Vivo I,Asian unspecified,NR,U.S.,
24096698,De Vivo I,Hispanic or Latin American,NR,U.S.,
24096698,De Vivo I,Oceanian,NR,U.S.,
24096698,De Vivo I,European,NR,"U.S., Poland",
24096698,De Vivo I,European,NR,"U.S., Australia, Canada, U.K.",
24096698,De Vivo I,African American or Afro-Caribbean,NR,U.S.,
24096698,De Vivo I,"East Asian, Asian unspecified",NR,"U.S., China",
24096698,De Vivo I,Hispanic or Latin American,NR,U.S.,
24096698,De Vivo I,Oceanian,NR,U.S.,
24097068,Willer CJ,European,NR,NR,
24097068,Willer CJ,East Asian,NR,"U.S., China, Philippines",
24097068,Willer CJ,European,NR,NR,
24097068,Willer CJ,African unspecified,NR,"Seychelles, U.S., Jamaica, Uganda",
24094242,Li J,East Asian,NR,China,
24094242,Li J,East Asian,NR,China,
24098343,Polfus LM,European,NR,U.S.,
24098343,Polfus LM,European,NR,U.S.,
24084763,Wang J,European,NR,NR,
24084763,Wang J,European,NR,"Australia, U.K.",
24159609,Choi H,East Asian,NR,Republic of Korea,
24159609,Choi H,East Asian,NR,Republic of Korea,
24132900,Kanazawa T,East Asian,NR,Japan,
24124411,Park TJ,East Asian,NR,Republic of Korea,
24124411,Park TJ,East Asian,NR,Republic of Korea,
24124408,Hong KW,East Asian,NR,Republic of Korea,
24065183,Armour JA,European,NR,U.K.,
24065183,Armour JA,European,NR,U.K.,
24065354,Al-Qahtani A,"Greater Middle Eastern (Middle Eastern, North African or Persian)",NR,Saudi Arabia,
24065354,Al-Qahtani A,"Greater Middle Eastern (Middle Eastern, North African or Persian)",NR,Saudi Arabia,
24086445,Wang Q,East Asian,NR,China,
24068962,O'Seaghdha CM,European,NR,NR,
24068962,O'Seaghdha CM,European,NR,NR,
24047446,Schosser A,European,NR,"U.S., Germany, U.K., Switzerland, Republic of Ireland, Denmark",
24047446,Schosser A,European,NR,"U.S., Germany, U.K., Switzerland, Republic of Ireland, Denmark",
24049095,Chen Z,East Asian,NR,China,
24049095,Chen Z,East Asian,NR,China,
24047826,Kleber ME,European,NR,"Finland, Germany",
24047826,Kleber ME,European,NR,"Germany, Austria",
24049095,Chen Z,East Asian,NR,China,
24049095,Chen Z,East Asian,NR,China,
24057671,Chimusa ER,Other,NR,South Africa,
24057671,Chimusa ER,Sub-Saharan African,NR,"Malawi, Ghana, Gambia",
24057671,Chimusa ER,Other,NR,South Africa,
24047820,St Pourcain B,European,NR,U.K.,
24047820,St Pourcain B,European,NR,Australia,
24046328,Bradley DT,European,NR,"Australia, U.K., New Zealand",
24046328,Bradley DT,European,NR,"Iceland, U.K., Denmark",
24046328,Bradley DT,NR,NR,"Netherlands, New Zealand",
24045676,Pyun JA,East Asian,NR,Republic of Korea,
24043878,Wong EH,East Asian,NR,"China, China, Hong Kong SAR",
24043878,Wong EH,East Asian,NR,"China, China, Hong Kong SAR",
24045676,Pyun JA,East Asian,NR,Republic of Korea,
24058526,Bhatnagar P,African American or Afro-Caribbean,NR,U.S.,
24039173,McGrath LM,European,NR,U.S.,
24037343,Chang ALS,Other,NR,U.S.,
24037343,Chang ALS,Other,NR,U.S.,
24068947,Brandler WM,European,NR,U.K.,
24029427,Sandholm N,European,NR,Finland,
24029427,Sandholm N,NR,NR,U.S.,
24029427,Sandholm N,European,NR,"Italy, U.K.",
24026423,Shameer K,European,NR,U.S.,
24068947,Brandler WM,European,NR,U.K.,
24026423,Shameer K,European,NR,U.S.,
24025145,Chung S,East Asian,NR,Japan,
24025145,Chung S,East Asian,NR,Japan,
24025145,Chung S,East Asian,NR,Japan,
24024963,Eicher JD,European,NR,U.K.,
24024963,Eicher JD,European,NR,NR,
24025145,Chung S,East Asian,NR,Japan,
24025145,Chung S,East Asian,NR,Japan,
24025145,Chung S,East Asian,NR,Japan,
24025145,Chung S,East Asian,NR,Japan,
24023260,Wu Y,Asian unspecified,NR,Philippines,
24023260,Wu Y,Asian unspecified,NR,Philippines,
24023261,Keller M,European,NR,Germany,
24023261,Keller M,European,NR,"Sweden, Germany",
24015780,Wetherill L,European,NR,U.S.,
24015780,Wetherill L,European,NR,U.S.,
24080187,Guffanti G,African American or Afro-Caribbean,NR,U.S.,
24080187,Guffanti G,European,NR,U.S.,
24080187,Guffanti G,Other,NR,U.S.,
24080187,Guffanti G,European,NR,U.S.,
24014518,Kasperaviciute D,European,NR,"Finland, U.S., Belgium, U.K., Switzerland, Austria, Republic of Ireland",
24014518,Kasperaviciute D,European,NR,"U.S., Australia, Italy, Netherlands, Portugal, Germany, U.K., Austria",
24023777,Miyake A,East Asian,NR,Japan,
24023777,Miyake A,East Asian,NR,"China, Japan",
24002674,Ozel AB,European,NR,U.S.,
23999434,Ho JE,NR,NR,NR,
24001895,Kelly TN,East Asian,NR,"Republic of Korea, Singapore, China, Japan",
24001895,Kelly TN,South East Asian,NR,"Singapore, Philippines",
24001895,Kelly TN,East Asian,NR,"China, Japan",
24023788,Ong BA,European,NR,U.S.,
24023788,Ong BA,African American or Afro-Caribbean,NR,U.S.,
24023788,Ong BA,European,NR,U.S.,
24023788,Ong BA,African American or Afro-Caribbean,NR,U.S.,
24023788,Ong BA,European,NR,U.S.,
24023788,Ong BA,African American or Afro-Caribbean,NR,U.S.,
24023788,Ong BA,European,NR,U.S.,
24023788,Ong BA,African American or Afro-Caribbean,NR,U.S.,
23740775,Xie G,European,NR,"U.S., Canada",
23740775,Xie G,European,NR,"U.S., Canada",
23740775,Xie G,European,NR,"U.S., Canada",
23740775,Xie G,European,NR,"U.S., Canada",
23836404,Shulman JM,"NR, European",NR,U.S.,
23836404,Shulman JM,NR,NR,"U.S., Canada",
24009623,Jiang J,European,NR,U.S.,
24009623,Jiang J,African American or Afro-Caribbean,NR,U.S.,
24009623,Jiang J,East Asian,NR,U.S.,
23996088,Migliorini G,European,NR,"Germany, U.K.",
23996088,Migliorini G,European,NR,Germany,
24009623,Jiang J,European,NR,U.S.,
24009623,Jiang J,African American or Afro-Caribbean,NR,U.S.,
24009623,Jiang J,East Asian,NR,U.S.,
23989986,Evangelou E,European,NR,"Iceland, Netherlands, U.K., Estonia",
23989986,Evangelou E,European,NR,"Sweden, U.S., Greece, U.K., Estonia",
23992748,Drake KA,Hispanic or Latin American,NR,"Puerto Rico, U.S.",
23992748,Drake KA,Hispanic or Latin American,"Puerto Rico, Mexico","Puerto Rico, U.S., Mexico",
23982368,Qi L,European,NR,U.S.,
23982368,Qi L,European,NR,"U.S., Italy",
23984888,Himes BE,European,NR,NR,
23984888,Himes BE,European,NR,NR,
23983088,Miller FW,European,NR,"Sweden, U.S., Czech Republic, Netherlands, U.K., Spain, Hungary",
23979607,Lubke GH,NR,NR,Netherlands,
23979607,Lubke GH,NR,NR,Netherlands,
23974872,Ripke S,European,NR,Sweden,
23974872,Ripke S,"NR, European",NR,"Finland, Georgia, Australia, Iceland, The former Yugoslav Republic of Macedonia, Italy, Russian Federation, Germany, U.K., Serbia",
23974872,Ripke S,NR,NR,NR,
23974872,Ripke S,NR,NR,NR,
23974872,Ripke S,European,"U.K., Republic of Ireland","U.K., Republic of Ireland, Denmark",
23974705,Allen EK,European,NR,U.S.,
23974705,Allen EK,European,NR,U.S.,
23974705,Allen EK,"Hispanic or Latin American, Asian unspecified, Native American, Other",NR,U.S.,
23969696,Sabater-Lleal M,European,NR,"Finland, Sweden, U.S., Italy, Netherlands, Germany, U.K., Croatia, France, Republic of Ireland",
23969696,Sabater-Lleal M,African American or Afro-Caribbean,NR,U.S.,
23969696,Sabater-Lleal M,Hispanic or Latin American,NR,U.S.,
23990791,Thun GA,European,NR,Switzerland,
23990791,Thun GA,European,NR,"Switzerland, Denmark",
23989729,Feenstra B,Other,NR,U.S.,
23989729,Feenstra B,European,NR,Denmark,
23989729,Feenstra B,European,NR,"Sweden, Denmark",
23958962,Gelernter J,European,NR,U.S.,
23958962,Gelernter J,African American or Afro-Caribbean,NR,U.S.,
23958962,Gelernter J,European,NR,U.S.,
23958962,Gelernter J,African American or Afro-Caribbean,NR,U.S.,
23972371,Franceschini N,African American or Afro-Caribbean,NR,U.S.,
23972371,Franceschini N,African American or Afro-Caribbean,NR,U.S.,
23972371,Franceschini N,European,NR,NR,
23972371,Franceschini N,East Asian,NR,NR,
23972371,Franceschini N,Sub-Saharan African,NR,"Nigeria, Niger",
23972371,Franceschini N,Sub-Saharan African,NR,"Ghana, South Africa",
23972371,Franceschini N,African unspecified,NR,Seychelles,
23966204,Ledda M,Hispanic or Latin American,NR,Brazil,
23966204,Ledda M,Hispanic or Latin American,NR,Brazil,
23962720,Speed D,"NR, European",NR,"Australia, U.K.",
23955597,Chubb D,European,NR,"Germany, U.K.",
23955597,Chubb D,European,NR,"Germany, U.K.",
23956247,Knevel R,NR,NR,NR,
23956247,Knevel R,European,NR,NR,
23956247,Knevel R,NR,NR,"U.S., Canada",
23966867,Liu CT,African American or Afro-Caribbean,NR,U.S.,
23966867,Liu CT,African American or Afro-Caribbean,NR,U.S.,
23966867,Liu CT,African American or Afro-Caribbean,NR,U.S.,
23966867,Liu CT,African American or Afro-Caribbean,NR,U.S.,
24024966,Teumer A,European,NR,Germany,
23942779,McGue M,European,NR,NR,
23942779,McGue M,European,NR,NR,
23942779,McGue M,European,NR,NR,
23942779,McGue M,European,NR,NR,
23942779,McGue M,European,NR,NR,
24024966,Teumer A,European,NR,Germany,
24024966,Teumer A,European,NR,Germany,
23942779,McGue M,European,NR,NR,
24024966,Teumer A,European,NR,Germany,
23945395,Hara K,East Asian,NR,Japan,
23945395,Hara K,East Asian,NR,NR,
23937595,Al Safar HS,"Greater Middle Eastern (Middle Eastern, North African or Persian)",NR,United Arab Emirates,
23937595,Al Safar HS,"Greater Middle Eastern (Middle Eastern, North African or Persian)",NR,United Arab Emirates,
23953852,Pan Y,European,NR,NR,
23953852,Pan Y,European,NR,Australia,
23967269,Kim JH,East Asian,NR,Republic of Korea,
23967269,Kim JH,East Asian,NR,Republic of Korea,
23967269,Kim JH,East Asian,NR,Republic of Korea,
23934736,Yu B,African American or Afro-Caribbean,NR,U.S.,
23934736,Yu B,African American or Afro-Caribbean,NR,U.S.,
23934736,Yu B,African American or Afro-Caribbean,NR,U.S.,
23933737,Khor CC,East Asian,China,"Singapore, China, Japan",
23933737,Khor CC,East Asian,China,"Singapore, China, Japan",
24144296,Cheng CY,European,NR,NR,
24144296,Cheng CY,Asian unspecified,NR,NR,
23929743,Yadav S,European,NR,"Finland, Sweden, Norway, Denmark",
23929743,Yadav S,European,NR,"U.K., Republic of Ireland",
23918034,Kuhnisch J,European,NR,Germany,
23932459,Yao TC,European,Italy,U.S.,
23936387,Ostensson M,European,NR,"Sweden, Norway",
23903073,Kim HN,East Asian,NR,Republic of Korea,
23903073,Kim HN,East Asian,NR,Republic of Korea,
23910658,McRae JF,European,NR,NR,
23910658,McRae JF,"South East Asian, East Asian",NR,NR,
23921680,Kim DS,East Asian,NR,Republic of Korea,
23910658,McRae JF,European,NR,NR,
23910658,McRae JF,"South East Asian, East Asian",NR,NR,
23910658,McRae JF,European,NR,NR,
23910658,McRae JF,European,NR,NR,
23935956,Pistis G,European,Italy,Italy,
23935956,Pistis G,European,Italy,"U.S., Iceland, Italy, Netherlands, U.K.",
23903356,Hayes MG,Hispanic or Latin American,NR,U.S.,
23903356,Hayes MG,African American or Afro-Caribbean,NR,Barbados,
23903356,Hayes MG,South East Asian,NR,Thailand,
23903356,Hayes MG,European,NR,"Australia, Canada, U.K.",
23903356,Hayes MG,European,NR,"U.S., Australia, Canada, U.K.",
23900074,Pooley KA,NR,NR,NR,
23900074,Pooley KA,European,NR,U.K.,
23897914,Wang H,African American or Afro-Caribbean,NR,U.S.,
23897914,Wang H,"African American or Afro-Caribbean, European, Hispanic or Latin American, Oceanian, Asian unspecified, Other",NR,U.S.,
23897914,Wang H,Hispanic or Latin American,NR,U.S.,
23897914,Wang H,"Oceanian, Asian unspecified",NR,U.S.,
23897914,Wang H,Other,NR,U.S.,
23897914,Wang H,European,NR,U.S.,
23894154,Kohler A,European,NR,Italy,
23894154,Kohler A,European,NR,"Poland, Italy, U.K., Spain",
23935489,McLaren PJ,European,NR,"U.S., Australia, Italy, Netherlands, France, Denmark, Uganda",
23886662,Weidinger S,European,NR,"Germany, U.K., Republic of Ireland",
23886662,Weidinger S,European,NR,"Sweden, Germany, U.K., Republic of Ireland",
23875689,Hong SN,East Asian,NR,Republic of Korea,
23875689,Hong SN,East Asian,NR,Republic of Korea,
23872634,Bezzina CR,European,NR,"Italy, Netherlands, Germany, U.K., France, Denmark",
23872634,Bezzina CR,European,NR,"Italy, Netherlands, Germany, U.K., France, Denmark",
23872634,Bezzina CR,East Asian,NR,Japan,
23870195,Wojczynski MK,African American or Afro-Caribbean,NR,U.S.,
23870195,Wojczynski MK,European,NR,NR,
23871474,Psychosis Endophenotypes International Consortium,European,NR,"Australia, Netherlands, Germany, U.K., Spain",
23871474,Psychosis Endophenotypes International Consortium,NR,NR,NR,
23857890,Power RA,European,NR,"U.S., Poland, Slovenia, Italy, Belgium, Germany, U.K., Croatia, Switzerland, Denmark",
23850713,Yang SK,East Asian,NR,Republic of Korea,
23850713,Yang SK,East Asian,NR,Republic of Korea,
23853074,Meder B,European,NR,Germany,
23853074,Meder B,European,NR,"Italy, Germany, France",
23874384,Viding E,European,NR,U.K.,
23834954,Kobayashi D,NR,NR,NR,
23834954,Kobayashi D,NR,NR,NR,
23838604,Pare G,"African American or Afro-Caribbean, European, Other",NR,U.S.,
23838604,Pare G,"African American or Afro-Caribbean, European, Other",NR,U.S.,
23836780,Blue Mountains Eye Study (BMES),European,NR,Australia,
23836780,Blue Mountains Eye Study (BMES),European,NR,U.K.,
23829686,Ding L,European,NR,U.S.,
23829686,Ding L,African American or Afro-Caribbean,NR,U.S.,
23829686,Ding L,Hispanic or Latin American,NR,U.S.,
23824729,van Meurs JB,European,NR,"U.S., Italy, Netherlands, U.K., Switzerland",
23830517,Saruhan-Direskeneli G,Other,NR,Turkey,
23830517,Saruhan-Direskeneli G,European,NR,U.S.,
23844046,Dorajoo R,East Asian,NR,Singapore,
23844046,Dorajoo R,South Asian,NR,Singapore,
23844046,Dorajoo R,South East Asian,NR,Singapore,
23827383,Cadby G,European,NR,Australia,
23827383,Cadby G,European,NR,Italy,
23749187,Cortes A,European,NR,"U.S., France, Netherlands, Norway, U.K., Spain, NR",
23749187,Cortes A,European,NR,"U.S., France, Netherlands, Norway, U.K., Spain, NR",
23749187,Cortes A,East Asian,NR,"China, Republic of Korea, NR, Taiwan",
23817569,Hinds DA,European,NR,U.K.,
23817571,Bonnelykke K,European,NR,"Finland, U.S., Australia, Netherlands, Germany, U.K.",
23817571,Bonnelykke K,European,NR,"Finland, U.S., Iceland, Germany, Croatia, Denmark",
23817570,Shi Y,East Asian,NR,China,
23817570,Shi Y,East Asian,NR,China,
23793025,Anttila V,European,NR,"Finland, U.S., Iceland, Netherlands, Germany, U.K., Norway",
23793025,Anttila V,European,NR,"Finland, U.S., Australia, Iceland, Netherlands, Germany, U.K., Norway",
23793025,Anttila V,European,NR,"Finland, U.S., Australia, Iceland, Netherlands, Germany, U.K., Norway",
23793025,Anttila V,European,NR,"Finland, U.S., Iceland, Netherlands, Germany, U.K., Norway",
23805179,Hass J,European,NR,U.S.,
23805179,Hass J,European,NR,NR,
23805179,Hass J,NR,NR,U.S.,
23793441,Davis MF,European,NR,U.S.,
23823136,Larsen MH,European,NR,Denmark,
23823136,Larsen MH,European,NR,Denmark,
23776197,Leandro-Garcia LJ,European,NR,"Sweden, Spain",
23770605,Berndt SI,European,NR,"Finland, Sweden, U.S., Australia, Italy, Netherlands, Greece, Canada, Germany, U.K., Spain, New Zealand, France, Norway, Denmark",
23770605,Berndt SI,European,NR,"U.S., U.K.",
23785401,Leone MA,European,NR,Italy,
23785401,Leone MA,European,NR,"Sweden, Belgium, Norway, Denmark",
23776548,Sim X,European,NR,"U.S., Australia, Iceland, Netherlands",
23776548,Sim X,European,NR,"U.S., Australia",
23752247,Loukola A,European,NR,Finland,
23752247,Loukola A,European,NR,"Finland, Australia",
23760081,Kim YJ,East Asian,NR,Republic of Korea,
23760081,Kim YJ,East Asian,NR,Republic of Korea,
23740937,Martin JE,European,NR,"U.S., Netherlands, Germany, Spain",
23740937,Martin JE,European,NR,"Italy, U.K., Spain",
23753411,Turner ST,European,NR,U.S.,
23753411,Turner ST,European,NR,"Finland, Sweden, Italy, Norway",
23749188,Tan DE,East Asian,NR,Singapore,
23749188,Tan DE,East Asian,NR,China,
23743675,Kapoor M,European,NR,U.S.,
23754948,Randall JC,European,NR,U.S.,
23754948,Randall JC,European,NR,U.S.,
23761726,Yazar S,European,NR,Australia,
23755828,Perera MA,African American or Afro-Caribbean,NR,U.S.,
23755828,Perera MA,African American or Afro-Caribbean,NR,U.S.,
23738518,Luciano M,European,NR,"Australia, U.K.",
23738518,Luciano M,European,NR,"Australia, U.K.",
23738518,Luciano M,European,NR,"Australia, U.K.",
23725790,Renteria ME,European,NR,NR,
23725790,Renteria ME,European,NR,NR,
23725790,Renteria ME,European,NR,NR,
23727862,Savage SA,European,NR,"U.S., Australia, Italy, Canada, U.K., Spain",
23727862,Savage SA,European,NR,"U.S., Australia, Brazil, Italy, Canada, Turkey, U.K., Spain",
23732972,Hashimoto R,East Asian,NR,Japan,
23732972,Hashimoto R,NR,NR,NR,
23603763,Liu JZ,European,NR,"Canada, U.S., Belgium, France, Germany, Netherlands, Poland, Finland, Norway, Sweden, U.K., Greece, Italy, Spain, NR",
23603763,Liu JZ,European,NR,"Canada, U.S., Belgium, France, Germany, Netherlands, Poland, Finland, Norway, Sweden, U.K., Greece, Italy, Spain",
23728934,Yang L,East Asian,NR,China,
23728906,Byrne EM,European,NR,Australia,
23728906,Byrne EM,European,NR,"Italy, Netherlands, U.K., Estonia",
23728906,Byrne EM,European,NR,Australia,
23728906,Byrne EM,European,NR,Australia,
23728906,Byrne EM,European,NR,Australia,
23728906,Byrne EM,European,NR,Australia,
23728906,Byrne EM,European,NR,Australia,
23722424,Rietveld CA,European,NR,"Iceland, U.K.",
23722424,Rietveld CA,European,NR,NR,
23722424,Rietveld CA,European,NR,"Iceland, U.K.",
23726668,Hunter AM,European,NR,U.S.,
23726668,Hunter AM,Hispanic or Latin American,NR,U.S.,
23726668,Hunter AM,African American or Afro-Caribbean,NR,U.S.,
23726668,Hunter AM,Asian unspecified,NR,U.S.,
23726668,Hunter AM,Other,NR,U.S.,
23726668,Hunter AM,European,NR,"Poland, Slovenia, Italy, Belgium, Germany, U.K., Croatia, Denmark",
23726668,Hunter AM,"NR, Oceanian, Native American",NR,U.S.,
23720494,Evans DM,European,NR,"Australia, U.K.",
23726366,Coram MA,African American or Afro-Caribbean,NR,U.S.,
23726366,Coram MA,Hispanic or Latin American,NR,U.S.,
23726366,Coram MA,African American or Afro-Caribbean,NR,U.S.,
23726366,Coram MA,African American or Afro-Caribbean,NR,U.S.,
23726366,Coram MA,Hispanic or Latin American,NR,U.S.,
23726366,Coram MA,African American or Afro-Caribbean,NR,U.S.,
23720494,Evans DM,European,NR,Australia,
23720494,Evans DM,European,NR,Australia,
23726366,Coram MA,African American or Afro-Caribbean,NR,U.S.,
23726366,Coram MA,Hispanic or Latin American,NR,U.S.,
23726366,Coram MA,African American or Afro-Caribbean,NR,U.S.,
23726511,Xie P,European,NR,U.S.,
23726511,Xie P,African American or Afro-Caribbean,NR,U.S.,
23726511,Xie P,African American or Afro-Caribbean,NR,U.S.,
23726511,Xie P,European,NR,U.S.,
23726511,Xie P,European,NR,U.S.,
23726511,Xie P,African American or Afro-Caribbean,NR,U.S.,
23708190,Hu Z,East Asian,NR,China,
23708190,Hu Z,East Asian,NR,China,
23719583,Kerns SL,"European, Hispanic or Latin American, African unspecified, Asian unspecified",NR,U.S.,
23719583,Kerns SL,"European, Hispanic or Latin American, African unspecified, Asian unspecified",NR,"U.S., Netherlands, Canada, Spain",
23708191,Cordell HJ,European,NR,"Australia, Belgium, U.K.",
23708191,Cordell HJ,European,NR,"Netherlands, Canada, U.K.",
23704328,Fatemifar G,European,NR,"Finland, U.K.",
23717212,Band G,"Sub-Saharan African, African unspecified",NR,"Malawi, Kenya, Gambia",
23746317,Yamaguchi T,East Asian,NR,"Republic of Korea, Japan",
23704207,Wu X,European,NR,U.S.,
23704207,Wu X,East Asian,NR,China,
23704328,Fatemifar G,European,NR,"Finland, U.K.",
23698163,Gong J,European,NR,NR,
23698163,Gong J,European,NR,NR,
23696099,Ding K,African American or Afro-Caribbean,NR,U.S.,
23696099,Ding K,African American or Afro-Caribbean,NR,U.S.,
23677057,Kim JJ,East Asian,NR,Republic of Korea,
23677057,Kim JJ,East Asian,NR,Republic of Korea,
23668334,Shan J,"Greater Middle Eastern (Middle Eastern, North African or Persian)",NR,Tunisia,
23668334,Shan J,"Greater Middle Eastern (Middle Eastern, North African or Persian)",NR,"Saudi Arabia, Qatar",
23670970,Blackman SM,NR,NR,Canada,
23670970,Blackman SM,NR,NR,Canada,
23666240,Ruark E,European,NR,U.K.,
23666240,Ruark E,European,NR,U.K.,
23666239,Chung CC,European,NR,U.S.,
23666239,Chung CC,European,NR,"U.S., U.K., Norway",
23669352,Graff M,European,NR,NR,
23669352,Graff M,European,NR,NR,
23666238,Kou I,East Asian,NR,NR,
23666238,Kou I,East Asian,NR,"China, Japan",
23666238,Kou I,European,NR,U.S.,
23661040,Liao M,East Asian,NR,China,
23661040,Liao M,East Asian,NR,China,
23665963,Dubinsky MC,European,NR,U.S.,
23665963,Dubinsky MC,European,NR,U.S.,
23658558,Bae HT,European,NR,"U.S., Denmark",
23658558,Bae HT,European,NR,"U.S., Denmark",
23658558,Bae HT,NR,NR,NR,
23658558,Bae HT,European,NR,"U.S., Denmark",
23658558,Bae HT,NR,NR,NR,
23652523,Mayerle J,European,NR,"Netherlands, Germany",
23667675,Tanikawa C,East Asian,NR,Japan,
23644492,Wu C,East Asian,NR,China,
23644492,Wu C,East Asian,NR,China,
23644456,Styrkarsdottir U,European,NR,Iceland,
23650146,Tang W,European,NR,"U.S., Netherlands",
23650146,Tang W,European,NR,"U.S., France",
23648065,Low SK,East Asian,NR,Japan,
23648065,Low SK,East Asian,NR,Japan,
23648065,Low SK,East Asian,NR,Japan,
23648065,Low SK,East Asian,NR,Japan,
23648065,Low SK,East Asian,NR,Japan,
23648065,Low SK,East Asian,NR,Japan,
23648065,Low SK,East Asian,NR,Japan,
23648065,Low SK,East Asian,NR,Japan,
23648065,Low SK,East Asian,NR,Japan,
23648065,Low SK,East Asian,NR,Japan,
23648065,Low SK,East Asian,NR,Japan,
23648065,Low SK,East Asian,NR,Japan,
23648065,Low SK,East Asian,NR,Japan,
23648065,Low SK,East Asian,NR,Japan,
23648065,Low SK,East Asian,NR,Japan,
23648065,Low SK,East Asian,NR,Japan,
23648065,Low SK,East Asian,NR,Japan,
23678272,Cheong KA,East Asian,NR,Republic of Korea,
23678272,Cheong KA,East Asian,NR,Republic of Korea,
23643386,Hatoum IJ,European,NR,U.S.,
23643386,Hatoum IJ,European,NR,NR,
23577725,Naj AC,European,NR,U.S.,
23577725,Naj AC,European,NR,U.S.,
23577725,Naj AC,European,NR,U.S.,
23577725,Naj AC,European,NR,U.S.,
23577725,Naj AC,European,NR,U.S.,
23636237,Tanaka T,European,NR,"U.S., Italy, Netherlands, U.K.",
23636237,Tanaka T,European,NR,"Sweden, U.S.",
23636237,Tanaka T,European,NR,"U.S., Italy, Netherlands, U.K.",
23636237,Tanaka T,European,NR,U.S.,
23633212,Rinella ES,European,NR,U.S.,
23633212,Rinella ES,European,NR,U.S.,
23612905,Zhao SX,East Asian,NR,China,
23612905,Zhao SX,East Asian,NR,China,
23620144,Sulkava S,European,NR,Finland,
23620144,Sulkava S,European,NR,Finland,
23612905,Zhao SX,East Asian,NR,China,
23612905,Zhao SX,East Asian,NR,China,
23624525,Deng M,East Asian,NR,China,
23624525,Deng M,East Asian,NR,China,
23620142,Reiner AP,European,NR,U.S.,
23620142,Reiner AP,European,NR,"U.S., Germany",
23626673,Matullo G,European,NR,Italy,
23626673,Matullo G,European,NR,Australia,
23603761,Hinks A,European,NR,"U.S., Germany, U.K.",
23642732,Cox AJ,European,NR,U.S.,
23562823,Sheu WH,East Asian,NR,China,
23562823,Sheu WH,Hispanic or Latin American,NR,U.S.,
23594818,Ikeda M,East Asian,NR,Japan,
24429156,Noth I,European,NR,U.S.,
24429156,Noth I,European,NR,U.S.,
23594818,Ikeda M,East Asian,NR,Japan,
23599027,Demerath EW,African American or Afro-Caribbean,NR,U.S.,
23599027,Demerath EW,African American or Afro-Caribbean,NR,U.S.,
23599027,Demerath EW,European,NR,NR,
23646285,Khor SS,East Asian,NR,Japan,
23592221,Rahmani M,"Greater Middle Eastern (Middle Eastern, North African or Persian)",Iran (Islamic Republic of),Iran (Islamic Republic of),
23592221,Rahmani M,European,NR,NR,
23592221,Rahmani M,"Greater Middle Eastern (Middle Eastern, North African or Persian)",Iran (Islamic Republic of),Iran (Islamic Republic of),
23583979,den Hoed M,European,NR,NR,
23583979,den Hoed M,South Asian,NR,NR,
23583979,den Hoed M,European,NR,NR,
23583978,Monda KL,African American or Afro-Caribbean,NR,U.S.,
23583978,Monda KL,African American or Afro-Caribbean,NR,"U.S., Barbados",
23583978,Monda KL,Sub-Saharan African,NR,"Nigeria, Niger",
23583978,Monda KL,Sub-Saharan African,NR,"Ghana, Nigeria, Niger",
23583978,Monda KL,European,NR,NR,
23583980,Fingerlin TE,European,NR,U.S.,
23583980,Fingerlin TE,European,NR,"U.S., U.K.",
23585552,Kirin M,European,NR,U.K.,
23585552,Kirin M,European,NR,"Netherlands, U.K., Croatia",
23575436,Go MJ,East Asian,NR,Republic of Korea,
23575436,Go MJ,East Asian,NR,Republic of Korea,
23571587,Reitz C,African American or Afro-Caribbean,NR,U.S.,
23575227,Urbanek M,African American or Afro-Caribbean,NR,NR,
23575227,Urbanek M,European,NR,NR,
23575227,Urbanek M,Hispanic or Latin American,NR,U.S.,
23575227,Urbanek M,South East Asian,NR,NR,
23575227,Urbanek M,European,NR,NR,
23572186,Zheng HF,European,NR,NR,
23572186,Zheng HF,Hispanic or Latin American,NR,U.S.,
23568457,Wade TD,European,NR,Australia,
23568457,Wade TD,European,NR,Australia,
23568457,Wade TD,European,NR,Australia,
23568457,Wade TD,European,NR,Australia,
23563609,Wheeler E,European,NR,U.K.,
23563609,Wheeler E,European,NR,U.K.,
23563607,Berndt SI,European,NR,NR,
23563607,Berndt SI,European,NR,NR,
23563607,Berndt SI,European,NR,NR,
23563607,Berndt SI,European,NR,NR,
23563607,Berndt SI,European,NR,NR,
23563607,Berndt SI,European,NR,NR,
23563607,Berndt SI,European,NR,NR,
23563607,Berndt SI,European,NR,NR,
23562540,Cruchaga C,European,NR,"U.S., Canada",
23593202,Ran S,European,NR,U.S.,
23593202,Ran S,European,NR,U.S.,
23593202,Ran S,East Asian,NR,China,
23593239,van der Loos MJ,European,NR,NR,
23593239,van der Loos MJ,NR,NR,NR,
23565137,Miyashita A,East Asian,NR,NR,
23565137,Miyashita A,East Asian,NR,Republic of Korea,
23565137,Miyashita A,European,NR,NR,
23551011,Zhao L,African American or Afro-Caribbean,NR,Barbados,
23551011,Zhao L,European,NR,"Australia, Canada, U.K.",
23551011,Zhao L,Hispanic or Latin American,NR,U.S.,
23565138,Trzaskowski M,European,NR,U.K.,
23565138,Trzaskowski M,European,NR,U.K.,
23517042,Melen E,European,NR,"Sweden, Australia, Germany, U.K., Switzerland, Austria, France",
23517042,Melen E,NR,NR,"Netherlands, Canada",
23517042,Melen E,Other,NR,Russian Federation,
23511034,Yang SK,East Asian,NR,Republic of Korea,
23511034,Yang SK,East Asian,NR,Republic of Korea,
23555189,Chen Z,European,NR,NR,
23527680,Ebejer JL,NR,NR,NR,
23527680,Ebejer JL,NR,NR,NR,
23527680,Ebejer JL,NR,NR,NR,
23527680,Ebejer JL,NR,NR,NR,
23517042,Melen E,European,NR,"Sweden, Germany, U.K.",
23517042,Melen E,Other,NR,Russian Federation,
23517042,Melen E,NR,NR,"U.S., Netherlands, Canada",
23517042,Melen E,European,NR,"U.S., Germany",
23517042,Melen E,Hispanic or Latin American,"Puerto Rico, Costa Rica","Puerto Rico, U.S., Costa Rica",
23517042,Melen E,NR,NR,Canada,
23548203,Zhang M,European,NR,U.S.,
23548203,Zhang M,European,NR,U.S.,
23548203,Zhang M,European,NR,U.S.,
23535730,Pharoah PD,European,NR,"U.S., Canada, U.K.",
23535730,Pharoah PD,East Asian,NR,"China, Japan",
23535730,Pharoah PD,European,NR,"Finland, U.S., Poland, Australia, Netherlands, Canada, Belgium, Germany, U.K., Belarus, Norway, Denmark",
23535730,Pharoah PD,Asian unspecified,NR,Malaysia,
23535732,Eeles RA,European,NR,"Sweden, Australia, U.K.",
23535732,Eeles RA,European,NR,"Finland, Sweden, U.S., Poland, Bulgaria, Australia, Italy, Netherlands, Portugal, Greece, Germany, U.K., Spain, Denmark",
23535734,Codd V,European,NR,"Finland, Sweden, U.S., Australia, Netherlands, Germany, U.K., Estonia",
23535734,Codd V,European,NR,"Italy, Netherlands, U.K., Estonia",
23535729,Michailidou K,European,NR,"Finland, Sweden, U.S., Australia, Netherlands, Germany, U.K.",
23535729,Michailidou K,European,NR,"Finland, Sweden, U.S., Poland, Australia, Italy, Netherlands, Greece, Canada, Belgium, Germany, U.K., Spain, Belarus, New Zealand, France, Republic of Ireland, Norway, Denmark",
23548203,Zhang M,European,NR,U.S.,
23548203,Zhang M,European,NR,U.S.,
23548203,Zhang M,European,NR,U.S.,
23548203,Zhang M,European,NR,U.S.,
23535733,Garcia-Closas M,European,NR,"Finland, Sweden, U.S., Poland, Australia, Germany, U.K.",
23535733,Garcia-Closas M,European,NR,"Finland, Sweden, U.S., Poland, Australia, Italy, Netherlands, Greece, Canada, Belgium, Germany, U.K., Spain, Belarus, France, Republic of Ireland, Norway, Denmark",
23527680,Ebejer JL,NR,NR,NR,
23527680,Ebejer JL,NR,NR,NR,
23548203,Zhang M,European,NR,U.S.,
23548203,Zhang M,European,NR,U.S.,
23511034,Yang SK,East Asian,NR,Republic of Korea,
23511034,Yang SK,East Asian,NR,Republic of Korea,
23539754,Yamada Y,East Asian,NR,Japan,
23539754,Yamada Y,East Asian,NR,Japan,
23535967,Tin A,European,NR,U.S.,
23534349,Jeff JM,African American or Afro-Caribbean,NR,U.S.,
23555300,Cui J,European,NR,"Sweden, U.S., Netherlands, U.K.",
23535911,Kitamoto T,East Asian,NR,Japan,
23535911,Kitamoto T,East Asian,NR,Japan,
23555300,Cui J,European,NR,"Sweden, U.S., Netherlands, U.K.",
23555300,Cui J,East Asian,NR,Japan,
23555300,Cui J,European,NR,Portugal,
23534349,Jeff JM,African American or Afro-Caribbean,NR,U.S.,
23534349,Jeff JM,African American or Afro-Caribbean,NR,U.S.,
23534349,Jeff JM,African American or Afro-Caribbean,NR,U.S.,
23541324,Li X,European,NR,NR,
23532257,Ma RC,East Asian,NR,"China, China, Hong Kong SAR",
23532257,Ma RC,East Asian,NR,"Republic of Korea, Singapore, China, Japan, China, Hong Kong SAR",
23532257,Ma RC,South Asian,NR,Singapore,
23532257,Ma RC,South East Asian,NR,Singapore,
23532257,Ma RC,European,NR,NR,
23544013,Couch FJ,European,NR,"Sweden, U.S., Poland, Australia, Italy, Netherlands, Canada, Germany, U.K., Spain, France",
23544013,Couch FJ,European,NR,"Finland, Sweden, U.S., Poland, Czech Republic, Israel, Australia, Italy, Russian Federation, Netherlands, Greece, Latvia, Canada, Belgium, South Africa, Germany, U.K., Spain, Austria, Hungary, Lithuania, France, Denmark",
23544013,Couch FJ,European,NR,"Finland, Sweden, U.S., Poland, Czech Republic, Israel, Australia, Italy, Russian Federation, Netherlands, Greece, Latvia, Canada, Belgium, South Africa, Germany, U.K., Spain, Austria, Hungary, Lithuania, France, Denmark",
23544013,Couch FJ,European,NR,"Sweden, U.S., Poland, Australia, Italy, Netherlands, Canada, Germany, U.K., Spain, France",
23535033,Sherva R,European,NR,"U.S., Canada",
23518928,Liu M,European,NR,U.S.,
23518928,Liu M,African unspecified,NR,U.S.,
23518928,Liu M,Asian unspecified,NR,U.S.,
23518928,Liu M,Native American,NR,U.S.,
23509962,Greliche N,European,NR,NR,
23509962,Greliche N,European,NR,NR,
23512250,Xu H,African American or Afro-Caribbean,NR,U.S.,
23512250,Xu H,European,NR,U.S.,
23512250,Xu H,Hispanic or Latin American,NR,U.S.,
23512250,Xu H,European,NR,U.S.,
23512250,Xu H,African American or Afro-Caribbean,NR,U.S.,
23512250,Xu H,Hispanic or Latin American,NR,U.S.,
23508266,Duan QL,Hispanic or Latin American,Costa Rica,Costa Rica,
23508266,Duan QL,European,NR,NR,
23508266,Duan QL,European,NR,U.S.,
23496005,Luca G,European,NR,"Poland, Italy, Netherlands, Germany, Switzerland, Spain, Slovakia, France, Denmark",
23496005,Luca G,European,NR,"Poland, Italy, Netherlands, Germany, Switzerland, Spain, Slovakia, France, Denmark",
23508960,Zhou G,European,NR,NR,
23502781,Germain M,European,NR,France,
23502781,Germain M,NR,NR,U.S.,
23502783,Weinhold N,European,NR,"Germany, U.K.",
23502783,Weinhold N,European,NR,"Germany, U.K.",
23505323,Weissglas-Volkov D,Hispanic or Latin American,NR,Mexico,
23505323,Weissglas-Volkov D,Hispanic or Latin American,NR,Mexico,
23505323,Weissglas-Volkov D,Hispanic or Latin American,NR,Mexico,
23505323,Weissglas-Volkov D,Hispanic or Latin American,NR,Mexico,
23493294,Gao X,Hispanic or Latin American,NR,U.S.,
23493294,Gao X,Hispanic or Latin American,NR,U.S.,
23561647,van Setten J,European,NR,Netherlands,
23482656,Chen D,European,NR,Sweden,
23482656,Chen D,European,NR,Sweden,
23478653,Han JY,NR,NR,NR,
23536807,Scheetz TE,NR,NR,U.S.,
23536807,Scheetz TE,NR,NR,U.S.,
23470693,Zeng Z,European,NR,U.S.,
23470693,Zeng Z,European,NR,U.S.,
23474815,Stambolian D,European,Italy,"U.S., Italy, Netherlands, Germany",
23474815,Stambolian D,European,NR,"U.S., Australia, Netherlands, Canada, U.K., Croatia",
23467860,Pare G,European,NR,NR,
23467860,Pare G,European,NR,NR,
23467860,Pare G,Hispanic or Latin American,NR,NR,
23467860,Pare G,"Greater Middle Eastern (Middle Eastern, North African or Persian)",NR,NR,
23467860,Pare G,African unspecified,NR,NR,
23467860,Pare G,East Asian,NR,NR,
23467860,Pare G,South Asian,NR,NR,
23467860,Pare G,NR,NR,NR,
23467860,Pare G,Asian unspecified,NR,NR,
23472165,Albertsen HM,European,NR,NR,
23472165,Albertsen HM,European,NR,NR,
23472185,Mero IL,European,NR,"Sweden, Norway, Denmark",
23472185,Mero IL,European,NR,"Sweden, Norway, Denmark",
23472185,Mero IL,European,NR,"Sweden, Norway, Denmark",
23463857,Ritchie MD,European,NR,U.S.,
23463857,Ritchie MD,European,NR,NR,
23459443,Avery CL,European,NR,"Finland, U.S., Iceland, Netherlands, U.K., Republic of Ireland",
23471985,Jahanshad N,European,NR,Australia,
23459936,Divaris K,European,NR,U.S.,
23459936,Divaris K,"African American or Afro-Caribbean, European",NR,U.S.,
23455636,Fritsche LG,European,NR,"U.S., Australia, Iceland, U.K., France",
23455636,Fritsche LG,South Asian,NR,India,
23455636,Fritsche LG,East Asian,NR,Japan,
23455636,Fritsche LG,European,NR,"U.S., Greece, Germany, U.K., France",
23455636,Fritsche LG,East Asian,NR,"Republic of Korea, Singapore",
23456168,Hao Y,East Asian,NR,China,
23456168,Hao Y,East Asian,NR,China,
23314186,Crosslin DR,Other,NR,U.S.,
23314186,Crosslin DR,European,NR,U.S.,
23314186,Crosslin DR,"African American or Afro-Caribbean, African unspecified",NR,U.S.,
23455637,Iles MM,European,NR,NR,
23455637,Iles MM,European,NR,"Sweden, U.S., Australia, Iceland, Italy, Netherlands, Spain, Austria",
23456092,Park BL,East Asian,NR,Republic of Korea,
23456092,Park BL,East Asian,NR,Republic of Korea,
23281178,Hong MG,European,NR,Sweden,
23281178,Hong MG,European,NR,Sweden,
23468962,Song C,African American or Afro-Caribbean,NR,U.S.,
23406873,Shi Y,East Asian,NR,"China, China, Hong Kong SAR",
23406873,Shi Y,East Asian,NR,"China, China, Hong Kong SAR",
23533358,Liu Z,European,NR,NR,
23533358,Liu Z,African unspecified,NR,NR,
23449627,Cousminer DL,European,NR,"Finland, Australia, Germany, U.K.",
23453885,Smoller JW,European,NR,NR,
23454411,Lin MT,East Asian,NR,China,
23454411,Lin MT,East Asian,NR,China,
23455491,Zuo L,European,NR,U.S.,
23455491,Zuo L,European,NR,Australia,
23449627,Cousminer DL,European,NR,"Finland, Australia, Germany, U.K.",
23449627,Cousminer DL,European,NR,"Finland, U.S., Netherlands, Germany, U.K., Denmark",
23446634,Chen Z,African American or Afro-Caribbean,NR,U.S.,
23446634,Chen Z,African American or Afro-Caribbean,NR,U.S.,
23446634,Chen Z,European,NR,U.S.,
23446634,Chen Z,East Asian,NR,Japan,
23509613,Kamboh MI,European,NR,NR,
23437003,Paternoster L,European,NR,"Finland, Sweden, U.K.",
23437003,Paternoster L,European,NR,Sweden,
23432519,O'Brien RP,European,NR,Republic of Ireland,
23423446,Hein R,European,NR,Germany,
23423446,Hein R,"European, East Asian",NR,"Finland, Sweden, U.S., China, Germany, U.K., France",
23420232,Duggal P,European,NR,"U.S., Greece, Germany, U.K., Austria, France",
23420232,Duggal P,"African American or Afro-Caribbean, African unspecified",NR,"U.S., Greece, France",
23420232,Duggal P,Other,NR,"U.S., Greece, France",
23420232,Duggal P,European,NR,U.S.,
23420232,Duggal P,African American or Afro-Caribbean,NR,U.S.,
23420232,Duggal P,"Greater Middle Eastern (Middle Eastern, North African or Persian)",NR,Egypt,
23423138,Ludwig KU,European,NR,Germany,
23423138,Ludwig KU,European,NR,"Germany, Austria",
23419831,Ramanan VK,European,NR,"U.S., Canada",
23388002,Thanassoulis G,African American or Afro-Caribbean,NR,U.S.,
23388002,Thanassoulis G,Hispanic or Latin American,NR,U.S.,
23388002,Thanassoulis G,East Asian,NR,U.S.,
23388002,Thanassoulis G,European,NR,Germany,
23388002,Thanassoulis G,European,NR,U.S.,
23388002,Thanassoulis G,African American or Afro-Caribbean,NR,U.S.,
23388002,Thanassoulis G,Hispanic or Latin American,NR,U.S.,
23388002,Thanassoulis G,East Asian,NR,U.S.,
23388002,Thanassoulis G,European,NR,Germany,
23388002,Thanassoulis G,European,NR,"U.S., Iceland",
23417110,Tin A,European,NR,U.S.,
23408455,Wakai K,East Asian,NR,Japan,
23408455,Wakai K,East Asian,NR,Japan,
23406172,Milton JN,NR,NR,NR,
23406172,Milton JN,"African American or Afro-Caribbean, African unspecified",NR,U.K.,
23406172,Milton JN,NR,NR,NR,
23412934,Gourraud PA,European,NR,NR,
23400010,Del-Aguila JL,European,NR,U.S.,
23400010,Del-Aguila JL,African American or Afro-Caribbean,NR,U.S.,
23372042,Lane J,European,NR,"U.S., Italy, Netherlands, Greece, Germany, U.K., Switzerland, Spain",
23396134,Verhoeven VJ,European,NR,"Finland, U.S., Australia, Italy, Netherlands, Germany, U.K., Croatia, Estonia",
23396134,Verhoeven VJ,East Asian,NR,"Singapore, China",
23396134,Verhoeven VJ,South East Asian,NR,Singapore,
23396134,Verhoeven VJ,South Asian,NR,Singapore,
23408906,Porcu E,European,NR,"Finland, U.S., Italy, Netherlands, U.K., Republic of Ireland",
23392654,Lewis JP,European,NR,U.S.,
23392654,Lewis JP,European,NR,"Puerto Rico, U.S.",
23392654,Lewis JP,African American or Afro-Caribbean,NR,"Puerto Rico, U.S.",
23392654,Lewis JP,Other,NR,U.S.,
23392654,Lewis JP,Hispanic or Latin American,NR,"Puerto Rico, U.S.",
23393555,Jensen RA,European,NR,"U.S., Australia, Netherlands",
23381795,Verweij N,European,NR,NR,
23381795,Verweij N,European,NR,NR,
23894747,Aberg KA,European,NR,"Sweden, U.S., Bulgaria, Netherlands, Portugal, Germany, U.K., Republic of Ireland, Norway, Denmark",
23894747,Aberg KA,European,NR,NR,
23894747,Aberg KA,African American or Afro-Caribbean,NR,NR,
23894747,Aberg KA,Asian unspecified,NR,NR,
23378610,Xie W,European,NR,NR,
23378610,Xie W,European,NR,Finland,
23377640,GENDEP Investigators,European,NR,"U.S., Germany",
23382691,Lauc G,European,NR,"Sweden, U.K., Croatia",
23371916,Dai X,East Asian,NR,China,
23371916,Dai X,East Asian,NR,China,
23364394,Lee JY,East Asian,NR,Republic of Korea,
23364394,Lee JY,East Asian,NR,Japan,
23376709,Kerns SL,"European, Hispanic or Latin American, African unspecified, Asian unspecified",NR,U.S.,
23376709,Kerns SL,"European, Hispanic or Latin American, African unspecified, Asian unspecified",NR,U.S.,
23382691,Lauc G,European,NR,Netherlands,
23364009,Yang X,East Asian,NR,China,
23364009,Yang X,East Asian,NR,China,
23372041,Chu AY,European,NR,U.S.,
23372041,Chu AY,European,NR,U.S.,
23386860,Pasquale LR,European,NR,NR,
23358156,Benyamin B,European,NR,"U.S., Netherlands",
23358156,Benyamin B,European,NR,"Australia, U.K.",
23362303,Wu JH,European,NR,"U.S., Italy",
23362303,Wu JH,European,NR,"U.S., Italy",
23362303,Wu JH,European,NR,"U.S., Italy",
23358160,Borglum AD,European,NR,Denmark,
23358160,Borglum AD,European,NR,Denmark,
23358160,Borglum AD,European,NR,Denmark,
23358160,Borglum AD,European,NR,Denmark,
23374588,Martinelli-Boneschi F,European,NR,Italy,
23374588,Martinelli-Boneschi F,European,NR,Italy,
23362303,Wu JH,European,NR,"U.S., Italy",
23382809,Xu C,European,NR,U.S.,
23350875,Fernandez-Rozadilla C,European,Spain,Spain,
23350875,Fernandez-Rozadilla C,European,NR,NR,
23354978,Rinella ES,European,NR,"U.S., Canada",
23354978,Rinella ES,European,NR,U.S.,
23349225,Hwang JY,East Asian,NR,Republic of Korea,
23349225,Hwang JY,East Asian,NR,"Republic of Korea, Japan",
23337944,Haghighi A,European,NR,Canada,
23337944,Haghighi A,European,NR,Canada,
23337848,Posti JP,"African American or Afro-Caribbean, European",NR,U.S.,
23337848,Posti JP,European,NR,Finland,
23349640,Vijai J,NR,NR,"U.S., Israel",
23349640,Vijai J,European,NR,U.S.,
23341777,Dong J,East Asian,NR,China,
23341777,Dong J,East Asian,NR,China,
23328707,Tin A,European,NR,U.S.,
23328707,Tin A,African American or Afro-Caribbean,NR,U.S.,
23319000,Luykx JJ,European,"Netherlands, Belgium, Germany, U.K., France, Denmark",Netherlands,
23319000,Luykx JJ,European,"Netherlands, Belgium, Germany, U.K., France, Denmark",Netherlands,
23322567,Lopes MC,European,NR,"Australia, Netherlands, U.K.",
23319000,Luykx JJ,European,"Netherlands, Belgium, Germany, U.K., France, Denmark",Netherlands,
23319000,Luykx JJ,European,"Netherlands, Belgium, Germany, U.K., France, Denmark",Netherlands,
23319000,Luykx JJ,European,"Netherlands, Belgium, Germany, U.K., France, Denmark",Netherlands,
23319000,Luykx JJ,European,"Netherlands, Belgium, Germany, U.K., France, Denmark",Netherlands,
23319000,Luykx JJ,European,"Netherlands, Belgium, Germany, U.K., France, Denmark",Netherlands,
23319801,Rafiq S,European,NR,U.K.,
23319801,Rafiq S,European,NR,U.K.,
23321320,Urabe Y,East Asian,NR,Japan,
23321320,Urabe Y,East Asian,NR,Japan,
23326517,Holliday EG,European,NR,"U.S., Australia, Iceland, Netherlands",
23326517,Holliday EG,"South Asian, South East Asian",NR,Singapore,
23303382,Hong KW,East Asian,NR,Republic of Korea,
23303382,Hong KW,East Asian,NR,Republic of Korea,
23326512,Greenwood TA,European,NR,U.S.,
23326512,Greenwood TA,European,NR,U.S.,
23326239,Rubicz R,Hispanic or Latin American,NR,U.S.,
23326239,Rubicz R,Hispanic or Latin American,NR,U.S.,
23307926,Perry JR,European,NR,"U.S., Iceland, Netherlands, U.K.",
23307926,Perry JR,European,NR,"Italy, U.K., Switzerland",
23300278,Saxena R,South Asian,India,India,
23300278,Saxena R,South Asian,"India, Sri Lanka, Pakistan, Bangladesh","Singapore, India, U.K., Sri Lanka, Pakistan",
23300278,Saxena R,East Asian,NR,"Republic of Korea, Singapore, China, Philippines, Japan",
23300278,Saxena R,European,NR,NR,
23300138,He M,East Asian,NR,China,
23300138,He M,East Asian,NR,China,
23297363,Cordell HJ,European,NR,"Netherlands, Canada, U.K.",
23297363,Cordell HJ,European,NR,"Australia, Belgium, Germany, U.K.",
23291589,Lu Y,South East Asian,NR,Singapore,
23291589,Lu Y,East Asian,NR,Singapore,
23291589,Lu Y,European,NR,"U.S., Australia, Iceland, Netherlands, Germany, U.K., Croatia",
23291589,Lu Y,South Asian,NR,Singapore,
23291585,Fakiola M,South Asian,NR,India,
23291585,Fakiola M,Hispanic or Latin American,NR,Brazil,
23291585,Fakiola M,South Asian,NR,India,
23291587,Kirino Y,Other,NR,NR,
23291587,Kirino Y,Other,NR,NR,
23291587,Kirino Y,East Asian,NR,NR,
23401653,Guggenheim JA,East Asian,NR,NR,
23401653,Guggenheim JA,South East Asian,NR,NR,
23401653,Guggenheim JA,South Asian,NR,NR,
23401653,Guggenheim JA,European,NR,U.K.,
23703922,Li WD,European,NR,U.S.,
23703922,Li WD,NR,NR,NR,
23290196,Hek K,European,NR,NR,
23290196,Hek K,European,NR,NR,
23279374,Athanasiadis G,European,NR,Spain,
23359319,Jin G,European,NR,NR,
23359319,Jin G,European,NR,Sweden,
23459209,Faraco J,European,NR,"Canada, U.S., Australia, Austria, France, Germany, Netherlands, Switzerland, Argentina, Israel, Turkey, Czech Republic, Poland, Slovakia, Denmark, Finland, Norway, U.K., Italy, Portugal, Spain",
23381943,Williams FM,European,NR,U.K.,
23275298,Fox ER,African American or Afro-Caribbean,NR,U.S.,
23275298,Fox ER,African American or Afro-Caribbean,NR,U.S.,
23275298,Fox ER,European,NR,"U.S., Germany",
23269536,Sun J,East Asian,NR,China,
23269536,Sun J,East Asian,NR,China,
23273568,Yang W,East Asian,NR,"China, China, Hong Kong SAR",
23273568,Yang W,East Asian,NR,China,
23273568,Yang W,South East Asian,NR,Thailand,
23300701,Jiao S,European,NR,"U.S., Australia, Canada, Germany, France",
23300701,Jiao S,European,NR,"U.S., Germany",
23267103,Desch KC,European,NR,"U.S., Republic of Ireland",
23267103,Desch KC,NR,NR,U.S.,
23263486,Kottgen A,European,NR,"Finland, Iceland, Italy, Austria",
23263486,Kottgen A,European,NR,"Italy, Estonia",
23263487,Jia WH,East Asian,NR,"Republic of Korea, China, Japan",
23263487,Jia WH,European,NR,"U.S., Australia, Canada, Germany, France",
23263487,Jia WH,East Asian,NR,"Republic of Korea, China, Japan",
23263486,Kottgen A,European,NR,"Iceland, Austria",
23263486,Kottgen A,European,NR,NR,
23263444,Frazier-Wood AC,European,NR,U.S.,
23263444,Frazier-Wood AC,African American or Afro-Caribbean,NR,U.S.,
23263444,Frazier-Wood AC,European,NR,U.S.,
23263444,Frazier-Wood AC,Hispanic or Latin American,NR,U.S.,
23263444,Frazier-Wood AC,East Asian,NR,U.S.,
23263445,Lawrance-Owen AJ,European,NR,U.K.,
23263445,Lawrance-Owen AJ,NR,NR,NR,
23266558,Yamazaki K,East Asian,NR,Japan,
23266558,Yamazaki K,East Asian,NR,Japan,
23266556,Peters U,East Asian,NR,"Republic of Korea, China, Japan",
23266556,Peters U,European,NR,U.S.,
23266556,Peters U,European,NR,"U.S., Australia, Canada, Germany, France",
23259602,Wang X,European,NR,U.S.,
23284291,Hancock DB,European,NR,"Finland, U.S., Iceland, Netherlands, Germany, U.K., Switzerland",
23263863,Li J,African American or Afro-Caribbean,NR,U.S.,
23263863,Li J,European,NR,U.S.,
23263863,Li J,African American or Afro-Caribbean,NR,U.S.,
23263863,Li J,European,NR,U.S.,
23263863,Li J,African American or Afro-Caribbean,NR,U.S.,
23263863,Li J,European,NR,U.S.,
23263863,Li J,African American or Afro-Caribbean,NR,U.S.,
23263863,Li J,European,NR,U.S.,
23263863,Li J,African American or Afro-Caribbean,NR,U.S.,
23263863,Li J,European,NR,U.S.,
23255317,Wooten EC,European,NR,NR,
23255317,Wooten EC,European,NR,NR,
23247145,Makela KM,European,NR,Finland,
23247145,Makela KM,European,NR,Germany,
23242368,Jiang DK,East Asian,NR,China,
23242368,Jiang DK,East Asian,NR,China,
23247143,Yu B,European,NR,U.S.,
23247143,Yu B,African American or Afro-Caribbean,NR,U.S.,
23237013,Power RA,European,NR,U.K.,
23237013,Power RA,European,NR,"Canada, Germany",
23241943,Clark SL,African American or Afro-Caribbean,NR,U.S.,
23241943,Clark SL,NR,NR,U.S.,
23241943,Clark SL,European,NR,U.S.,
23233662,Ramsey LB,East Asian,NR,NR,
23233662,Ramsey LB,African American or Afro-Caribbean,NR,NR,
23233662,Ramsey LB,Hispanic or Latin American,NR,NR,
23233662,Ramsey LB,Other,NR,NR,
23233662,Ramsey LB,European,NR,NR,
23233662,Ramsey LB,European,NR,U.S.,
23229837,Aragam N,European,NR,Netherlands,
23233654,Umicevic Mirkov M,European,NR,Netherlands,
23233654,Umicevic Mirkov M,European,NR,"U.K., France",
23223146,Le Clerc S,European,NR,France,
23216389,Zuo L,European,NR,U.S.,
23216389,Zuo L,European,NR,Australia,
23216389,Zuo L,African American or Afro-Caribbean,NR,U.S.,
23001997,Hou S,East Asian,NR,China,
23001997,Hou S,East Asian,NR,China,
23213074,Adams LA,European,NR,Australia,
23222517,van der Harst P,European,Italy,"Sweden, U.S., Australia, Italy, Netherlands, Germany, U.K., Switzerland, Estonia, France",
23222517,van der Harst P,South Asian,NR,U.K.,
23222517,van der Harst P,European,NR,"Finland, Iceland, Italy, Netherlands, Germany, U.K., Estonia",
23251661,Comuzzie AG,Hispanic or Latin American,NR,U.S.,
23218918,Sprooten E,NR,NR,NR,
23207651,Davies G,European,NR,U.K.,
23207651,Davies G,European,NR,Sweden,
23218918,Sprooten E,NR,NR,NR,
23181788,Lasky-Su J,European,NR,NR,
23181788,Lasky-Su J,Hispanic or Latin American,Costa Rica,Costa Rica,
23181788,Lasky-Su J,European,NR,U.S.,
23181788,Lasky-Su J,NR,NR,NR,
23209189,Tabassum R,South Asian,NR,India,
23209189,Tabassum R,European,NR,NR,
23209189,Tabassum R,South Asian,NR,India,
23202124,Horikoshi M,European,NR,"Finland, Sweden, U.S., Italy, Greece, Belgium, Germany, U.K., Switzerland, Spain, Austria, Hungary, France, Denmark",
23202124,Horikoshi M,European,NR,"Finland, U.S., Australia, Netherlands, Germany, U.K., Denmark",
23212062,Fanous AH,European,NR,"U.S., Australia",
23143596,Eyre S,European,NR,"Canada, U.S., Netherlands, Sweden, U.K., Spain",
23143596,Eyre S,European,NR,"U.S., Netherlands, Sweden, U.K., Spain",
23143596,Eyre S,European,NR,"Canada, U.S., Netherlands, Sweden, U.K., Spain",
22922229,Cooper JD,European,NR,U.K.,
23143594,Tsoi LC,European,NR,"Canada, U.S., Austria, Germany, Netherlands, Estonia, Finland, Republic of Ireland, Sweden, U.K., Italy, Spain, NR",
22922229,Cooper JD,European,NR,U.K.,
22922229,Cooper JD,European,NR,U.K.,
23207799,Deng FY,European,NR,U.S.,
23207799,Deng FY,European,NR,U.S.,
23207799,Deng FY,East Asian,NR,China,
23204130,Wheeler HE,European,NR,U.S.,
23204130,Wheeler HE,Sub-Saharan African,NR,"Nigeria, Niger",
23204130,Wheeler HE,African American or Afro-Caribbean,NR,U.S.,
23192594,Velez Edwards DR,African American or Afro-Caribbean,NR,U.S.,
23192594,Velez Edwards DR,Hispanic or Latin American,NR,U.S.,
23192594,Velez Edwards DR,African American or Afro-Caribbean,NR,U.S.,
23192594,Velez Edwards DR,Hispanic or Latin American,NR,U.S.,
23192594,Velez Edwards DR,African American or Afro-Caribbean,NR,U.S.,
23192594,Velez Edwards DR,Hispanic or Latin American,NR,U.S.,
23192594,Velez Edwards DR,African American or Afro-Caribbean,NR,U.S.,
23192594,Velez Edwards DR,Hispanic or Latin American,NR,U.S.,
23192594,Velez Edwards DR,African American or Afro-Caribbean,NR,U.S.,
23192594,Velez Edwards DR,Hispanic or Latin American,NR,U.S.,
23192594,Velez Edwards DR,African American or Afro-Caribbean,NR,U.S.,
23192594,Velez Edwards DR,Hispanic or Latin American,NR,U.S.,
23192594,Velez Edwards DR,African American or Afro-Caribbean,NR,U.S.,
23192594,Velez Edwards DR,Hispanic or Latin American,NR,U.S.,
23192594,Velez Edwards DR,African American or Afro-Caribbean,NR,U.S.,
23192594,Velez Edwards DR,Hispanic or Latin American,NR,U.S.,
23192594,Velez Edwards DR,African American or Afro-Caribbean,NR,U.S.,
23192594,Velez Edwards DR,Hispanic or Latin American,NR,U.S.,
23192594,Velez Edwards DR,African American or Afro-Caribbean,NR,U.S.,
23192594,Velez Edwards DR,Hispanic or Latin American,NR,U.S.,
23209447,Tang M,East Asian,China,China,
23209447,Tang M,East Asian,China,China,
23183491,Nishizawa D,East Asian,NR,Japan,
23183491,Nishizawa D,East Asian,NR,Japan,
23184150,Henrion M,European,NR,"U.S., U.K.",
23184150,Henrion M,European,NR,U.S.,
23180869,Wu C,European,NR,U.S.,
23180869,Wu C,East Asian,NR,China,
23183192,Deo R,African American or Afro-Caribbean,NR,U.S.,
23180272,Park BL,East Asian,NR,Republic of Korea,
23180272,Park BL,East Asian,NR,Republic of Korea,
23166209,Smith JG,African American or Afro-Caribbean,NR,U.S.,
23160099,Justice CM,European,NR,U.S.,
23160099,Justice CM,NR,NR,U.S.,
23151678,Takata R,East Asian,NR,Japan,
23150908,Jonsson T,NR,NR,"U.S., Netherlands",
23150908,Jonsson T,European,NR,"Germany, Norway",
23150908,Jonsson T,European,NR,Iceland,
23149450,Otowa T,East Asian,NR,Japan,
23149450,Otowa T,East Asian,NR,Japan,
23143602,Whitcomb DC,European,NR,U.S.,
23143602,Whitcomb DC,European,NR,"U.S., Germany",
23143601,Lan Q,East Asian,NR,"Republic of Korea, Singapore, China, Japan",
23143601,Lan Q,East Asian,NR,"Republic of Korea, Singapore, China, Japan, China, Hong Kong SAR",
23149075,Aslibekyan S,European,NR,U.S.,
23146381,Levin AM,African American or Afro-Caribbean,NR,"U.S., Barbados",
23146381,Levin AM,Hispanic or Latin American,NR,"Puerto Rico, U.S., Mexico",
23146381,Levin AM,European,NR,U.S.,
23146381,Levin AM,African American or Afro-Caribbean,NR,U.S.,
23146381,Levin AM,Hispanic or Latin American,NR,"Puerto Rico, U.S.",
23146381,Levin AM,European,NR,"U.S., Canada",
23137000,Lin HJ,East Asian,NR,China,
23144326,Kim DK,European,NR,NR,
23144319,Lee Y,East Asian,NR,Republic of Korea,
23139255,Butler AM,African American or Afro-Caribbean,NR,U.S.,
23142968,Betcheva ET,European,NR,Bulgaria,
23142968,Betcheva ET,European,NR,Bulgaria,
23818313,Kim HJ,East Asian,NR,Republic of Korea,
23818313,Kim HJ,East Asian,NR,Mongolia,
23114982,Siegert S,European,Germany,Germany,
23114982,Siegert S,European,Germany,Germany,
23118302,Chu AY,European,NR,NR,
23128233,Jostins L,European,NR,"Sweden, U.S., Canada, Belgium, Germany, U.K., Norway",
23128233,Jostins L,European,NR,"Sweden, U.S., Australia, Slovenia, Italy, Netherlands, Canada, Belgium, Germany, U.K., Spain, New Zealand, Lithuania, Norway, Denmark",
23047291,Brown CC,European,NR,NR,
23128233,Jostins L,European,NR,"Sweden, U.S., Australia, Slovenia, Italy, Netherlands, Canada, Belgium, Germany, U.K., Spain, New Zealand, Lithuania, Norway, Denmark",
23128233,Jostins L,European,NR,"Sweden, U.S., Canada, Belgium, Germany, U.K., Norway",
23128233,Jostins L,European,NR,"Sweden, U.S., Australia, Slovenia, Italy, Netherlands, Canada, Belgium, Germany, U.K., Spain, New Zealand, Lithuania, Norway, Denmark",
23128233,Jostins L,European,NR,"Sweden, U.S., Canada, Belgium, Germany, U.K., Norway",
23118302,Chu AY,European,NR,NR,
23118302,Chu AY,European,NR,NR,
23118974,Candille SI,European,"Poland, Italy, Portugal, Republic of Ireland","Poland, Italy, Portugal, Republic of Ireland",
23118974,Candille SI,European,"Poland, Italy, Portugal, Republic of Ireland","Poland, Italy, Portugal, Republic of Ireland",
23118916,Yang M,East Asian,NR,China,
23118916,Yang M,East Asian,NR,China,
23108985,Guo YF,East Asian,NR,China,
23108985,Guo YF,European,NR,U.S.,
23108145,Wang LE,European,NR,U.S.,
23108145,Wang LE,European,NR,U.S.,
23104005,Gudmundsson J,European,NR,Iceland,
23104005,Gudmundsson J,European,NR,"U.S., Netherlands, Romania, U.K., Spain",
23104006,Nyholt DR,European,NR,"Australia, U.K.",
23104006,Nyholt DR,East Asian,NR,Japan,
23104006,Nyholt DR,East Asian,NR,Japan,
23133572,Rye MS,European,NR,Australia,
23133572,Rye MS,"NR, European",NR,NR,
23133572,Rye MS,NR,NR,Australia,
23133572,Rye MS,NR,NR,NR,
23103227,Jin G,East Asian,NR,China,
23103227,Jin G,East Asian,NR,China,
23100282,Hopewell JC,European,NR,U.K.,
23100282,Hopewell JC,NR,NR,U.K.,
23092984,Goes FS,"NR, European",NR,"U.S., U.K.",
23093944,Krumsiek J,European,NR,Germany,
23065704,Amin Al Olama A,European,NR,"Sweden, Australia, U.K.",
23065704,Amin Al Olama A,European,NR,"Finland, Sweden, U.S., Poland, Bulgaria, Australia, Italy, Netherlands, Portugal, Greece, Germany, U.K., Spain, Denmark",
23064961,Shaffer JR,European,NR,NR,
23043469,Menzel S,European,NR,U.K.,
23043469,Menzel S,European,NR,U.K.,
23056639,de Boer RA,European,NR,NR,
23056639,de Boer RA,NR,NR,NR,
23049088,Meng W,European,NR,France,
23042114,Hirota T,East Asian,NR,Japan,
23042114,Hirota T,East Asian,NR,Japan,
23053960,Lee YH,European,NR,NR,
23041938,Lee YJ,East Asian,NR,Republic of Korea,
23041938,Lee YJ,East Asian,NR,Japan,
23041239,Traylor M,European,NR,"U.S., Australia, Iceland, Italy, Canada, Germany, U.K.",
23041239,Traylor M,South Asian,NR,Pakistan,
23041239,Traylor M,European,NR,"Sweden, U.S., Poland, Netherlands, Portugal, Canada, Belgium, Germany, U.K., Spain, Austria, Denmark",
23054467,Postula M,European,NR,Poland,
23031429,Surakka I,European,NR,"Finland, Sweden, Australia, Netherlands, U.K., Denmark",
23031429,Surakka I,European,NR,"Finland, Sweden, Australia, Netherlands, U.K., Denmark",
23031429,Surakka I,European,NR,"Finland, Sweden",
22961000,Liu JZ,European,NR,U.K.,
23023329,Xu J,East Asian,NR,China,
23023329,Xu J,East Asian,NR,China,
23028483,Ramasamy A,European,NR,"Finland, U.S.",
23028483,Ramasamy A,European,NR,"Australia, U.K.",
23021708,Kerns SL,"African American or Afro-Caribbean, South Asian, European, East Asian, Hispanic or Latin American",NR,U.S.,
23021708,Kerns SL,"African American or Afro-Caribbean, South Asian, European, East Asian",NR,U.S.,
23022100,Franceschini N,European,NR,"U.S., Iceland, Italy, Netherlands, Germany, U.K., Croatia, Switzerland",
23022100,Franceschini N,East Asian,NR,Japan,
23022100,Franceschini N,European,NR,"U.S., Iceland, Italy, Netherlands, Germany, U.K., Croatia, Switzerland",
23022100,Franceschini N,East Asian,NR,Japan,
23010768,Meier S,European,Germany,NR,
23010768,Meier S,European,NR,NR,
23049750,Kumasaka N,East Asian,NR,Japan,
23049750,Kumasaka N,East Asian,NR,Japan,
23001564,Mangino M,European,NR,NR,
23001564,Mangino M,NR,NR,NR,
23017229,Voruganti VS,Hispanic or Latin American,NR,NR,
23006423,Niu N,African American or Afro-Caribbean,NR,NR,
23006423,Niu N,European,NR,NR,
23006423,Niu N,East Asian,NR,NR,
23006423,Niu N,African American or Afro-Caribbean,NR,NR,
23006423,Niu N,European,NR,NR,
23006423,Niu N,East Asian,NR,NR,
23007406,Yang JJ,"African American or Afro-Caribbean, South Asian, European, East Asian, Other, Hispanic or Latin American",NR,NR,
23007406,Yang JJ,"African American or Afro-Caribbean, South Asian, European, East Asian, Other, Hispanic or Latin American",NR,NR,
23001122,Orr N,European,NR,"U.S., U.K.",
23001122,Orr N,European,NR,"Finland, Sweden, Israel, Australia, Slovenia, Italy, Netherlands, U.K., Spain, New Zealand, Denmark",
22990015,Arning A,European,NR,Germany,
22997280,Ho JE,European,NR,U.S.,
23028342,Sandholm N,European,"U.K., Republic of Ireland","Finland, U.S., U.K., Republic of Ireland",
23028342,Sandholm N,European,NR,"Sweden, U.S., Italy, Romania, Canada, Belgium, U.K., France, Denmark",
22993228,Williams FM,European,NR,"U.S., Netherlands, U.K.",
23000144,Nakamura M,East Asian,NR,Japan,
23000144,Nakamura M,East Asian,NR,Japan,
22990020,Huang J,European,NR,"Sweden, U.S., Italy, Netherlands, Germany, U.K., France",
22990020,Huang J,European,Germany,"U.S., Netherlands, Germany, France",
22986903,Hansel NN,European,NR,"U.S., Canada",
22986903,Hansel NN,NR,NR,NR,
22986903,Hansel NN,European,NR,U.S.,
22982463,Tang WH,European,NR,U.S.,
22981920,Weissflog L,European,NR,Germany,
23028341,Yang X,East Asian,NR,China,
23028341,Yang X,East Asian,NR,China,
22976474,Siddiq A,European,NR,"Finland, Sweden, U.S., Poland, Australia, Italy, Netherlands, Greece, Germany, U.K., Spain, France, Norway, Denmark",
22976474,Siddiq A,African American or Afro-Caribbean,NR,U.S.,
22976474,Siddiq A,East Asian,NR,U.S.,
22976474,Siddiq A,Hispanic or Latin American,NR,U.S.,
22976474,Siddiq A,European,NR,"Sweden, Australia, Germany, U.K.",
22969067,Mishra A,European,NR,Australia,
23028356,Myouzen K,East Asian,NR,Japan,
23028356,Myouzen K,East Asian,NR,Japan,
23028347,Liu F,European,NR,"Australia, Netherlands, Germany",
23028347,Liu F,European,NR,"Australia, Canada, U.K.",
22982992,Yang J,European,NR,NR,
22982992,Yang J,European,NR,NR,
22960999,Wu C,East Asian,NR,China,
22960999,Wu C,East Asian,NR,China,
22961001,Su Z,European,NR,U.K.,
22961001,Su Z,European,NR,"Sweden, U.S., Australia, U.K., Republic of Ireland",
22960999,Wu C,East Asian,NR,China,
22960999,Wu C,East Asian,NR,China,
22968431,Urban TJ,European,NR,U.S.,
22968431,Urban TJ,European,NR,U.S.,
23225573,Buck D,European,NR,Germany,
23225573,Buck D,European,NR,"Belgium, Germany",
22951594,Elgazzar S,East Asian,NR,Japan,
22951594,Elgazzar S,East Asian,NR,Japan,
22961080,Li H,South East Asian,NR,NR,
22961080,Li H,Asian unspecified,NR,NR,
22961080,Li H,East Asian,NR,China,
22961080,Li H,East Asian,NR,"Singapore, China",
22956598,Peters MJ,European,NR,"Netherlands, U.K.",
22956598,Peters MJ,European,NR,"U.S., Iceland, Netherlands, Germany, U.K.",
22961961,Foroud T,European,NR,"U.S., Australia, New Zealand",
22951725,Tang XF,East Asian,NR,China,
22951725,Tang XF,East Asian,NR,China,
22951595,Hwang JY,East Asian,NR,Republic of Korea,
22951595,Hwang JY,East Asian,NR,Republic of Korea,
22959728,Ahmeti KB,European,NR,"Sweden, U.S., Italy, Netherlands, Belgium, U.K., France, Republic of Ireland",
22959728,Ahmeti KB,European,NR,"U.S., Belgium, France, Netherlands, Republic of Ireland, Sweden, U.K., Italy",
22959728,Ahmeti KB,European,NR,"Sweden, U.S., Italy, Netherlands, Belgium, U.K., France, Republic of Ireland",
22959728,Ahmeti KB,European,NR,"Belgium, France, Netherlands, Republic of Ireland, Sweden, U.K., Italy, U.S.",
22959728,Ahmeti KB,European,NR,"Sweden, U.S., Italy, Netherlands, Belgium, U.K., France, Republic of Ireland",
22949513,EPICURE Consortium,European,NR,"Netherlands, Belgium, Germany, Austria, Denmark",
22949513,EPICURE Consortium,European,NR,"Finland, Sweden, Bulgaria, Australia, Italy, Netherlands, Greece, Turkey, Germany, U.K., Croatia, Spain, France, Bosnia and Herzegovina, Denmark",
22945461,Rahmioglu N,European,NR,NR,
22941191,Diskin SJ,European,NR,U.S.,
22941191,Diskin SJ,African American or Afro-Caribbean,NR,NR,
22941191,Diskin SJ,European,NR,NR,
22941190,Holliday EG,European,NR,Australia,
22941190,Holliday EG,European,Germany,"U.S., Iceland, Netherlands, Germany, U.K.",
22885689,Levinson DF,Other,NR,NR,
22885689,Levinson DF,European,NR,NR,
22885922,Morris AP,European,NR,"U.S., France, Germany, Netherlands, Finland, Iceland, Sweden, U.K., NR",
22885922,Morris AP,European,NR,"France, Germany, Netherlands, Estonia, Finland, Iceland, Norway, Sweden, U.K., Greece, NR",
22885922,Morris AP,South Asian,NR,Pakistan,
22881374,Cummings AC,European,Switzerland,U.S.,
22960237,Han Y,East Asian,NR,China,
22960237,Han Y,European,NR,U.S.,
22935194,Connolly JJ,"African American or Afro-Caribbean, South Asian, European, East Asian",NR,NR,
22935194,Connolly JJ,NR,NR,NR,
22936702,Hofmann S,European,NR,Germany,
22936702,Hofmann S,European,NR,"Sweden, Czech Republic, Germany",
22936694,Jin G,European,NR,NR,
22936669,Julia A,European,Spain,Spain,
22936669,Julia A,European,Spain,Spain,
22952603,Hart AB,Native American,NR,NR,
22952603,Hart AB,European,NR,NR,
22952603,Hart AB,African American or Afro-Caribbean,NR,U.S.,
22952603,Hart AB,Asian unspecified,NR,NR,
22952603,Hart AB,Other,NR,NR,
22952603,Hart AB,NR,NR,NR,
22952603,Hart AB,Hispanic or Latin American,NR,NR,
22939635,Reiner AP,African American or Afro-Caribbean,NR,U.S.,
22939635,Reiner AP,Hispanic or Latin American,NR,U.S.,
22939635,Reiner AP,Hispanic or Latin American,NR,U.S.,
22939635,Reiner AP,European,NR,NR,
22939635,Reiner AP,African American or Afro-Caribbean,NR,U.S.,
22922875,Vithana EN,East Asian,NR,"Singapore, China",
22922875,Vithana EN,South Asian,NR,India,
22922875,Vithana EN,South Asian,NR,India,
22922875,Vithana EN,"Greater Middle Eastern (Middle Eastern, North African or Persian)",NR,Saudi Arabia,
22922875,Vithana EN,European,NR,U.K.,
22922875,Vithana EN,East Asian,NR,"Singapore, China",
22922875,Vithana EN,South East Asian,NR,"Viet Nam, Malaysia",
22923054,Chen F,African American or Afro-Caribbean,NR,U.S.,
22923054,Chen F,African American or Afro-Caribbean,NR,NR,
22925353,Lee HJ,European,NR,U.S.,
22923026,Cheng I,East Asian,NR,Japan,
22923026,Cheng I,European,NR,U.K.,
22923026,Cheng I,East Asian,NR,U.S.,
22923026,Cheng I,Hispanic or Latin American,NR,U.S.,
23067351,Rasmussen-Torvik LJ,African American or Afro-Caribbean,NR,U.S.,
22911880,Boraska V,European,NR,U.K.,
22911880,Boraska V,European,NR,"Finland, Greece",
22915352,Power RA,European,NR,"Poland, Slovenia, Italy, Belgium, Germany, U.K., Croatia, Switzerland, Republic of Ireland, Denmark",
22915352,Power RA,European,NR,Germany,
22907730,Ji Y,European,NR,U.S.,
22907730,Ji Y,European,NR,U.S.,
22907691,Breitfeld J,European,NR,Germany,
22907691,Breitfeld J,European,NR,Germany,
22903471,Hibar DP,European,NR,NR,
22899653,Timofeeva MN,European,NR,"Finland, U.S., Poland, Czech Republic, Iceland, Italy, Russian Federation, Romania, Canada, Germany, U.K., Estonia, Hungary, Slovakia, France, Norway",
22899653,Timofeeva MN,East Asian,NR,China,
22916037,Inouye M,European,NR,Finland,
22895189,Timmann C,Sub-Saharan African,NR,Ghana,
22895189,Timmann C,Sub-Saharan African,NR,"Ghana, Gambia",
22889924,Scharf JM,European,Canada,"U.S., Israel, Canada",
22889924,Scharf JM,Hispanic or Latin American,"Colombia, Costa Rica","Colombia, Costa Rica",
22889921,Stewart SE,European,NR,"U.S., United Arab Emirates, Brazil, Italy, Netherlands, Canada, South Africa, Germany, Costa Rica, France, Mexico",
22889921,Stewart SE,"NR, Hispanic or Latin American",NR,"U.S., United Arab Emirates, Brazil, Italy, Netherlands, Canada, Germany, Costa Rica, France, Mexico",
22885925,Shi Y,East Asian,NR,China,
22885925,Shi Y,East Asian,NR,China,
22886559,Rajaraman P,European,NR,"Finland, Sweden, U.S., Israel, Australia, Denmark",
22886559,Rajaraman P,European,NR,"U.S., Germany, U.K., France",
22890011,Frazier-Wood AC,European,NR,U.S.,
22883433,Irish Schizophrenia Genomics Consortium and the Wellcome Trust Case Control Consortium 2,European,NR,"Sweden, U.S., Bulgaria, Australia, Netherlands, Portugal, Germany, U.K., Switzerland, Republic of Ireland, Norway, Denmark",
22883433,Irish Schizophrenia Genomics Consortium and the Wellcome Trust Case Control Consortium 2,European,"U.K., Republic of Ireland","U.K., Republic of Ireland",
22872573,Hu L,East Asian,NR,China,
22872573,Hu L,East Asian,NR,China,
22872573,Hu L,European,NR,U.S.,
22869035,Logue MW,European,NR,U.S.,
22869035,Logue MW,African American or Afro-Caribbean,NR,U.S.,
22863734,Ludwig KU,European,NR,NR,
22863734,Ludwig KU,East Asian,NR,China,
22863731,Cheung CL,East Asian,NR,China,
22863731,Cheung CL,East Asian,NR,China,
22864923,Yang C,East Asian,NR,China,
22864923,Yang C,East Asian,NR,China,
22843789,Baldwin RM,European,NR,NR,
22843789,Baldwin RM,African American or Afro-Caribbean,NR,NR,
22843789,Baldwin RM,European,NR,NR,
22843499,Boraska V,European,NR,NR,
22837378,Wilk JB,European,NR,"U.S., Switzerland, Norway, U.K.",
22837378,Wilk JB,European,NR,NR,
22837380,Fischer A,European,NR,Germany,
22837380,Fischer A,European,NR,"Sweden, Czech Republic, Germany",
22841784,Patin E,European,NR,"Switzerland, France",
22841784,Patin E,European,NR,"U.S., Australia, Italy, Germany, U.K., France",
22843504,Anney R,"European, Other",NR,NR,
22843504,Anney R,"European, Other",NR,NR,
22843503,Qi Q,European,NR,U.S.,
22843503,Qi Q,European,NR,Italy,
22823124,Verweij KJ,NR,NR,"Australia, U.K.",
22828495,Brown AA,European,NR,NR,
22828495,Brown AA,European,NR,Norway,
22911860,Hernandez DG,European,NR,Finland,
22821403,Ellinghaus D,European,NR,Germany,
22821403,Ellinghaus D,NR,NR,"Netherlands, Belgium, Germany, U.K., Norway",
22814818,Hoehn R,European,NR,Germany,
22814818,Hoehn R,European,NR,Netherlands,
22808956,Lyons PA,European,NR,U.K.,
22808956,Lyons PA,European,NR,"Czech Republic, Italy, Germany, U.K.",
22829776,Coviello AD,European,NR,"Finland, Sweden, U.S., Netherlands, Germany, U.K.",
22829776,Coviello AD,European,NR,"Finland, Sweden, U.S., Italy, Netherlands",
23055271,Gregersen PK,European,NR,"Sweden, Netherlands, U.K., France, Norway",
23055271,Gregersen PK,European,NR,"Sweden, Netherlands, Germany, U.K., Norway",
22797727,Okada Y,East Asian,NR,"Republic of Korea, China, Japan",
22797727,Okada Y,East Asian,NR,Japan,
22797724,Shiraishi K,East Asian,NR,Japan,
22797724,Shiraishi K,East Asian,NR,Japan,
22797727,Okada Y,East Asian,NR,"China, Japan",
22797727,Okada Y,East Asian,NR,Japan,
22797727,Okada Y,"South Asian, South East Asian, East Asian",NR,"Singapore, China, Japan",
22797727,Okada Y,East Asian,NR,"Singapore, Japan",
22797727,Okada Y,"South Asian, South East Asian, East Asian",NR,"Singapore, China, Japan",
22797727,Okada Y,East Asian,NR,"Singapore, Japan",
22788528,Kong M,NR,NR,NR,
22807686,Li S,East Asian,NR,China,
22807686,Li S,East Asian,NR,China,
22791750,Chen G,African American or Afro-Caribbean,NR,U.S.,
22791750,Chen G,African unspecified,NR,NR,
22780124,Lind PA,European,NR,Australia,
22785395,Gaj P,European,NR,Poland,
22773346,Edwards DR,European,Switzerland,U.S.,
22673310,Liao M,East Asian,NR,China,
22673310,Liao M,East Asian,NR,China,
22763476,Zhang D,East Asian,NR,China,
22792071,Zheng HF,European,NR,"Finland, Sweden, U.K.",
22792071,Zheng HF,European,NR,Sweden,
22792082,Himes BE,European,NR,NR,
22792082,Himes BE,European,NR,NR,
22792070,Medina-Gomez C,European,NR,"Sweden, Netherlands, U.K.",
22792070,Medina-Gomez C,European,NR,Netherlands,
22792070,Medina-Gomez C,NR,NR,Netherlands,
22792071,Zheng HF,European,NR,"Sweden, U.S., U.K.",
22792221,Takamoto M,East Asian,NR,Japan,
22792221,Takamoto M,East Asian,NR,Japan,
22760553,Adkins DE,European,NR,NR,
22760553,Adkins DE,African American or Afro-Caribbean,NR,NR,
22760553,Adkins DE,Other,NR,NR,
22763110,Zeggini E,European,NR,U.K.,
22763110,Zeggini E,European,NR,"Iceland, Netherlands, U.K., Estonia",
22764253,Thier S,European,NR,Germany,
22764253,Thier S,European,NR,"Germany, Austria, Denmark",
22699663,Divaris K,European,NR,NR,
22754043,Byrne EM,European,NR,Australia,
22751097,Lu X,East Asian,NR,China,
22751097,Lu X,East Asian,NR,China,
22794196,Lu Y,European,NR,Australia,
22794196,Lu Y,European,NR,Australia,
22747683,Eriksson N,European,NR,NR,
22744181,Hai R,European,NR,U.S.,
22744181,Hai R,East Asian,NR,China,
23505185,Plourde M,Other,NR,NR,
22737229,Nishida N,East Asian,NR,Japan,
22737229,Nishida N,East Asian,NR,"Republic of Korea, Japan",
22726844,Kim JW,East Asian,NR,NR,
22726844,Kim JW,East Asian,NR,NR,
22745674,Hager J,"Greater Middle Eastern (Middle Eastern, North African or Persian)",NR,Lebanon,
22745674,Hager J,"Greater Middle Eastern (Middle Eastern, North African or Persian)",NR,Lebanon,
22705344,Sobrin L,European,NR,U.S.,
22705344,Sobrin L,"NR, European",NR,"U.S., Australia, Netherlands, U.K., France",
22705344,Sobrin L,European,NR,U.S.,
22705344,Sobrin L,"NR, European",NR,"U.S., Australia, Netherlands, U.K., France",
22705344,Sobrin L,European,NR,U.S.,
22701019,Sabater-Lleal M,European,NR,NR,
22701019,Sabater-Lleal M,European,NR,Sweden,
22719876,Kawaguchi T,East Asian,NR,Japan,
22703881,Tang W,European,NR,"Italy, U.K.",
22703881,Tang W,European,NR,France,
22703881,Tang W,European,NR,U.S.,
22703881,Tang W,European,NR,"Italy, U.K.",
22694956,Cipriani V,European,NR,U.K.,
22694956,Cipriani V,European,NR,U.K.,
22704111,Hotaling JM,European,NR,NR,
22700719,Slager SL,European,NR,"U.S., U.K.",
22700719,Slager SL,European,NR,U.K.,
22688191,Bergen SE,"NR, European",NR,Sweden,
22688191,Bergen SE,European,NR,Sweden,
22688191,Bergen SE,European,NR,Sweden,
22692763,Liu CT,European,NR,NR,
22692763,Liu CT,"European, East Asian, Hispanic or Latin American",NR,NR,
22688191,Bergen SE,European,NR,Sweden,
22693232,Zhou J,East Asian,NR,"China, China, Hong Kong SAR",
22693232,Zhou J,East Asian,NR,"China, China, Hong Kong SAR",
22694930,Li X,European,NR,U.S.,
22694930,Li X,NR,NR,NR,
22683712,Freilinger T,NR,NR,"Netherlands, Germany",
22683712,Freilinger T,European,NR,"Finland, Netherlands, Spain, Norway",
22678113,Cox HC,Other,"French Polynesia, U.K.",Norfolk Island,
22678113,Cox HC,European,NR,NR,
22685421,Fan Q,East Asian,NR,Singapore,
22685421,Fan Q,South East Asian,NR,Singapore,
22673963,Lasky-Su J,European,NR,NR,
22673963,Lasky-Su J,Hispanic or Latin American,"Puerto Rico, Costa Rica","Puerto Rico, U.S., Costa Rica",
22683750,Sinner MF,European,NR,"Finland, U.S., Germany",
22683750,Sinner MF,European,NR,"Finland, Italy, Germany",
22672568,Heit JA,"European, Other",NR,U.S.,
22672568,Heit JA,NR,NR,U.S.,
22664479,Han JY,NR,NR,NR,
22664479,Han JY,NR,NR,NR,
22675492,Prescott J,European,NR,"U.S., U.K.",
22675492,Prescott J,European,NR,"U.S., U.K.",
22675492,Prescott J,European,NR,"U.S., U.K.",
22665904,Willis JA,European,NR,NR,
22665904,Willis JA,East Asian,NR,NR,
22665904,Willis JA,South Asian,NR,NR,
22665904,Willis JA,European,NR,NR,
22665904,Willis JA,African American or Afro-Caribbean,NR,NR,
22856363,Ousdal OT,European,NR,Norway,
22856363,Ousdal OT,African American or Afro-Caribbean,NR,U.S.,
22856363,Ousdal OT,European,NR,U.S.,
22856363,Ousdal OT,"South Asian, East Asian",NR,U.S.,
22856363,Ousdal OT,Other,NR,U.S.,
22661486,Ulmer M,European,NR,NR,
22648509,Wang KS,European,NR,U.S.,
22693455,Perry JR,NR,NR,NR,
22693455,Perry JR,NR,NR,NR,
22693459,Li R,European,NR,"Australia, Iceland, Netherlands, Greece, Germany, U.K., Switzerland",
22658931,Pajewski NM,European,NR,U.S.,
22666496,Shiffman D,NR,NR,NR,
22666496,Shiffman D,NR,NR,NR,
22666496,Shiffman D,"African American or Afro-Caribbean, European, Hispanic or Latin American, Oceanian, Asian unspecified, Other",NR,U.S.,
22666496,Shiffman D,"African American or Afro-Caribbean, European, Hispanic or Latin American, Oceanian, Asian unspecified, Other",NR,U.S.,
22658654,Chung SJ,European,NR,U.S.,
22637743,Wei S,European,NR,U.S.,
22634755,Dunlop MG,European,NR,"Finland, Sweden, U.S., Australia, Canada, U.K., Croatia",
22634755,Dunlop MG,European,NR,U.K.,
22634755,Dunlop MG,East Asian,NR,Japan,
22628180,Luciano M,European,NR,"Netherlands, U.K., Croatia",
22628180,Luciano M,European,NR,Australia,
22628157,Levine AJ,European,NR,U.S.,
22633400,Kosova G,European,Italy,U.S.,
22832964,David SP,African American or Afro-Caribbean,NR,U.S.,
22610502,Kennedy RB,European,NR,U.S.,
22610502,Kennedy RB,African American or Afro-Caribbean,NR,U.S.,
22610502,Kennedy RB,European,NR,U.S.,
22610502,Kennedy RB,African American or Afro-Caribbean,NR,U.S.,
22610502,Kennedy RB,European,NR,U.S.,
22610502,Kennedy RB,African American or Afro-Caribbean,NR,U.S.,
22610502,Kennedy RB,European,NR,U.S.,
22610502,Kennedy RB,African American or Afro-Caribbean,NR,U.S.,
22610502,Kennedy RB,European,NR,U.S.,
22610502,Kennedy RB,African American or Afro-Caribbean,NR,U.S.,
22610502,Kennedy RB,European,NR,U.S.,
22610502,Kennedy RB,African American or Afro-Caribbean,NR,U.S.,
22610502,Kennedy RB,European,NR,U.S.,
22610502,Kennedy RB,African American or Afro-Caribbean,NR,U.S.,
22745009,Melville SA,African American or Afro-Caribbean,NR,NR,
22745009,Melville SA,European,NR,NR,
22832960,Service SK,European,NR,"Finland, Australia",
22584459,Sasayama D,East Asian,NR,Japan,
22584459,Sasayama D,East Asian,NR,Japan,
22832961,Kamboh MI,European,NR,U.S.,
22832961,Kamboh MI,European,NR,"U.S., Greece, Canada, Germany",
22832961,Kamboh MI,NR,NR,NR,
22581228,Manning AK,European,NR,"Finland, Sweden, U.S., Australia, Netherlands, Greece, Canada, Germany, U.K., Spain, France",
22581228,Manning AK,European,NR,"Finland, Sweden, U.S., Australia, Iceland, Italy, Netherlands, Germany, U.K., Croatia, Switzerland, Spain, France, Denmark",
22581228,Manning AK,European,NR,"Finland, Sweden, U.S., Australia, Netherlands, Greece, Canada, Germany, U.K., Spain, France",
22581228,Manning AK,European,NR,"Finland, Sweden, U.S., Australia, Iceland, Italy, Netherlands, Germany, U.K., Croatia, Switzerland, France, Denmark",
22581228,Manning AK,European,NR,"Canada, Germany, U.K., Spain, France, Greece, Finland, Sweden, U.S., Australia, Netherlands",
22581228,Manning AK,European,NR,"Sweden, Finland, U.S., Australia, Iceland, Italy, Netherlands, Germany, U.K., Croatia, Switzerland, Spain, France, Denmark",
22581228,Manning AK,European,NR,"Finland, Sweden, U.S., Australia, Netherlands, Greece, Canada, Germany, U.K., Spain, France",
22581228,Manning AK,European,NR,"Finland, Sweden, U.S., Australia, Iceland, Italy, Netherlands, Germany, U.K., Croatia, Switzerland, France, Denmark",
22589738,Fox CS,European,NR,"U.S., Iceland",
22589738,Fox CS,European,NR,"U.S., Iceland",
22589738,Fox CS,European,NR,"U.S., Iceland",
22589738,Fox CS,European,NR,"U.S., Iceland",
22589742,Fox CS,European,NR,U.S.,
22589742,Fox CS,African American or Afro-Caribbean,NR,U.S.,
22589742,Fox CS,Hispanic or Latin American,NR,U.S.,
22589742,Fox CS,East Asian,NR,U.S.,
22566498,Turner ST,European,NR,U.S.,
22566498,Turner ST,African American or Afro-Caribbean,NR,U.S.,
22566634,Benjamin DJ,European,NR,Sweden,
22566634,Benjamin DJ,European,NR,Sweden,
22566634,Benjamin DJ,European,NR,Sweden,
22566634,Benjamin DJ,European,NR,Sweden,
22566634,Benjamin DJ,European,NR,Sweden,
22566498,Turner ST,European,NR,U.S.,
22566498,Turner ST,African American or Afro-Caribbean,NR,U.S.,
22566498,Turner ST,European,NR,U.S.,
22566498,Turner ST,African American or Afro-Caribbean,NR,U.S.,
22566560,Malhotra AK,European,NR,U.S.,
22566560,Malhotra AK,European,NR,"U.S., Germany",
22566560,Malhotra AK,African American or Afro-Caribbean,NR,U.S.,
22566560,Malhotra AK,African American or Afro-Caribbean,NR,U.S.,
22566560,Malhotra AK,NR,NR,U.S.,
22566624,Castano Betancourt MC,European,NR,Netherlands,
22566624,Castano Betancourt MC,European,NR,U.K.,
22566634,Benjamin DJ,European,NR,Sweden,
22561518,Jin Y,European,NR,"U.S., Canada, U.K.",
22561518,Jin Y,European,NR,"U.S., Canada, U.K.",
22569225,Krintel SB,European,NR,Denmark,
22561531,Wan YI,European,NR,"Australia, U.K.",
22561531,Wan YI,European,NR,Australia,
22556244,Kenny EE,Oceanian,Solomon Islands,Solomon Islands,
22554406,Kang SJ,European,NR,U.S.,
22570627,van Koolwijk LM,European,NR,Netherlands,
22570627,van Koolwijk LM,European,NR,"Australia, Canada, U.K.",
22551897,Mahasirimongkol S,South East Asian,NR,Thailand,
22551897,Mahasirimongkol S,East Asian,NR,Japan,
22551897,Mahasirimongkol S,East Asian,NR,NR,
22551897,Mahasirimongkol S,South East Asian,NR,Thailand,
22570697,Matesanz F,European,NR,"U.S., Netherlands, U.K., Switzerland, Spain",
22570697,Matesanz F,European,NR,"Italy, Spain",
22560479,Forno E,Hispanic or Latin American,NR,Costa Rica,
22560479,Forno E,European,NR,"U.S., Canada",
22560479,Forno E,European,NR,Sweden,
22560479,Forno E,NR,NR,U.S.,
22550155,Edelstein LC,European,NR,U.S.,
22550155,Edelstein LC,African American or Afro-Caribbean,NR,U.S.,
22544364,Turnbull C,European,NR,U.S.,
22544364,Turnbull C,European,NR,"U.S., U.K.",
22544366,Ellinor PT,European,NR,"U.S., Iceland, Netherlands, Germany",
22544366,Ellinor PT,European,NR,"Sweden, U.S., Canada",
22605921,Gibson J,European,NR,U.K.,
22605921,Gibson J,European,NR,U.K.,
22558069,Osman W,East Asian,NR,Japan,
22558069,Osman W,East Asian,NR,Japan,
22558097,Milton JN,African American or Afro-Caribbean,NR,U.S.,
22558097,Milton JN,African American or Afro-Caribbean,NR,U.S.,
22538805,Tantisira KG,European,NR,NR,
22538805,Tantisira KG,European,NR,NR,
22570617,Wiggs JL,European,NR,U.S.,
22541561,Zhao H,East Asian,NR,China,
22541561,Zhao H,East Asian,NR,China,
22542470,Ovsyannikova IG,European,NR,U.S.,
22542470,Ovsyannikova IG,African American or Afro-Caribbean,NR,U.S.,
22542470,Ovsyannikova IG,Hispanic or Latin American,NR,U.S.,
22533364,Yashin AI,"NR, European",NR,NR,
22524403,Rice JP,European,NR,U.S.,
22524403,Rice JP,Hispanic or Latin American,NR,U.S.,
22524403,Rice JP,African American or Afro-Caribbean,NR,U.S.,
22524403,Rice JP,NR,NR,NR,
22532574,Stevens KN,European,NR,U.S.,
22532574,Stevens KN,European,NR,"Sweden, U.S., U.K.",
22513714,Shin J,East Asian,NR,Republic of Korea,
22508271,Rasmussen-Torvik LJ,Hispanic or Latin American,NR,U.S.,
22508271,Rasmussen-Torvik LJ,European,NR,U.S.,
22508271,Rasmussen-Torvik LJ,East Asian,NR,U.S.,
22508271,Rasmussen-Torvik LJ,African American or Afro-Caribbean,NR,U.S.,
22494929,Rawal R,European,NR,Germany,
22494929,Rawal R,European,NR,"Germany, Norway",
22504419,Taal HR,European,NR,"Finland, U.S., Australia, Netherlands, Germany, U.K., Denmark",
22504419,Taal HR,European,NR,"Finland, Netherlands, Germany, U.K., Spain, Denmark",
22504417,Stein JL,European,NR,"U.S., Canada",
22504417,Stein JL,"African American or Afro-Caribbean, European",NR,U.S.,
22504417,Stein JL,Hispanic or Latin American,NR,U.S.,
22504417,Stein JL,European,NR,NR,
22504418,Ikram MA,"African American or Afro-Caribbean, European",NR,"U.S., Iceland, Netherlands, Austria",
22504418,Ikram MA,European,NR,Iceland,
22504420,Estrada K,"European, East Asian",NR,"U.S., Australia, New Zealand, France, Germany, Netherlands, China, Iceland, Sweden, U.K.",
22504420,Estrada K,European,NR,"Finland, U.S., Iceland, Netherlands, U.K., Republic of Ireland",
22504421,Bis JC,European,NR,"U.S., Australia, Iceland, Netherlands, Austria",
22504421,Bis JC,European,NR,"Netherlands, France",
22526605,Howson JM,European,NR,U.K.,
22526605,Howson JM,European,NR,NR,
22503698,Bhatnagar R,South Asian,NR,India,
22511988,Jylhava J,NR,NR,NR,
22509378,Burri A,European,NR,U.K.,
22491018,Wang J,"European, Other",NR,NR,
22491018,Wang J,"European, Other",NR,NR,
22484627,Bradfield JP,European,NR,"Finland, U.S., Australia, Netherlands, Germany, U.K., France, Denmark",
22484627,Bradfield JP,European,NR,"Finland, Sweden, U.S., Italy, Netherlands, Greece, Belgium, Germany, U.K., Spain, Austria, Hungary, France",
22493691,Eriksson N,European,NR,NR,
22482804,Ellinghaus D,European,NR,"U.S., Italy, Germany, U.K., Estonia",
22482804,Ellinghaus D,European,Canada,"U.S., Canada, Germany, U.K.",
22492993,Doumatey AP,African American or Afro-Caribbean,NR,U.S.,
22492993,Doumatey AP,Sub-Saharan African,NR,"Ghana, Nigeria, Niger",
22488850,Zuo L,European,NR,U.S.,
22488850,Zuo L,African American or Afro-Caribbean,NR,U.S.,
22472174,Xiao Y,European,NR,U.S.,
22472174,Xiao Y,European,NR,U.S.,
22472876,Sullivan PF,European,NR,"U.S., Australia, Netherlands, Germany, U.K.",
22472876,Sullivan PF,European,NR,"Sweden, U.S., Iceland, Germany, U.K., Switzerland",
22466613,Sun L,European,NR,"Canada, U.S.",
22466613,Sun L,European,NR,France,
22479309,Boraska V,European,NR,"Australia, Italy, Germany, U.K., Croatia, Switzerland",
22479309,Boraska V,European,NR,"Finland, U.S., Greece, Norway",
22479346,Yang HC,European,NR,U.K.,
22479346,Yang HC,East Asian,NR,China,
22479346,Yang HC,East Asian,NR,China,
22455414,Tekola Ayele F,Sub-Saharan African,NR,Ethiopia,
22455414,Tekola Ayele F,Sub-Saharan African,NR,Ethiopia,
22479202,Dastani Z,European,Switzerland,"Finland, U.S., Australia, Italy, Netherlands, Canada, Germany, U.K., Switzerland",
22479202,Dastani Z,European,NR,"U.S., Netherlands, Greece, Germany, Austria",
22479202,Dastani Z,Asian unspecified,NR,Philippines,
22479202,Dastani Z,African American or Afro-Caribbean,NR,U.S.,
22479202,Dastani Z,European,Switzerland,"Finland, U.S., Australia, Italy, Netherlands, Canada, Germany, U.K., Switzerland",
22479191,Pattaro C,European,NR,NR,
22479191,Pattaro C,European,NR,NR,
22456796,Imamura M,East Asian,NR,Japan,
22456796,Imamura M,East Asian,NR,Japan,
22470424,Kwee LC,European,NR,"U.S., U.K.",
22470424,Kwee LC,European,NR,U.S.,
22457343,Martinelli-Boneschi F,European,NR,Italy,
22457343,Martinelli-Boneschi F,European,NR,"Sweden, Australia, Norway, Denmark",
22452962,Kim HC,East Asian,NR,Republic of Korea,
22452962,Kim HC,East Asian,NR,Republic of Korea,
22479419,Liou YJ,East Asian,NR,China,
22479419,Liou YJ,East Asian,NR,China,
22446963,Okada Y,East Asian,NR,Japan,
22446963,Okada Y,East Asian,NR,Japan,
22446961,Lee YC,East Asian,NR,China,
22446961,Lee YC,East Asian,NR,China,
22446962,Onouchi Y,East Asian,NR,Japan,
22446962,Onouchi Y,"NR, East Asian",NR,"U.S., Japan",
22445761,Kurose K,East Asian,NR,Japan,
22419738,Osman W,East Asian,NR,Japan,
22419738,Osman W,East Asian,NR,Japan,
22437316,Sarig O,"Greater Middle Eastern (Middle Eastern, North African or Persian)",NR,Egypt,
22437316,Sarig O,NR,NR,NR,
22437316,Sarig O,NR,NR,NR,
22437316,Sarig O,European,NR,Germany,
22437554,Major JM,European,NR,Finland,
22430674,Lambert JC,European,NR,France,
22430674,Lambert JC,European,NR,"Angola, Germany, U.K., Republic of Ireland",
22426144,Long J,East Asian,NR,China,
22426144,Long J,European,Belgium,"Kazakhstan, U.S., Poland, Australia, Belgium, Germany, U.K., Norway",
22426144,Long J,East Asian,NR,China,
22446040,Wang KS,European,NR,"Finland, U.S.",
22446040,Wang KS,"African American or Afro-Caribbean, European",NR,U.S.,
22424883,Imboden M,European,NR,NR,
22424883,Imboden M,European,NR,"U.S., U.K.",
22438815,Lill CM,"European, Asian unspecified",NR,NR,
22438815,Lill CM,NR,NR,U.S.,
22425255,Lopez LM,European,NR,U.K.,
22419666,Shi M,"European, Asian unspecified, Other",NR,"Republic of Korea, Singapore, China, Philippines",
22419666,Shi M,NR,NR,U.S.,
22419666,Shi M,European,NR,"Norway, Denmark",
22432041,Johnson MP,European,NR,"Australia, New Zealand",
22432041,Johnson MP,European,NR,"Finland, Norway",
22428042,Nakano M,East Asian,NR,Japan,
22428042,Nakano M,East Asian,NR,NR,
22417934,Athanasiu L,European,Norway,Norway,
22423221,Qayyum R,African American or Afro-Caribbean,NR,U.S.,
22399142,Jongjaroenprasert W,South East Asian,NR,Thailand,
22399142,Jongjaroenprasert W,South East Asian,NR,Thailand,
22412388,Kenny EE,European,NR,"U.S., Israel, Canada",
22412388,Kenny EE,European,NR,"U.S., Israel, Canada",
22399527,Kristiansson K,European,NR,Finland,
22403646,Froguel P,European,NR,France,
22403646,Froguel P,European,NR,"Italy, Greece, France",
22391508,Jiang R,"African American or Afro-Caribbean, European, Hispanic or Latin American, Asian unspecified",NR,U.S.,
22387998,Tanikawa C,East Asian,NR,Japan,
22387998,Tanikawa C,East Asian,NR,Japan,
22451204,Pankratz N,European,NR,NR,
22451204,Pankratz N,European,NR,NR,
22379998,McCormack M,European,NR,"U.S., Belgium, U.K., Republic of Ireland",
22396660,Urabe Y,East Asian,NR,Japan,
22396660,Urabe Y,East Asian,NR,Japan,
22613542,Chen XD,European,NR,U.S.,
22613542,Chen XD,European,NR,U.S.,
22613542,Chen XD,East Asian,NR,China,
22449649,Loo SK,European,NR,U.S.,
22377092,Wang KS,European,NR,U.S.,
22377092,Wang KS,European,NR,Australia,
22367438,Tao S,NR,NR,NR,
22367438,Tao S,European,NR,NR,
22367966,Lin X,East Asian,NR,China,
22367966,Lin X,East Asian,NR,China,
22384028,Guo Y,East Asian,NR,"China, China, Hong Kong SAR",
22368281,Deshmukh HA,European,NR,"U.K., Republic of Ireland",
22368281,Deshmukh HA,European,NR,"Netherlands, U.K., Republic of Ireland",
22383897,Long J,East Asian,NR,China,
22383897,Long J,East Asian,NR,"U.S., Republic of Korea, China, Japan",
22362865,Knaapila A,European,NR,Australia,
22362865,Knaapila A,European,NR,U.S.,
22383894,Pierce BL,South Asian,NR,Bangladesh,
22365631,Greenwood TA,European,NR,U.S.,
22497812,Clark PJ,Hispanic or Latin American,NR,NR,
22497812,Clark PJ,European,NR,NR,
22497812,Clark PJ,African American or Afro-Caribbean,NR,NR,
22354554,Thompson SD,European,NR,U.S.,
22354554,Thompson SD,European,NR,"U.S., Germany, U.K.",
22354554,Thompson SD,NR,NR,NR,
22344219,Wen W,East Asian,"U.S., China",NR,
22344219,Wen W,East Asian,NR,"Republic of Korea, Singapore, China, Japan",
22344219,Wen W,South East Asian,NR,Singapore,
22344219,Wen W,"South Asian, South East Asian, East Asian",NR,Singapore,
22344219,Wen W,South East Asian,NR,Singapore,
22344221,Okada Y,East Asian,NR,Japan,
22344221,Okada Y,East Asian,NR,Japan,
22359512,Demirkan A,European,NR,"Sweden, Italy, Netherlands, U.K., Croatia",
22341974,Paternoster L,European,NR,U.K.,
22341974,Paternoster L,European,NR,U.K.,
22343285,Bakken TE,European,NR,Norway,
22343285,Bakken TE,European,NR,"U.S., Canada",
22359512,Demirkan A,European,NR,"Sweden, Italy, Netherlands, U.K., Croatia",
22333899,Wei WH,European,NR,"Italy, U.K., Croatia",
22333899,Wei WH,European,NR,Finland,
22342860,Marjamaa A,European,NR,Finland,
22342860,Marjamaa A,European,NR,U.S.,
22331829,Chasman DI,European,NR,NR,
22327514,Postel-Vinay S,European,NR,"U.S., France",
22327514,Postel-Vinay S,European,NR,"Sweden, Italy, Netherlands, Greece, Germany, U.K., Spain, Austria, France, Norway, Denmark",
22321639,Pyun JA,NR,NR,NR,
22321639,Pyun JA,NR,NR,NR,
22318345,Cha PC,East Asian,NR,Japan,
22318345,Cha PC,East Asian,NR,Japan,
22322875,Kim SJ,East Asian,NR,Republic of Korea,
22310353,Man M,NR,NR,NR,
22319020,Davies RW,European,NR,"U.S., Australia, Canada, U.K.",
22319020,Davies RW,European,NR,"U.S., Canada, Germany",
22310351,Fernandez-Rozadilla C,European,Spain,Spain,
22310351,Fernandez-Rozadilla C,European,NR,Spain,
22306654,Feenstra B,European,"Sweden, Norway, Denmark",Denmark,
22306654,Feenstra B,European,"Sweden, Norway, Denmark",Denmark,
22306650,Thye T,Sub-Saharan African,NR,Ghana,
22306650,Thye T,Sub-Saharan African,NR,"Ghana, Gambia",
22306650,Thye T,NR,NR,Indonesia,
22306650,Thye T,European,NR,Russian Federation,
22306652,Bellenguez C,European,NR,"Germany, U.K.",
22306652,Bellenguez C,European,NR,"Sweden, U.S., Poland, Australia, Iceland, Italy, Belgium, Germany, U.K.",
22293688,Huang J,European,NR,U.K.,
22293688,Huang J,European,NR,U.K.,
22293688,Huang J,European,NR,U.K.,
22420046,Stergiakouli E,European,NR,"U.K., Republic of Ireland",
22420046,Stergiakouli E,European,NR,Iceland,
22420046,Stergiakouli E,NR,NR,U.S.,
22290723,Ryu J,East Asian,NR,Republic of Korea,
22290723,Ryu J,East Asian,NR,Republic of Korea,
22286219,Kettunen J,European,NR,Finland,
22286219,Kettunen J,European,NR,Finland,
22293537,Kiyotani K,East Asian,NR,Japan,
22293537,Kiyotani K,East Asian,NR,Japan,
22286170,Cusanovich DA,European,NR,NR,
22286173,Low SK,East Asian,NR,Japan,
22286173,Low SK,East Asian,NR,Japan,
22286212,Urayama KY,European,NR,"Sweden, Czech Republic, Netherlands, Germany, U.K., Spain, France, Republic of Ireland, Denmark",
22286212,Urayama KY,European,NR,"Czech Republic, Italy, Germany, U.K., Spain, France, Republic of Ireland",
22291604,Okada Y,East Asian,NR,Japan,
22291604,Okada Y,East Asian,NR,Japan,
22291609,Naitza S,European,NR,Italy,
22291609,Naitza S,European,NR,Italy,
22282500,Chien JW,NR,NR,U.S.,
22295056,Christie JD,European,NR,U.S.,
22295056,Christie JD,European,NR,U.S.,
22267200,Gudmundsson J,European,NR,Iceland,
22267200,Gudmundsson J,European,NR,"U.S., Iceland, Netherlands, Spain",
22267201,Stolk L,European,Italy,"U.S., Australia, Iceland, Italy, Netherlands, Germany, U.K., Estonia",
22267201,Stolk L,European,Netherlands,"Finland, Sweden, U.S., Italy, Netherlands, Greece, Germany, U.K., Croatia, Switzerland, Estonia",
22388998,Zhang CK,European,NR,U.S.,
22279548,Sebastiani P,European,NR,U.S.,
22279548,Sebastiani P,European,NR,U.S.,
22279548,Sebastiani P,NR,NR,NR,
22443383,Oudot-Mellakh T,European,NR,France,
22239941,Png E,South East Asian,NR,Indonesia,
22239941,Png E,European,NR,Russian Federation,
22239941,Png E,South East Asian,NR,Indonesia,
22247754,Murray SS,European,NR,U.S.,
22233651,Kwak SH,East Asian,NR,Republic of Korea,
22233651,Kwak SH,East Asian,NR,Republic of Korea,
22229870,Karns R,European,NR,Croatia,
22232737,Shu XO,East Asian,NR,China,
22232737,Shu XO,East Asian,NR,China,
22245343,Meda SA,European,NR,"U.S., Canada",
22228203,Aslibekyan S,European,NR,U.S.,
22219177,Tao S,European,NR,"Sweden, U.S.",
22238593,Palmer ND,African American or Afro-Caribbean,NR,U.S.,
22238593,Palmer ND,African American or Afro-Caribbean,NR,U.S.,
22864933,O'Donnell PH,East Asian,NR,"China, Japan",
22864933,O'Donnell PH,European,NR,U.S.,
22864933,O'Donnell PH,Sub-Saharan African,NR,"Nigeria, Niger",
22864933,O'Donnell PH,African American or Afro-Caribbean,NR,U.S.,
22210626,Mead S,European,NR,"Germany, U.K.",
22210626,Mead S,Oceanian,NR,"Papua New Guinea, Guinea",
22171074,Tan A,East Asian,NR,China,
22171074,Tan A,East Asian,NR,China,
22205395,Tekola Ayele F,Sub-Saharan African,NR,NR,
22205395,Tekola Ayele F,African American or Afro-Caribbean,NR,U.S.,
22205395,Tekola Ayele F,African American or Afro-Caribbean,NR,U.S.,
22205395,Tekola Ayele F,African American or Afro-Caribbean,NR,U.S.,
22216198,Athanasiadis G,European,NR,NR,
22197933,Hu Z,East Asian,NR,China,
22197933,Hu Z,East Asian,NR,China,
22197929,Yu XQ,East Asian,NR,China,
22197929,Yu XQ,East Asian,NR,China,
22197932,Paternoster L,European,NR,"Finland, Sweden, Australia, Netherlands, Germany, U.K., Switzerland, Norway, Denmark",
22197932,Paternoster L,European,NR,"Finland, U.S., Australia, Netherlands, Germany, U.K., Denmark",
22199011,Murabito JM,European,NR,"U.S., Italy, Netherlands, Germany, U.K., Croatia",
22199011,Murabito JM,European,NR,"U.S., Italy, Netherlands, Austria, Denmark",
22205951,Kerner B,European,NR,U.S.,
22188591,Anantharaman R,East Asian,NR,Singapore,
22188591,Anantharaman R,East Asian,NR,Singapore,
22182935,Chen DT,European,NR,"U.S., Germany, U.K.",
22182935,Chen DT,East Asian,NR,China,
22182935,Chen DT,European,France,"Canada, U.K., France",
22180457,Kiyotani K,East Asian,NR,Japan,
22180457,Kiyotani K,East Asian,NR,Japan,
22179738,Lai HM,East Asian,NR,China,
22174390,Rankinen T,European,NR,NR,
21908519,Huffman JE,European,NR,"Sweden, U.K., Croatia",
22170493,Ellinghaus E,European,Canada,"U.S., Canada, Germany",
22170493,Ellinghaus E,European,NR,"U.S., Canada, Germany, Estonia",
22174851,Lingappa JR,"Sub-Saharan African, African unspecified",NR,"Kenya, South Africa, Botswana, Uganda",
22174851,Lingappa JR,"Sub-Saharan African, African unspecified",NR,"Kenya, South Africa, Botswana, Uganda",
22158540,Wu C,East Asian,NR,China,
22158540,Wu C,East Asian,NR,China,
22158537,Cho YS,East Asian,NR,"Republic of Korea, Singapore, China, Japan",
22158537,Cho YS,East Asian,"Republic of Korea, China, Japan","Republic of Korea, China, Japan",
22158537,Cho YS,South East Asian,NR,Singapore,
22158537,Cho YS,Asian unspecified,NR,Philippines,
22156575,Paus T,European,Canada,Canada,
22156575,Paus T,European,NR,U.K.,
22174901,Chan KY,East Asian,NR,"China, China, Hong Kong SAR",
22174901,Chan KY,East Asian,NR,"China, China, Hong Kong SAR",
22144573,O'Donnell CJ,European,NR,"U.S., Iceland, Netherlands",
22144573,O'Donnell CJ,European,NR,U.S.,
22142827,Innocenti F,European,NR,NR,
22138694,Lin Z,East Asian,NR,China,
22138694,Lin Z,East Asian,NR,China,
22140272,Dalgaard MD,European,NR,"Finland, Sweden, Denmark",
22140272,Dalgaard MD,European,NR,NR,
22130093,Nam RK,NR,NR,NR,
22130093,Nam RK,European,NR,NR,
22130093,Nam RK,Asian unspecified,NR,NR,
22130093,Nam RK,African unspecified,NR,NR,
22130093,Nam RK,Other,NR,NR,
21897333,Irvin MR,European,NR,U.S.,
22159054,Logue MW,African American or Afro-Caribbean,NR,U.S.,
22190364,Patsopoulos NA,European,NR,"U.S., Australia, Netherlands, U.K., Switzerland, New Zealand",
22105264,Allen-Brady K,European,NR,U.S.,
22105264,Allen-Brady K,European,NR,Netherlands,
22144915,Fan Q,South East Asian,NR,Singapore,
22144915,Fan Q,East Asian,NR,Singapore,
22144915,Fan Q,East Asian,NR,Singapore,
22144915,Fan Q,South Asian,NR,Singapore,
22137330,Sanchez-Juan P,European,NR,U.K.,
22137330,Sanchez-Juan P,European,NR,"U.K., France",
22139419,Gieger C,European,"Italy, Germany","Finland, U.S., Australia, Italy, Netherlands, Germany, U.K.",
22139419,Gieger C,European,NR,"U.S., Italy, Netherlands, Greece, U.K., France",
22139419,Gieger C,European,"Italy, Germany","Italy, Germany, U.K.",
22139419,Gieger C,European,NR,"U.S., Italy, Netherlands, Greece, U.K.",
22131368,Chen CT,Hispanic or Latin American,NR,U.S.,
22118420,Datta S,South Asian,NR,India,
22126837,LeBlanc M,European,NR,Norway,
22120009,Broderick P,European,NR,"Germany, U.K.",
22120009,Broderick P,European,NR,U.K.,
22116939,Guo Y,East Asian,NR,"China, China, Hong Kong SAR",
22116939,Guo Y,East Asian,NR,"China, China, Hong Kong SAR",
22116950,Schuh-Huerta SM,African American or Afro-Caribbean,NR,U.S.,
22116950,Schuh-Huerta SM,European,NR,U.S.,
22116812,Schrijvers EM,European,NR,Netherlands,
22116812,Schrijvers EM,European,NR,"Netherlands, Germany",
22105620,Papassotiropoulos A,European,NR,Switzerland,
22105620,Papassotiropoulos A,NR,NR,Serbia,
22101970,Kho AN,European,NR,U.S.,
22101970,Kho AN,African American or Afro-Caribbean,NR,U.S.,
22095909,Lange CM,European,NR,Switzerland,
22085899,Chen G,African American or Afro-Caribbean,NR,U.S.,
22086417,Cozen W,European,NR,U.S.,
22086417,Cozen W,European,NR,NR,
22833209,Hu X,European,NR,NR,
22081228,Khor CC,Other,NR,"U.S., Australia, Canada, U.K.",
22081228,Khor CC,European,NR,"U.S., Australia, Netherlands, U.K.",
22081228,Khor CC,European,NR,"U.S., Australia, Canada, U.K.",
22081228,Khor CC,East Asian,NR,"Republic of Korea, China",
22072270,Wang KS,European,NR,NR,
22072270,Wang KS,European,NR,NR,
22076464,Ellinghaus E,European,NR,Germany,
22076464,Ellinghaus E,European,NR,"Italy, Germany, Austria",
22080838,Cho MH,European,NR,Norway,
22080838,Cho MH,NR,NR,NR,
22075249,Tang WH,European,NR,NR,
22075249,Tang WH,European,NR,NR,
22075330,Granada M,European,NR,U.S.,
22075330,Granada M,European,NR,"Germany, U.K.",
22068335,Mitchell GF,European,NR,"U.S., Iceland, Italy, Netherlands",
22068335,Mitchell GF,European,NR,U.K.,
22087292,Sun L,East Asian,NR,China,
22087292,Sun L,European,NR,U.S.,
22065538,Morisaki H,East Asian,NR,Japan,
22057235,Trynka G,European,NR,"Netherlands, Poland, U.K., Italy, Spain",
22057235,Trynka G,South Asian,NR,India,
22064162,Edwards AC,European,NR,U.S.,
22055160,Bown MJ,European,NR,"Australia, U.K.",
22055160,Bown MJ,European,NR,"Australia, Iceland, U.K., Denmark",
22055160,Bown MJ,NR,NR,New Zealand,
22055160,Bown MJ,NR,NR,"Netherlands, New Zealand",
22054870,De Jager PL,European,NR,U.S.,
22054870,De Jager PL,European,NR,U.S.,
22054870,De Jager PL,Other,NR,Canada,
22036096,Ramasamy A,European,NR,"Finland, U.K., Switzerland",
22036096,Ramasamy A,European,NR,"Finland, U.K., Switzerland",
22295569,Karunas AS,Other,NR,Russian Federation,
22295569,Karunas AS,Other,NR,Russian Federation,
22010049,Middelberg RP,European,NR,Australia,
22041458,Clark SL,European,NR,U.S.,
22041458,Clark SL,African American or Afro-Caribbean,NR,U.S.,
22051697,Du R,European,NR,NR,
22051697,Du R,Hispanic or Latin American,Costa Rica,Costa Rica,
22044751,Foster MC,European,NR,NR,
22037551,Shi Y,East Asian,NR,China,
22037551,Shi Y,East Asian,NR,China,
22037553,Haiman CA,African American or Afro-Caribbean,NR,U.S.,
22037553,Haiman CA,European,NR,"Finland, Sweden, U.S., Australia, Netherlands, Greece, Germany, U.K., Republic of Ireland",
22037553,Haiman CA,European,NR,"U.S., Australia, U.K.",
22037552,Yue WH,East Asian,NR,China,
22037552,Yue WH,East Asian,NR,China,
22037903,Crosslin DR,European,NR,U.S.,
22037903,Crosslin DR,African unspecified,NR,U.S.,
22037555,Shi Y,East Asian,NR,China,
22037555,Shi Y,East Asian,NR,China,
22032556,Brockschmidt FF,European,NR,NR,
22032556,Brockschmidt FF,European,NR,NR,
22027810,Forstbauer LM,European,NR,"Netherlands, Belgium, Germany",
22027810,Forstbauer LM,European,NR,"Netherlands, Belgium, Germany",
22030708,Menke A,European,Germany,Germany,
22030708,Menke A,European,Germany,Germany,
22029572,Simonson MA,Other,NR,U.S.,
22019778,Zhang F,East Asian,NR,China,
22019778,Zhang F,East Asian,NR,China,
22019779,Takahashi Y,East Asian,NR,Japan,
22019779,Takahashi Y,East Asian,NR,NR,
22021425,Carty CL,African American or Afro-Caribbean,NR,U.S.,
22021425,Carty CL,African American or Afro-Caribbean,NR,"U.S., Nigeria, Niger",
22020760,Won HH,NR,NR,NR,
22020760,Won HH,NR,NR,NR,
22028671,Surakka I,European,NR,"Finland, Sweden, Australia, Italy, Netherlands, Germany, U.K., Croatia, Denmark",
22028671,Surakka I,European,NR,"Finland, Germany, U.K., Switzerland, Estonia",
22028671,Surakka I,Other,NR,Netherlands,
22013104,Melka MG,European,Canada,Canada,
22012869,Hinney A,European,NR,Germany,
22012869,Hinney A,European,NR,Germany,
22010048,Wu X,European,NR,U.S.,
22010048,Wu X,European,NR,U.S.,
22833195,Terracciano A,NR,NR,Netherlands,
22833195,Terracciano A,European,NR,"Australia, U.S., Germany, Estonia, Italy",
22833195,Terracciano A,European,NR,"Estonia, Finland",
22005931,Kamboh MI,NR,NR,NR,
22005931,Kamboh MI,European,NR,U.S.,
21989058,Qin Y,East Asian,NR,China,
21989058,Qin Y,East Asian,NR,China,
22004471,Frank J,European,NR,Germany,
22005930,Hollingworth P,African American or Afro-Caribbean,NR,U.S.,
22005930,Hollingworth P,Native American,NR,U.S.,
22005930,Hollingworth P,European,NR,U.S.,
22005930,Hollingworth P,African American or Afro-Caribbean,NR,U.S.,
22005930,Hollingworth P,Native American,NR,U.S.,
22005930,Hollingworth P,European,NR,U.S.,
22006218,Yoon D,East Asian,NR,Republic of Korea,
22006218,Yoon D,European,NR,U.S.,
22006218,Yoon D,African American or Afro-Caribbean,NR,U.S.,
22004975,Li R,East Asian,NR,"China, China, Hong Kong SAR",
22004975,Li R,East Asian,NR,"China, China, Hong Kong SAR",
22004975,Li R,South East Asian,NR,Thailand,
22001757,Chambers JC,European,NR,"Finland, U.S., Australia, Iceland, Italy, Netherlands, Germany, U.K., Switzerland",
22001757,Chambers JC,South Asian,India,U.K.,
22001757,Chambers JC,European,NR,"Finland, U.S., Australia, Iceland, Italy, Netherlands, Germany, U.K., Switzerland",
22001757,Chambers JC,South Asian,India,U.K.,
22001756,Khor CC,South East Asian,NR,Viet Nam,
22001756,Khor CC,South East Asian,NR,Viet Nam,
22003152,Grallert H,European,NR,"U.S., Germany",
22003152,Grallert H,NR,NR,Netherlands,
22003120,Burdon KP,European,NR,"U.S., Australia",
22003120,Burdon KP,European,NR,"U.S., Australia, U.K.",
21993531,Kuparinen T,European,NR,Finland,
21996601,Das K,European,NR,U.S.,
21990027,Drago A,"European, Other",NR,NR,
21983785,Macgregor S,European,NR,Australia,
21983785,Macgregor S,European,NR,"U.S., Israel",
21983786,Sulem P,European,NR,Iceland,
21983786,Sulem P,European,NR,Iceland,
21983787,Barrett JH,European,NR,"U.S., Australia, Netherlands, U.K.",
21983787,Barrett JH,European,NR,"Sweden, U.S., Poland, Israel, Australia, Italy, Netherlands, U.K., Spain, France, Norway",
21981779,Denny JC,European,NR,U.S.,
21981779,Denny JC,European,NR,U.S.,
21977987,Trompet S,European,NR,"Netherlands, U.K.",
21977987,Trompet S,NR,NR,NR,
21979947,Li X,European,NR,U.S.,
21979947,Li X,European,NR,U.S.,
21998597,Ohlsson C,European,NR,"Sweden, U.S., Italy, Netherlands, Germany",
21998597,Ohlsson C,European,NR,"Sweden, Poland, Italy, Belgium, U.K., Spain, Estonia, Hungary",
21998595,N'Diaye A,"African American or Afro-Caribbean, African unspecified",NR,"U.S., Nigeria, Niger",
21998595,N'Diaye A,African American or Afro-Caribbean,NR,U.S.,
21971053,Takeuchi F,East Asian,NR,Japan,
21971053,Takeuchi F,East Asian,NR,Japan,
21961650,Squassina A,European,Italy,Italy,
21961650,Squassina A,European,Italy,Italy,
21964575,Rafnar T,European,NR,Iceland,
22004137,Liu L,East Asian,NR,China,
21980348,Fox AA,European,NR,U.S.,
21980348,Fox AA,European,NR,U.S.,
21980299,Bradfield JP,European,NR,U.S.,
21980299,Bradfield JP,European,NR,Canada,
21956439,Zuo L,European,NR,U.S.,
21956439,Zuo L,African American or Afro-Caribbean,NR,U.S.,
21980494,Germain M,European,NR,France,
21991891,Tantisira KG,European,NR,NR,
21991891,Tantisira KG,European,NR,NR,
21946350,Soler Artigas M,European,NR,"Finland, U.S., Australia, Iceland, Netherlands, Germany, U.K., Croatia",
21946350,Soler Artigas M,European,NR,"U.S., Netherlands, U.K., Croatia, Switzerland",
21946351,Stacey SN,European,NR,Iceland,
21946351,Stacey SN,"European, Other",NR,"Sweden, U.S., Iceland, Romania, Spain, Hungary, Slovakia, Denmark",
21946350,Soler Artigas M,European,NR,"Finland, U.S., Australia, Iceland, Netherlands, Germany, U.K., Croatia",
21946350,Soler Artigas M,European,NR,"U.S., Netherlands, U.K., Croatia, Switzerland",
21947420,Lei SF,European,NR,U.S.,
21947420,Lei SF,East Asian,NR,China,
21943158,Middelberg RP,European,NR,Australia,
21940970,Meschia JF,NR,NR,"U.S., Canada",
21926416,Amos CI,European,NR,U.S.,
21926416,Amos CI,"European, Greater Middle Eastern (Middle Eastern, North African or Persian)",NR,"U.S., Israel, Australia, France",
21957438,Meschia JF,European,NR,"U.S., Canada, U.K.",
21940522,Shaffer JR,European,NR,U.S.,
21940522,Shaffer JR,European,NR,Denmark,
21926972,Sklar P,European,NR,"U.S., Canada, Germany, U.K., Norway",
21926972,Sklar P,European,NR,"Sweden, U.S., Australia, Iceland, Germany, France",
21926974,Ripke S,European,NR,"Sweden, U.S., Bulgaria, Australia, Netherlands, Portugal, Germany, U.K., Republic of Ireland, Norway, Denmark",
21926974,Ripke S,European,NR,"Finland, Sweden, U.S., Australia, Iceland, Italy, Russian Federation, Belgium, Germany, U.K., Hungary, Republic of Ireland, Denmark",
21935397,Paternoster L,European,NR,Denmark,
21935397,Paternoster L,European,NR,"Poland, Czech Republic, Russian Federation, Romania, U.K., Hungary, Slovakia, Denmark",
21912425,Tohkin M,East Asian,NR,Japan,
21909109,Kim YJ,East Asian,NR,Republic of Korea,
21909109,Kim YJ,East Asian,NR,"Republic of Korea, China",
21909115,Ehret GB,European,NR,"Finland, Sweden, U.S., Poland, Australia, Italy, Netherlands, Belgium, U.K., Croatia, Estonia, Norway",
21909115,Ehret GB,European,NR,"Finland, Sweden, U.S., Iceland, Italy, Netherlands, Germany, U.K., Croatia, Switzerland, France",
21909107,LeMaire SA,European,NR,U.S.,
21909107,LeMaire SA,European,NR,U.S.,
21909109,Kim YJ,East Asian,NR,Republic of Korea,
21909109,Kim YJ,East Asian,NR,"Republic of Korea, China",
21909108,Bis JC,European,"U.S., Italy","U.S., Iceland, Italy, Netherlands, Germany",
21909108,Bis JC,NR,NR,"Germany, Austria",
21909108,Bis JC,Other,NR,U.K.,
21909106,Arakawa S,East Asian,NR,Japan,
21909106,Arakawa S,East Asian,NR,Japan,
21909109,Kim YJ,East Asian,NR,Republic of Korea,
21909109,Kim YJ,East Asian,NR,"Republic of Korea, China",
21909115,Ehret GB,European,NR,"Finland, Sweden, U.S., Australia, Italy, Netherlands, Belgium, U.K., Croatia, Estonia, Norway",
21909115,Ehret GB,European,NR,"Finland, Sweden, U.S., Iceland, Italy, Netherlands, Germany, U.K., Croatia, Switzerland, France",
21909115,Ehret GB,European,NR,"Finland, Sweden, U.S., Australia, Italy, Netherlands, Belgium, U.K., Croatia, Estonia, Norway",
21909115,Ehret GB,European,NR,"Finland, Sweden, U.S., Iceland, Italy, Netherlands, Germany, U.K., Croatia, Switzerland, France",
21909110,Wain LV,European,NR,"Finland, Sweden, U.S., Australia, Iceland, Italy, Netherlands, Germany, U.K., Croatia, Switzerland, Spain, Estonia, Austria, France",
21909110,Wain LV,European,NR,"Finland, U.S., Italy, Netherlands, Germany, U.K., Croatia, Estonia, Republic of Ireland",
21909109,Kim YJ,East Asian,NR,"Republic of Korea, China",
21909109,Kim YJ,East Asian,NR,Republic of Korea,
21909110,Wain LV,European,NR,"Finland, U.S., Italy, Netherlands, Germany, U.K., Croatia, Estonia, Republic of Ireland",
21909110,Wain LV,European,NR,"Finland, Sweden, U.S., Iceland, Italy, Netherlands, Germany, U.K., Croatia, Switzerland, Spain, Estonia, Austria, France",
21896673,Chen D,European,NR,"Poland, Czech Republic, Russian Federation, Romania, Hungary, Slovakia",
21896673,Chen D,Hispanic or Latin American,NR,"Argentina, Cuba, Brazil",
21907864,Ferreira MA,European,NR,Australia,
21907864,Ferreira MA,European,NR,"Finland, U.S., Australia, Netherlands",
21912186,Smith AK,European,NR,NR,
21908515,Cai Q,East Asian,NR,China,
21908515,Cai Q,East Asian,NR,"U.S., Republic of Korea, China, Japan",
21931568,Geller F,European,NR,Denmark,
21931568,Geller F,European,NR,Denmark,
21931568,Geller F,NR,NR,U.S.,
21900944,Shen H,European,NR,U.S.,
21900946,Nakabayashi K,East Asian,NR,NR,
21900946,Nakabayashi K,East Asian,NR,NR,
21931564,Nicholson G,European,NR,U.K.,
21931564,Nicholson G,European,NR,U.K.,
21900290,Qi Q,European,NR,NR,
21886157,Suhre K,European,NR,"Germany, U.K.",
21876539,Amin N,European,NR,"Netherlands, Germany, U.K.",
21876539,Amin N,European,NR,Netherlands,
21878437,Mondul AM,European,NR,Italy,
21878437,Mondul AM,European,NR,Finland,
21878437,Mondul AM,NR,NR,U.S.,
21878436,Sampietro ML,European,NR,Netherlands,
21878436,Sampietro ML,European,NR,"U.S., Germany",
21874001,Kooner JS,South Asian,"India, Sri Lanka, Pakistan, Bangladesh","Singapore, U.K., Pakistan",
21874001,Kooner JS,South Asian,Pakistan,"Singapore, India, U.K., Sri Lanka, Mauritius, Pakistan",
21876473,Lydall GJ,European,NR,U.K.,
21873549,Strawbridge RJ,European,NR,"Finland, Sweden, U.S., Italy, Germany, U.K.",
21873549,Strawbridge RJ,European,NR,"Finland, Sweden, Greece, U.K., Spain",
21866343,Ahn MJ,East Asian,NR,Republic of Korea,
21866343,Ahn MJ,East Asian,NR,Republic of Korea,
21871595,Day-Williams AG,European,NR,U.K.,
21871595,Day-Williams AG,European,NR,"Iceland, Netherlands, U.K., Estonia",
21901158,Irvin MR,African American or Afro-Caribbean,NR,U.S.,
21862451,Benyamin B,European,NR,NR,
21862451,Benyamin B,European,NR,Australia,
21886828,Wei W,European,NR,Italy,
21886828,Wei W,European,NR,"U.K., Croatia",
21876681,Hamza TH,European,"Sweden, Italy, Russian Federation, Germany, U.K., Austria, France, Norway, Denmark",U.S.,
21876681,Hamza TH,European,"Sweden, Switzerland, Norway, Denmark",U.S.,
21844665,Hu HJ,East Asian,NR,Republic of Korea,
21844665,Hu HJ,East Asian,NR,Republic of Korea,
21844884,Wheeler HE,Sub-Saharan African,NR,"Nigeria, Niger",
21844884,Wheeler HE,African unspecified,NR,U.S.,
21844884,Wheeler HE,East Asian,NR,"China, Japan",
21844884,Wheeler HE,European,NR,U.S.,
21844884,Wheeler HE,Sub-Saharan African,NR,"Nigeria, Niger",
21844884,Wheeler HE,African unspecified,NR,U.S.,
21844884,Wheeler HE,East Asian,NR,"China, Japan",
21844884,Wheeler HE,European,NR,U.S.,
21841780,Chu X,East Asian,NR,China,
21841780,Chu X,East Asian,NR,China,
21835309,Larsson M,European,NR,Australia,
21835309,Larsson M,European,NR,Australia,
21833088,Sawcer S,European,NR,"U.S., U.K.",
21833088,Sawcer S,European,NR,"Finland, Sweden, U.S., Poland, Australia, Italy, Belgium, Germany, U.K., Switzerland, Spain, Austria, New Zealand, France, Norway, Denmark",
21836138,Hadchouel A,African unspecified,NR,France,
21836138,Hadchouel A,European,NR,France,
21836138,Hadchouel A,European,NR,"Finland, France",
21836138,Hadchouel A,African unspecified,NR,France,
21826061,Davies G,European,NR,U.K.,
21826061,Davies G,European,NR,NR,
21826085,Tanaka S,East Asian,NR,Japan,
21826085,Tanaka S,East Asian,NR,Japan,
21827660,Yang TH,European,NR,U.S.,
21824976,Garcia-Closas M,European,NR,"Finland, U.S., Spain",
21824976,Garcia-Closas M,European,NR,U.S.,
21826682,Isackson PJ,European,NR,"U.S., Australia, Canada",
21826682,Isackson PJ,European,NR,"U.S., Australia, Canada",
21829389,Barbalic M,African American or Afro-Caribbean,NR,U.S.,
21829389,Barbalic M,African American or Afro-Caribbean,NR,U.S.,
21829393,Plagnol V,European,NR,U.K.,
21829393,Plagnol V,European,NR,U.K.,
21829393,Plagnol V,European,NR,U.K.,
21829393,Plagnol V,NR,NR,NR,
21829393,Plagnol V,European,NR,U.K.,
21829393,Plagnol V,European,NR,U.K.,
21812969,Liu X,European,NR,U.S.,
21812969,Liu X,European,NR,NR,
21810271,Antoni G,European,NR,France,
21810746,Chantarangsu S,South East Asian,NR,Thailand,
21810746,Chantarangsu S,South East Asian,NR,Thailand,
21846871,Mehta NN,NR,NR,NR,
21846871,Mehta NN,European,NR,NR,
21846871,Mehta NN,South Asian,NR,NR,
21846871,Mehta NN,NR,NR,NR,
21810643,Bakken TE,European,NR,Norway,
21804548,Hirota T,East Asian,NR,Japan,
21804548,Hirota T,East Asian,NR,Japan,
21804549,Torgerson DG,European,NR,"U.S., Germany",
21804549,Torgerson DG,African American or Afro-Caribbean,NR,"U.S., Barbados",
21804549,Torgerson DG,African American or Afro-Caribbean,NR,U.S.,
21804549,Torgerson DG,Hispanic or Latin American,Costa Rica,"Puerto Rico, U.S., Honduras, Costa Rica",
21804549,Torgerson DG,European,NR,U.S.,
21804549,Torgerson DG,Hispanic or Latin American,NR,"Puerto Rico, U.S., Mexico",
21804547,Dobbins SE,European,NR,"Sweden, U.K., Denmark",
21804547,Dobbins SE,European,NR,Germany,
21801394,Genin E,European,NR,"Israel, Italy, Netherlands, Germany, Austria, France",
21829377,Lemaitre RN,European,NR,"U.S., Italy",
21829377,Lemaitre RN,European,NR,"U.S., Italy",
21829377,Lemaitre RN,European,NR,"U.S., Italy",
21829377,Lemaitre RN,European,NR,"U.S., Italy",
21799462,Srinivasan Y,East Asian,NR,NR,
21799462,Srinivasan Y,East Asian,NR,NR,
21795503,Alkelai A,"Greater Middle Eastern (Middle Eastern, North African or Persian)",NR,Israel,
21795503,Alkelai A,European,NR,Germany,
21785125,Traglia M,European,NR,Italy,
21799836,Cui B,East Asian,NR,China,
21799836,Cui B,East Asian,NR,China,
21811574,van Manen D,NR,NR,Netherlands,
21777205,Dumitrescu L,European,NR,U.S.,
21777205,Dumitrescu L,African American or Afro-Caribbean,NR,U.S.,
21777205,Dumitrescu L,European,NR,NR,
21777205,Dumitrescu L,African unspecified,NR,NR,
21777205,Dumitrescu L,Hispanic or Latin American,NR,NR,
21777205,Dumitrescu L,Hispanic or Latin American,NR,U.S.,
21814517,Noguchi E,East Asian,NR,"Republic of Korea, Japan",
21814517,Noguchi E,East Asian,NR,Japan,
21775533,Tan XL,European,NR,U.S.,
21775533,Tan XL,African American or Afro-Caribbean,NR,U.S.,
21775533,Tan XL,European,NR,U.S.,
21775533,Tan XL,East Asian,NR,U.S.,
21782286,Walter S,European,NR,"U.S., Italy, Netherlands, Germany",
21775986,Hinch AG,African American or Afro-Caribbean,NR,U.S.,
21782286,Walter S,European,NR,"U.S., Italy, Netherlands, Germany",
21782286,Walter S,European,NR,"U.S., U.K.",
21771265,Yosifova A,Other,NR,Bulgaria,
21771265,Yosifova A,Other,NR,Bulgaria,
21771975,Chung CM,East Asian,NR,NR,
21771975,Chung CM,East Asian,NR,NR,
21768215,Tin A,African American or Afro-Caribbean,NR,U.S.,
21768215,Tin A,African American or Afro-Caribbean,NR,U.S.,
21764829,Png E,Asian unspecified,NR,Indonesia,
21764829,Png E,Asian unspecified,NR,Indonesia,
21761138,Peters U,European,NR,"U.S., Australia, Canada",
21761138,Peters U,European,NR,"U.S., Israel, Australia, Canada, Germany, France",
21757653,Lovely RS,NR,NR,NR,
21779181,Gorlova O,European,NR,"Sweden, U.S., Italy, Netherlands, Belgium, Germany, U.K., Spain, Norway",
21779181,Gorlova O,European,NR,"U.S., Netherlands, Germany, Spain",
21757650,Debette S,European,NR,"Sweden, France",
21757650,Debette S,European,NR,U.S.,
21779181,Gorlova O,European,NR,"Sweden, U.S., Italy, Netherlands, Belgium, Germany, U.K., Spain, Norway",
21779181,Gorlova O,European,NR,"U.S., Netherlands, Germany, Spain",
21779381,Schurks M,European,NR,U.S.,
21779176,Winkelmann J,European,NR,"Germany, Austria",
21779176,Winkelmann J,European,NR,"Finland, U.S., Czech Republic, Canada, Germany, Austria, France",
21784300,Mick E,NR,NR,U.S.,
21747397,Rietschel M,European,NR,"Netherlands, Germany",
21747397,Rietschel M,European,NR,"Finland, Sweden, Poland, Iceland, Italy, Russian Federation, Netherlands, Belgium, Germany, U.K., Hungary, Norway, Denmark",
21752600,Chen J,European,NR,U.S.,
21752600,Chen J,European,NR,"Sweden, U.S., Bulgaria, Portugal, U.K.",
21752600,Chen J,African American or Afro-Caribbean,NR,U.S.,
21750111,Mbarek H,East Asian,NR,Japan,
21750111,Mbarek H,East Asian,NR,Japan,
21750109,Rafnar T,European,Netherlands,"Iceland, Netherlands",
21750109,Rafnar T,European,NR,"Sweden, Iceland, Italy, Romania, Belgium, Germany, U.K., Spain, Hungary, Slovakia",
21750109,Rafnar T,"Greater Middle Eastern (Middle Eastern, North African or Persian)",NR,Iran (Islamic Republic of),
21743469,Evans DM,European,NR,"Australia, U.K.",
21743469,Evans DM,European,NR,"Australia, Canada, U.K.",
21743467,Kote-Jarai Z,European,NR,"Australia, U.K.",
21743467,Kote-Jarai Z,European,NR,"Finland, Sweden, U.S., Poland, Bulgaria, Australia, Italy, Netherlands, Greece, Germany, U.K., Spain, Denmark",
21743467,Kote-Jarai Z,East Asian,NR,U.S.,
21743467,Kote-Jarai Z,African American or Afro-Caribbean,NR,U.S.,
21743467,Kote-Jarai Z,Other,NR,U.S.,
21743057,Schumacher FR,European,NR,"Finland, Sweden, U.S., Italy, Netherlands, Greece, Germany, U.K., Spain, Denmark",
21743057,Schumacher FR,European,NR,"Sweden, Australia, U.K.",
21750679,Allanore Y,European,NR,"Italy, Germany, France",
21750679,Allanore Y,European,NR,France,
21732829,Dolmans GH,European,NR,Netherlands,
21732829,Dolmans GH,European,NR,"Netherlands, Germany, U.K.",
21755009,Wheeler HE,African American or Afro-Caribbean,NR,U.S.,
21755009,Wheeler HE,Sub-Saharan African,NR,"Nigeria, Niger",
21729881,Major JM,Other,NR,U.S.,
21729881,Major JM,European,NR,Finland,
21729881,Major JM,European,NR,U.S.,
22303337,Wang K,European,NR,NR,
22303337,Wang K,European,NR,U.S.,
21750702,Schosser A,European,NR,Germany,
21750702,Schosser A,European,NR,"U.S., Germany, U.K., Switzerland, Denmark",
21725308,Hu Z,East Asian,NR,China,
21725308,Hu Z,East Asian,NR,China,
21725309,Miki D,East Asian,NR,Japan,
21725309,Miki D,East Asian,NR,Japan,
21787189,Nyberg F,East Asian,NR,Japan,
21738480,Nalls MA,European,NR,"U.S., Iceland, Italy",
21738480,Nalls MA,European,NR,"U.S., Italy, Germany, U.K.",
21694509,Janicki PK,European,NR,NR,
21694509,Janicki PK,European,NR,NR,
21738484,Smith EN,"NR, European",NR,NR,
21738484,Smith EN,NR,NR,NR,
21738491,Arking DE,European,NR,"Finland, U.S., Netherlands",
21738491,Arking DE,European,NR,"U.S., Netherlands",
21738479,Reiner AP,African American or Afro-Caribbean,NR,U.S.,
21738479,Reiner AP,European,NR,U.S.,
21738479,Reiner AP,Hispanic or Latin American,NR,U.S.,
21738479,Reiner AP,East Asian,NR,NR,
21738478,Okada Y,East Asian,NR,Japan,
21738478,Okada Y,East Asian,NR,Japan,
21740922,Nebel A,European,NR,Germany,
21740922,Nebel A,European,NR,Germany,
21708048,Jiao H,European,NR,Sweden,
21708048,Jiao H,European,NR,"Sweden, Germany, France",
21706003,Kilpelainen TO,European,NR,NR,
21706003,Kilpelainen TO,European,NR,NR,
21706003,Kilpelainen TO,South Asian,NR,NR,
21706340,Teerlink C,European,NR,U.S.,
21705454,Huang RS,European,NR,U.S.,
21705454,Huang RS,European,NR,U.S.,
21700618,Nan H,European,NR,U.S.,
21700618,Nan H,European,NR,NR,
21701565,Malhotra A,Native American,NR,U.S.,
21701565,Malhotra A,Native American,NR,U.S.,
21701570,Ng MC,African American or Afro-Caribbean,NR,U.S.,
21701570,Ng MC,African American or Afro-Caribbean,NR,U.S.,
21738487,Do CB,European,NR,NR,
21700879,Qi L,European,NR,U.S.,
21700879,Qi L,European,NR,Italy,
21700265,Kullo IJ,European,NR,U.S.,
21700265,Kullo IJ,European,NR,U.S.,
21703634,Wang KS,European,NR,NR,
21703634,Wang KS,European,NR,NR,
21699788,Okada Y,East Asian,NR,Japan,
21699788,Okada Y,East Asian,NR,Japan,
21682944,Alkelai A,European,NR,NR,
21682944,Alkelai A,"Greater Middle Eastern (Middle Eastern, North African or Persian)",NR,NR,
21696813,Schauberger EM,Hispanic or Latin American,NR,"Puerto Rico, U.S., Mexico",
21696813,Schauberger EM,Other,NR,U.S.,
21696813,Schauberger EM,European,NR,U.K.,
21696813,Schauberger EM,European,NR,"U.S., U.K.",
21696813,Schauberger EM,African American or Afro-Caribbean,NR,U.S.,
21685912,Hoglinger GU,Other,NR,U.S.,
21685912,Hoglinger GU,European,NR,U.S.,
21685912,Hoglinger GU,European,NR,U.S.,
21685912,Hoglinger GU,NR,NR,NR,
21688384,Wang KS,European,NR,U.S.,
21688384,Wang KS,European,NR,U.S.,
21688384,Wang KS,European,NR,U.S.,
21688384,Wang KS,European,NR,U.S.,
21698141,Freedman BI,African American or Afro-Caribbean,NR,U.S.,
21698141,Freedman BI,African American or Afro-Caribbean,NR,U.S.,
21685187,Siedlinski M,European,NR,Norway,
21685187,Siedlinski M,European,NR,Norway,
21685187,Siedlinski M,European,NR,Norway,
21681796,Fornage M,European,NR,Iceland,
21681796,Fornage M,European,NR,"U.S., Iceland, Netherlands, Austria",
21679298,Ma X,East Asian,NR,China,
21685187,Siedlinski M,European,NR,Norway,
21666691,Sun LD,East Asian,NR,China,
21666691,Sun LD,East Asian,NR,China,
21666691,Sun LD,European,NR,Germany,
21666692,Chasman DI,European,NR,NR,
21666692,Chasman DI,European,NR,"Finland, Netherlands, Germany",
21658281,Aouizerat BE,European,NR,U.S.,
21658281,Aouizerat BE,European,NR,U.S.,
21665993,Han S,South East Asian,NR,Singapore,
21665993,Han S,East Asian,NR,Singapore,
21665993,Han S,East Asian,NR,Singapore,
21665993,Han S,South Asian,NR,Singapore,
21658281,Aouizerat BE,European,NR,U.S.,
21665990,Yu Y,European,NR,NR,
21665990,Yu Y,European,NR,"U.S., Australia, Iceland, U.K.",
21665988,Horne BD,Other,NR,U.S.,
21665988,Horne BD,European,NR,U.S.,
21665988,Horne BD,European,NR,U.S.,
21665994,Kutalik Z,European,NR,Switzerland,
21665994,Kutalik Z,NR,NR,Australia,
21654844,Briggs FB,European,NR,"U.S., U.K.",
21694764,Martin NW,European,NR,NR,
21694764,Martin NW,European,NR,NR,
21659360,Wade R,European,NR,U.K.,
21659360,Wade R,European,NR,Italy,
21659334,Tanaka Y,East Asian,NR,Japan,
21659334,Tanaka Y,East Asian,NR,NR,
21647738,Wu Y,Asian unspecified,NR,NR,
21647700,Below JE,Hispanic or Latin American,NR,U.S.,
21647700,Below JE,Hispanic or Latin American,NR,Mexico,
21674006,Yamada K,East Asian,NR,Japan,
21674006,Yamada K,East Asian,NR,Japan,
21646302,Bielinski SJ,European,NR,U.S.,
21642993,Wu C,East Asian,NR,China,
21642993,Wu C,East Asian,NR,China,
21640322,Shi Y,East Asian,NR,China,
21640322,Shi Y,East Asian,NR,China,
21627779,Antunez C,European,NR,Spain,
21627779,Antunez C,NR,NR,"U.S., Netherlands, Canada",
21627779,Antunez C,European,NR,"Germany, U.K., Spain",
21627779,Antunez C,NR,NR,"U.S., Canada",
21623375,Albagha OM,European,NR,U.K.,
21623375,Albagha OM,European,NR,"Australia, Italy, Netherlands, Belgium, U.K., Spain",
21626137,Slavin TP,European,NR,NR,
21626137,Slavin TP,European,NR,NR,
21618603,Beaty TH,European,NR,"U.S., Republic of Korea, Singapore, China, Norway, Denmark",
21618603,Beaty TH,Asian unspecified,NR,"U.S., Republic of Korea, Singapore, China, Norway, Denmark",
21618603,Beaty TH,"African American or Afro-Caribbean, African unspecified, Other",NR,"U.S., Republic of Korea, Singapore, China, Norway, Denmark",
21621269,Aragam N,NR,NR,Netherlands,
21612516,Malovini A,European,NR,Italy,
21612516,Malovini A,European,NR,Italy,
21611967,Gupta M,NR,NR,NR,
21606135,Wild PS,European,NR,Germany,
21606135,Wild PS,European,NR,"Finland, Sweden, U.S., Germany, U.K., France",
21602798,Haiman CA,African American or Afro-Caribbean,NR,U.S.,
21602798,Haiman CA,African American or Afro-Caribbean,NR,"U.S., Barbados",
21602798,Haiman CA,Sub-Saharan African,NR,"Ghana, Senegal",
21602797,Wright FA,European,NR,NR,
21602797,Wright FA,European,NR,NR,
21602797,Wright FA,NR,NR,NR,
21602797,Wright FA,NR,NR,NR,
21625490,Andiappan AK,East Asian,NR,Singapore,
21625490,Andiappan AK,East Asian,NR,Singapore,
21703177,Thompson AJ,European,NR,U.S.,
21703177,Thompson AJ,African American or Afro-Caribbean,NR,U.S.,
21703177,Thompson AJ,Hispanic or Latin American,NR,NR,
21572416,Kato N,East Asian,NR,"Republic of Korea, Singapore, China, Japan",
21572416,Kato N,East Asian,NR,Japan,
21573907,Parra EJ,European,NR,NR,
21573907,Parra EJ,Hispanic or Latin American,NR,"U.S., Mexico",
21573128,Kou I,East Asian,NR,NR,
21573128,Kou I,East Asian,NR,NR,
21572414,Suhre K,NR,NR,Germany,
21572414,Suhre K,European,NR,Germany,
21572416,Kato N,East Asian,NR,"Republic of Korea, Singapore, China, Japan",
21572416,Kato N,East Asian,NR,"Republic of Korea, Japan",
21565293,Teumer A,European,NR,Germany,
21565293,Teumer A,European,NR,Germany,
21573004,Prescott J,European,NR,U.S.,
21573004,Prescott J,European,NR,U.S.,
21551455,Kanetsky PA,European,NR,U.S.,
21551455,Kanetsky PA,European,NR,U.S.,
21546767,Murea M,African American or Afro-Caribbean,NR,U.S.,
21540310,Hofmann S,European,NR,NR,
21540310,Hofmann S,European,NR,NR,
21540461,Kim DH,East Asian,NR,NR,
21540461,Kim DH,East Asian,NR,NR,
21540461,Kim DH,European,NR,Canada,
21546496,Guerrero JA,NR,NR,NR,
21546496,Guerrero JA,NR,NR,NR,
21507922,Ramsuran V,Sub-Saharan African,NR,South Africa,
21507922,Ramsuran V,Sub-Saharan African,NR,South Africa,
21532571,Burdon KP,European,NR,Australia,
21532571,Burdon KP,European,NR,Australia,
21502085,Troyer JL,European,NR,U.S.,
21531791,Sanson M,European,NR,"U.S., Germany, U.K., France",
21552555,Wang K,European,NR,NR,
21552555,Wang K,European,NR,NR,
21521612,Kohli MA,European,NR,Germany,
21521612,Kohli MA,European,NR,"Netherlands, Germany, U.K.",
21521612,Kohli MA,African American or Afro-Caribbean,NR,U.S.,
21529783,Heath AC,European,NR,Australia,
21529783,Heath AC,European,NR,Australia,
21529783,Heath AC,European,NR,Australia,
21529783,Heath AC,European,NR,Australia,
21529783,Heath AC,European,NR,Australia,
21529783,Heath AC,European,NR,Australia,
21529783,Heath AC,European,NR,Australia,
21529783,Heath AC,European,NR,Australia,
21493818,Shaw SY,European,NR,U.S.,
21533022,Duncan EL,European,NR,"Australia, U.K., New Zealand",
21533022,Duncan EL,European,NR,U.K.,
21502573,Smith NL,European,NR,NR,
21533074,Smedby KE,European,NR,"Sweden, Denmark",
21533074,Smedby KE,European,NR,"U.S., Australia, Canada, U.K.",
21533024,Pare G,European,NR,NR,
21533024,Pare G,NR,NR,"U.S., Netherlands",
21505073,Terao C,East Asian,NR,Japan,
21505073,Terao C,East Asian,NR,Japan,
21505071,Li Z,East Asian,NR,China,
21505071,Li Z,East Asian,NR,China,
21502949,Stein JL,European,NR,"U.S., Australia",
21502949,Stein JL,European,NR,"U.S., Australia",
21544081,Dorajoo R,South Asian,NR,Singapore,
21544081,Dorajoo R,East Asian,NR,Singapore,
21544081,Dorajoo R,South East Asian,NR,Singapore,
21502966,Weber F,European,NR,Germany,
21502966,Weber F,European,NR,Germany,
21499248,Kumar V,East Asian,NR,NR,
21499248,Kumar V,East Asian,NR,Japan,
21499250,Spurdle AB,European,U.K.,"Australia, U.K.",
21499250,Spurdle AB,European,NR,"Sweden, Poland, China, Belgium, Germany, U.K., Norway",
21497890,Orange JS,European,NR,NR,
21497890,Orange JS,European,NR,NR,
21533175,Zhai G,European,NR,"Sweden, U.S., Italy, Netherlands, Germany, U.K.",
21483430,Carless MA,Hispanic or Latin American,NR,U.S.,
21570397,Lucena MI,European,NR,"U.S., Italy, U.K., Spain, France",
21483023,Wu X,European,NR,U.S.,
21483023,Wu X,European,NR,Spain,
21478494,Nan H,European,NR,U.S.,
21478494,Nan H,European,NR,U.S.,
21473668,Fliers EA,European,NR,"Israel, Iceland, Netherlands, Belgium, Germany, U.K., Switzerland, Spain",
21473668,Fliers EA,European,NR,NR,
21490707,Cornelis MC,European,NR,U.S.,
21490949,Sim X,South Asian,NR,Singapore,
21490949,Sim X,East Asian,NR,Singapore,
21490949,Sim X,South East Asian,NR,Singapore,
21471979,Kumar V,East Asian,NR,Japan,
21471979,Kumar V,East Asian,NR,Japan,
21471458,Schumann G,European,NR,"Finland, Australia, Netherlands, Germany, U.K., Switzerland, France",
21471458,Schumann G,European,"Italy, Netherlands, U.K., Estonia, France",NR,
21467234,FitzGerald LM,European,NR,U.S.,
21467234,FitzGerald LM,European,NR,U.S.,
21460840,Hollingworth P,European,France,"U.S., Germany, U.K., France",
21460840,Hollingworth P,European,NR,"Finland, U.S., Poland, Iceland, Italy, Netherlands, Greece, Belgium, Germany, U.K., Spain, Norway",
21460841,Naj AC,European,NR,"U.S., Netherlands, Greece, Canada, Germany, U.K.",
21460841,Naj AC,European,NR,U.S.,
21460842,Cha PC,East Asian,NR,Japan,
21460842,Cha PC,East Asian,NR,Japan,
21460395,Gu J,NR,NR,U.S.,
21460395,Gu J,NR,NR,U.S.,
21452313,Freudenberg J,East Asian,NR,Republic of Korea,
21452313,Freudenberg J,East Asian,NR,Republic of Korea,
21459883,Villard E,European,France,"Italy, Germany, France",
21459883,Villard E,European,NR,"Germany, U.K.",
21483845,McLaren CE,European,NR,U.S.,
21483845,McLaren CE,European,NR,"U.S., Canada",
21483845,McLaren CE,European,NR,NR,
21483845,McLaren CE,European,NR,"U.S., Canada",
21448238,Ligthart L,European,NR,"Iceland, Netherlands",
21448238,Ligthart L,European,NR,Netherlands,
21441931,Okamoto K,East Asian,NR,Japan,
21441931,Okamoto K,East Asian,NR,Japan,
21441570,Grassi MA,European,NR,NR,
21396408,Miller EK,European,NR,U.S.,
21423239,Willour VL,European,NR,U.S.,
21423239,Willour VL,NR,NR,NR,
21428769,McCormack M,European,NR,U.K.,
21428769,McCormack M,European,NR,"U.K., Switzerland",
21418511,Deelen J,Other,NR,Netherlands,
21418511,Deelen J,European,NR,NR,
21418511,Deelen J,European,NR,Denmark,
21418511,Deelen J,NR,NR,NR,
21424380,Sehrawat B,European,NR,Canada,
21424380,Sehrawat B,European,NR,NR,
21437268,McKay JD,European,NR,NR,
21437268,McKay JD,European,NR,"U.S., Poland, Italy, Netherlands, Germany",
21399635,Mells GF,European,NR,U.K.,
21399635,Mells GF,European,NR,U.K.,
21399633,Gharavi AG,East Asian,NR,China,
21399633,Gharavi AG,East Asian,NR,China,
21399633,Gharavi AG,European,NR,"U.S., Italy",
21423719,Speliotes EK,European,NR,"U.S., Iceland",
21423719,Speliotes EK,European,NR,U.S.,
21386085,Kraja AT,European,NR,NR,
21386085,Kraja AT,European,NR,NR,
21386085,Kraja AT,European,NR,NR,
21386085,Kraja AT,European,NR,NR,
21386085,Kraja AT,European,NR,NR,
21378988,Coronary Artery Disease (C4D) Genetics Consortium,European,NR,"Sweden, Italy, Germany, U.K.",
21378988,Coronary Artery Disease (C4D) Genetics Consortium,South Asian,"India, Pakistan","U.K., Pakistan",
21378988,Coronary Artery Disease (C4D) Genetics Consortium,South Asian,"India, Pakistan",U.K.,
21378988,Coronary Artery Disease (C4D) Genetics Consortium,European,NR,"Sweden, Italy, Germany, U.K.",
21378987,Holm H,European,NR,Iceland,
21378987,Holm H,European,NR,Iceland,
21378986,Wang F,East Asian,NR,China,
21378986,Wang F,East Asian,NR,China,
21386754,Marciante KD,NR,NR,"U.S., Canada",
21386754,Marciante KD,European,NR,"U.S., Canada",
21378990,Schunkert H,European,NR,NR,
21378990,Schunkert H,European,NR,NR,
21378095,Fox ER,African American or Afro-Caribbean,NR,U.S.,
21378095,Fox ER,African American or Afro-Caribbean,NR,U.S.,
21378095,Fox ER,European,NR,U.S.,
21378095,Fox ER,Sub-Saharan African,NR,"Nigeria, Niger",
21408207,Chung SA,European,NR,U.S.,
21368711,Alliey-Rodriguez N,European,NR,U.S.,
21372407,Takeuchi F,East Asian,NR,NR,
21372407,Takeuchi F,East Asian,NR,Japan,
21357676,Sulem P,European,NR,"U.S., Iceland, Netherlands, Germany",
21357676,Sulem P,European,NR,"Iceland, Denmark",
23480133,Kim Y,East Asian,NR,Republic of Korea,
23480133,Kim Y,East Asian,NR,Republic of Korea,
21355061,Boger CA,European,NR,"U.S., Italy, Germany, U.K., Switzerland",
21355061,Boger CA,European,NR,"U.S., Iceland, Germany, Croatia",
21357381,Figueiredo JC,European,NR,"U.S., Australia, Canada, New Zealand",
21357381,Figueiredo JC,European,NR,NR,
21364930,Bol SM,NR,NR,NR,
21364930,Bol SM,European,NR,NR,
21519539,Cho SC,East Asian,NR,NR,
21390209,Hu X,European,NR,NR,
21390209,Hu X,NR,NR,NR,
21383967,Zhernakova A,European,NR,U.K.,
21383967,Zhernakova A,European,NR,"U.S., Poland, Italy, Netherlands",
21353194,Cichon S,European,NR,"Poland, Russian Federation, Romania, Germany, Spain, Bosnia and Herzegovina",
21353194,Cichon S,European,NR,"U.S., Poland, Australia, Iceland, Russian Federation, Romania, Germany, Spain, France, Bosnia and Herzegovina, Norway",
21339755,Liu X,European,NR,Denmark,
21339755,Liu X,African American or Afro-Caribbean,NR,U.S.,
21339755,Liu X,European,NR,NR,
21339755,Liu X,Hispanic or Latin American,NR,NR,
21323541,Stanescu HC,European,NR,"Netherlands, U.K., France",
21326295,Jin Y,European,NR,NR,
21326295,Jin Y,European,NR,NR,
21379329,Wijsman EM,European,NR,U.S.,
21379329,Wijsman EM,European,NR,NR,
21379329,Wijsman EM,Hispanic or Latin American,NR,NR,
21326311,Bhatnagar P,African American or Afro-Caribbean,NR,U.S.,
21359210,Ricci G,NR,NR,NR,
21359210,Ricci G,European,NR,NR,
21314694,Kendler KS,European,NR,U.S.,
21314694,Kendler KS,African American or Afro-Caribbean,NR,U.S.,
21316860,Velders FP,European,NR,NR,
21316860,Velders FP,European,NR,U.K.,
21347282,Lettre G,African American or Afro-Caribbean,NR,U.S.,
21347282,Lettre G,African American or Afro-Caribbean,NR,U.S.,
21347282,Lettre G,African American or Afro-Caribbean,NR,U.S.,
21347282,Lettre G,African American or Afro-Caribbean,NR,U.S.,
21347282,Lettre G,African American or Afro-Caribbean,NR,"U.S., Jamaica",
21347282,Lettre G,African American or Afro-Caribbean,NR,U.S.,
21347282,Lettre G,African American or Afro-Caribbean,NR,"U.S., Jamaica",
21347282,Lettre G,African American or Afro-Caribbean,NR,U.S.,
21347282,Lettre G,African American or Afro-Caribbean,NR,U.S.,
21347282,Lettre G,African American or Afro-Caribbean,NR,U.S.,
21347284,Smith JG,African American or Afro-Caribbean,NR,U.S.,
21347284,Smith JG,African American or Afro-Caribbean,NR,U.S.,
21307088,Khor CC,South East Asian,NR,Singapore,
21307088,Khor CC,South Asian,NR,Singapore,
21307088,Khor CC,European,NR,Netherlands,
21305692,Belmonte Mahon P,European,NR,U.S.,
21305692,Belmonte Mahon P,NR,NR,NR,
21497773,Ziliak D,European,NR,U.S.,
21310492,Huang YC,East Asian,NR,China,
21497773,Ziliak D,East Asian,NR,"China, Japan",
21497773,Ziliak D,European,NR,U.S.,
21497773,Ziliak D,Sub-Saharan African,NR,"Nigeria, Niger",
21300955,Dehghan A,European,NR,"Finland, U.S., Iceland, Italy, Netherlands, Germany, U.K., Croatia",
21300955,Dehghan A,European,NR,"Finland, U.S., Italy, Netherlands, Germany, U.K.",
21297633,Anderson CA,European,NR,"Sweden, Germany",
21297633,Anderson CA,European,NR,"Sweden, U.S., Australia, Italy, Netherlands, Belgium, Germany, U.K., New Zealand, Lithuania, France, Norway, Denmark",
21326860,Tsai FJ,East Asian,NR,China,
21326860,Tsai FJ,East Asian,NR,China,
21294900,Charles BA,African American or Afro-Caribbean,NR,U.S.,
21254220,Jiang Y,European,NR,NR,
21292315,Nalls MA,European,NR,"U.S., Germany, U.K., France",
21292315,Nalls MA,"NR, European",NR,"U.S., Iceland, Netherlands, Germany, U.K., France",
21348951,Parsa A,European,NR,U.S.,
21278746,Lindstrom S,European,NR,U.K.,
21278746,Lindstrom S,European,NR,"Sweden, U.S., U.K.",
21278746,Lindstrom S,NR,NR,U.S.,
21273288,Del Greco M F,European,Italy,Italy,
21273288,Del Greco M F,European,NR,Germany,
21298047,Chen X,African unspecified,NR,NR,
21298047,Chen X,European,NR,NR,
21298027,Festen EA,European,NR,"U.S., Canada, U.K.",
21298027,Festen EA,European,NR,"Italy, Netherlands, U.K.",
21270382,Baik I,East Asian,NR,Republic of Korea,
21270382,Baik I,East Asian,NR,Republic of Korea,
21245432,Spraggs CF,NR,NR,NR,
21245432,Spraggs CF,"South Asian, Hispanic or Latin American, African unspecified, Asian unspecified, Greater Middle Eastern (Middle Eastern, North African or Persian)",NR,NR,
21245432,Spraggs CF,NR,NR,NR,
21245432,Spraggs CF,"South Asian, Hispanic or Latin American, African unspecified, Asian unspecified, Greater Middle Eastern (Middle Eastern, North African or Persian)",NR,NR,
21245432,Spraggs CF,European,NR,NR,
21245432,Spraggs CF,European,NR,NR,
21263130,Fletcher O,European,NR,U.K.,
21263130,Fletcher O,European,NR,U.K.,
21283782,Tore S,European,Italy,Italy,
21283782,Tore S,European,NR,Italy,
21248740,Simon-Sanchez J,European,NR,Netherlands,
21244703,Wang JH,NR,NR,NR,
21244703,Wang JH,"NR, European",NR,NR,
21242121,Frullanti E,European,NR,Italy,
21242121,Frullanti E,European,NR,Italy,
21242260,Cui R,East Asian,NR,Japan,
21242260,Cui R,East Asian,NR,"Republic of Korea, Japan",
21239051,Reilly MP,European,NR,U.S.,
21239051,Reilly MP,European,NR,U.S.,
21239051,Reilly MP,European,NR,U.S.,
21239051,Reilly MP,European,NR,U.S.,
21228123,Ochi H,East Asian,NR,"China, Japan",
21223598,Wineinger NE,African American or Afro-Caribbean,NR,U.S.,
22384361,Cheng YC,African American or Afro-Caribbean,NR,U.S.,
22384361,Cheng YC,"East Asian, Asian unspecified, Other",NR,U.S.,
22384361,Cheng YC,European,NR,U.S.,
22384361,Cheng YC,European,NR,NR,
21155030,Cheong MY,East Asian,NR,Republic of Korea,
21155030,Cheong MY,East Asian,NR,Republic of Korea,
21221126,Shen Y,European,NR,"Italy, U.K.",
21221998,Kim JJ,East Asian,NR,Republic of Korea,
21221998,Kim JJ,East Asian,NR,"Republic of Korea, China",
21216879,Kaplan RC,European,NR,"U.S., Germany",
21216876,Sharma S,European,NR,U.S.,
21216876,Sharma S,"European, Hispanic or Latin American, Oceanian, African unspecified, Other",NR,U.S.,
21216876,Sharma S,NR,NR,U.S.,
21212386,Arnett DK,African American or Afro-Caribbean,NR,NR,
21212386,Arnett DK,African American or Afro-Caribbean,NR,NR,
21212386,Arnett DK,European,NR,NR,
21208937,Pichler I,European,NR,Italy,
21208937,Pichler I,European,NR,"U.S., Italy",
21211648,Ege MJ,European,NR,"Germany, Switzerland, Austria",
21196492,Okada Y,East Asian,NR,NR,
21196492,Okada Y,East Asian,NR,NR,
21302353,Perroud N,European,NR,NR,
21186350,Zhou K,European,NR,NR,
21186350,Zhou K,European,NR,NR,
21253498,Benjamin AM,European,NR,U.S.,
21253498,Benjamin AM,European,NR,U.S.,
21253498,Benjamin AM,European,NR,U.S.,
21253498,Benjamin AM,European,NR,U.S.,
21253498,Benjamin AM,European,NR,U.S.,
21253498,Benjamin AM,European,NR,U.S.,
21253498,Benjamin AM,European,NR,U.S.,
21203500,Lauc G,European,NR,"U.K., Croatia",
21183627,Bouchard C,European,NR,NR,
21183627,Bouchard C,NR,NR,NR,
21183627,Bouchard C,African unspecified,NR,NR,
21177773,Moyer AM,European,NR,U.S.,
21177773,Moyer AM,African American or Afro-Caribbean,NR,U.S.,
21177773,Moyer AM,East Asian,NR,U.S.,
21177295,Panoutsopoulou K,European,NR,U.K.,
21177295,Panoutsopoulou K,Other,NR,Estonia,
21177295,Panoutsopoulou K,European,NR,"U.S., Iceland, Netherlands, Greece, U.K.",
21173776,de Moor MH,European,NR,"Finland, U.S., Australia, Italy, Netherlands, U.K., Estonia",
21173776,de Moor MH,European,Germany,"Italy, Netherlands, Germany, Estonia",
21173776,de Moor MH,European,NR,"Finland, U.S., Australia, Italy, Netherlands, U.K., Estonia",
21173776,de Moor MH,European,Germany,"Italy, Netherlands, Germany, Estonia",
21173776,de Moor MH,European,NR,"Finland, U.S., Australia, Italy, Netherlands, U.K., Estonia",
21173776,de Moor MH,European,Germany,"Italy, Netherlands, Germany, Estonia",
21173776,de Moor MH,European,NR,"Finland, U.S., Australia, Italy, Netherlands, U.K., Estonia",
21173776,de Moor MH,European,Germany,"Italy, Netherlands, Germany, Estonia",
21173776,de Moor MH,European,NR,"Finland, U.S., Australia, Italy, Netherlands, U.K., Estonia",
21173776,de Moor MH,European,Germany,"Italy, Netherlands, Germany, Estonia",
21197116,Ryu E,European,NR,NR,
21197116,Ryu E,"European, Hispanic or Latin American",NR,NR,
21197116,Ryu E,African unspecified,NR,NR,
21197116,Ryu E,Other,NR,NR,
21160077,Gudmundsson J,European,NR,Iceland,
21160077,Gudmundsson J,European,NR,"Iceland, U.K.",
21211798,Yamada Y,East Asian,NR,Japan,
21211798,Yamada Y,East Asian,NR,"Republic of Korea, Japan",
21160409,Petrovski S,Sub-Saharan African,NR,Malawi,
21156761,Padyukov L,European,NR,Sweden,
21156761,Padyukov L,European,NR,U.S.,
21151128,Chen ZJ,East Asian,NR,China,
21151128,Chen ZJ,East Asian,NR,China,
21151127,Melum E,European,NR,"Sweden, Germany, Norway",
21151127,Melum E,European,NR,"Sweden, U.S., Netherlands, Belgium, Germany, Norway",
21151130,Painter JN,European,NR,"U.S., Australia, U.K.",
21151130,Painter JN,European,NR,U.S.,
21149283,Oexle K,European,NR,"Italy, Germany, Croatia",
21149285,Ozeki T,East Asian,NR,Japan,
21149285,Ozeki T,East Asian,NR,Japan,
21087763,Carrasquillo MM,European,NR,U.S.,
21087763,Carrasquillo MM,European,NR,U.S.,
21150874,McDonough CW,African American or Afro-Caribbean,NR,U.S.,
21150874,McDonough CW,African American or Afro-Caribbean,NR,U.S.,
21150878,Ferreira MA,European,NR,Australia,
21150878,Ferreira MA,European,NR,Australia,
21139019,Walsh KM,European,NR,"Sweden, U.S.",
21131975,Purdue MP,European,NR,"Finland, Sweden, U.S., Poland, Czech Republic, Italy, Russian Federation, Netherlands, Romania, Greece, Germany, U.K., Spain, Hungary, Slovakia, France, Norway, Denmark",
21131975,Purdue MP,European,NR,"Sweden, Italy, Russian Federation, Netherlands, Greece, Germany, U.K., Spain, France, Norway, Denmark",
21130836,Luciano M,European,NR,"Finland, Australia, U.K.",
21131588,Slager SL,European,NR,U.S.,
21131588,Slager SL,European,NR,NR,
21182207,Salyakina D,NR,NR,NR,
21124317,Wang K,European,NR,NR,
21124317,Wang K,European,NR,"U.S., Italy, U.K.",
21105107,Clifford RJ,East Asian,NR,Republic of Korea,
21105107,Clifford RJ,East Asian,NR,Republic of Korea,
21123754,Kim S,European,NR,"U.S., Canada",
21130132,Mick E,"African American or Afro-Caribbean, Hispanic or Latin American, Other",NR,U.S.,
21118971,Wu C,East Asian,NR,China,
21118971,Wu C,East Asian,NR,China,
21116278,Furney SJ,European,NR,"Finland, U.S., Poland, Italy, Greece, Canada, U.K., France",
21116278,Furney SJ,European,NR,"Finland, U.S., Poland, Italy, Greece, Canada, U.K., France",
21116278,Furney SJ,European,NR,"Finland, U.S., Poland, Italy, Greece, Canada, U.K., France",
21116278,Furney SJ,European,NR,"Finland, U.S., Poland, Italy, Greece, Canada, U.K., France",
21116278,Furney SJ,European,NR,"Finland, U.S., Poland, Italy, Greece, Canada, U.K., France",
21116278,Furney SJ,European,NR,"Finland, U.S., Poland, Italy, Greece, Canada, U.K., France",
21116278,Furney SJ,European,NR,"Finland, U.S., Poland, Italy, Greece, Canada, U.K., France",
21116278,Furney SJ,European,NR,"Finland, U.S., Poland, Italy, Greece, Canada, U.K., France",
21116278,Furney SJ,European,NR,"Finland, U.S., Poland, Italy, Greece, Canada, U.K., France",
21116278,Furney SJ,European,NR,"Finland, U.S., Poland, Italy, Greece, Canada, U.K., France",
21113153,van der Zanden LF,European,NR,Netherlands,
21113153,van der Zanden LF,European,NR,"Sweden, Netherlands",
21107343,Aoki A,East Asian,NR,Japan,
21107343,Aoki A,East Asian,NR,Japan,
21098978,Sherva R,European,NR,NR,
21098978,Sherva R,"Greater Middle Eastern (Middle Eastern, North African or Persian)",NR,Israel,
21107309,McClay JL,"African American or Afro-Caribbean, European, Other",NR,U.S.,
21107309,McClay JL,"African American or Afro-Caribbean, European, Other",NR,U.S.,
21107309,McClay JL,"African American or Afro-Caribbean, European, Other",NR,U.S.,
21106707,Gu J,European,NR,U.S.,
21106707,Gu J,European,NR,U.S.,
21104366,Tan L,European,NR,U.S.,
21104366,Tan L,East Asian,NR,China,
21102463,Franke A,European,NR,"Sweden, U.S., Israel, Australia, Italy, Netherlands, Belgium, Germany, U.K., Spain, New Zealand, France",
21102463,Franke A,European,NR,"U.S., Belgium, Germany, U.K.",
21102462,Elks CE,European,Italy,"Sweden, U.S., Australia, Italy, Germany, U.K., Croatia",
21102462,Elks CE,European,"Italy, Netherlands","Finland, U.S., Iceland, Italy, Netherlands, U.K., Switzerland",
21095009,Li YJ,East Asian,NR,Singapore,
21095009,Li YJ,East Asian,NR,Japan,
21124946,Paternoster L,European,NR,"Sweden, U.K.",
21124946,Paternoster L,European,NR,"Sweden, U.K.",
21124955,Marzi C,European,Germany,"Germany, U.K.",
21124955,Marzi C,European,NR,Germany,
21088011,Erdmann J,European,NR,Germany,
21088011,Erdmann J,European,NR,Germany,
21084426,Saad M,European,NR,France,
21084426,Saad M,European,NR,"Australia, France",
21079607,Wang K,European,NR,U.S.,
21076409,Sotoodehnia N,European,NR,Netherlands,
21076409,Sotoodehnia N,European,NR,"U.S., Italy, Netherlands, Germany, U.K., Croatia",
21079520,Sato Y,East Asian,NR,Japan,
21068099,Evangelou E,European,NR,"U.S., Iceland, U.K.",
21068099,Evangelou E,European,NR,"Finland, Sweden, Iceland, Netherlands, Greece, U.K., Estonia",
21068099,Evangelou E,East Asian,NR,"China, Japan",
21062454,Li J,European,NR,"Finland, Sweden",
21062454,Li J,"NR, European",NR,"Netherlands, U.K.",
21051773,Scerri TS,NR,NR,NR,
21051773,Scerri TS,European,NR,U.K.,
21061259,Plant D,European,NR,NR,
21061259,Plant D,European,NR,NR,
21059989,Lee JH,European,NR,NR,
21059989,Lee JH,African American or Afro-Caribbean,NR,NR,
21059989,Lee JH,Hispanic or Latin American,NR,NR,
21059989,Lee JH,European,NR,U.S.,
21059989,Lee JH,Other,NR,NR,
21059979,Shen H,European,Switzerland,U.S.,
21059979,Shen H,European,Switzerland,U.S.,
21057379,Curtis D,European,U.K.,U.K.,
21668797,Agrawal A,European,NR,U.S.,
21668797,Agrawal A,African American or Afro-Caribbean,NR,U.S.,
21048783,Kamada F,East Asian,NR,NR,
21048783,Kamada F,East Asian,NR,NR,
21051598,Pereyra F,European,NR,"U.S., Australia, Canada",
21051598,Pereyra F,African American or Afro-Caribbean,NR,"U.S., Australia, Canada",
21051598,Pereyra F,Hispanic or Latin American,NR,"U.S., Australia, Canada",
21072201,Kim JH,East Asian,NR,Republic of Korea,
21072201,Kim JH,East Asian,NR,Republic of Korea,
21044949,Yang J,South East Asian,NR,Thailand,
21044949,Yang J,East Asian,NR,China,
21044949,Yang J,East Asian,NR,China,
21044948,Spencer CC,European,NR,U.K.,
21044948,Spencer CC,European,NR,France,
21042317,Wray NR,European,NR,"U.S., Australia, U.K.",
21042317,Wray NR,European,NR,U.K.,
21184583,Zlojutro M,European,NR,U.S.,
21184583,Zlojutro M,African American or Afro-Caribbean,NR,U.S.,
21184583,Zlojutro M,European,NR,U.S.,
21184583,Zlojutro M,African American or Afro-Caribbean,NR,U.S.,
21184583,Zlojutro M,Other,NR,U.S.,
21041247,Perlis RH,European,NR,U.K.,
21041247,Perlis RH,European,NR,Germany,
21041247,Perlis RH,NR,NR,NR,
20848476,Haritunians T,European,NR,U.S.,
21041692,Denny JC,European,NR,U.S.,
21037568,Enciso-Mora V,European,NR,U.K.,
21037568,Enciso-Mora V,European,NR,"Sweden, Netherlands, Germany, U.K., Denmark",
21037115,Wan ES,European,NR,Norway,
21037115,Wan ES,European,NR,NR,
21060863,Ikram MK,European,NR,"U.S., Australia",
21060863,Ikram MK,European,NR,"U.S., Netherlands",
20981099,Kong A,European,NR,NR,
20981099,Kong A,European,NR,NR,
21060860,Gaudet MM,European,NR,"Finland, Sweden, U.S., Israel, Australia, Iceland, Italy, Netherlands, Canada, Germany, U.K., Spain, France",
21060860,Gaudet MM,European,NR,"Finland, Sweden, U.S., Israel, Australia, Iceland, Italy, Netherlands, Canada, Germany, U.K., Spain, France, Denmark",
21082022,Padmanabhan S,European,NR,Sweden,
21082022,Padmanabhan S,European,NR,"Finland, Sweden, Italy, Netherlands, Germany, U.K., Switzerland",
20978177,Penney KL,European,NR,NR,
20978177,Penney KL,European,NR,U.S.,
20972440,Houlston RS,European,NR,"Finland, U.K.",
20972440,Houlston RS,European,NR,"Finland, U.K.",
20972438,Rothman N,European,NR,"Finland, U.S., Spain",
20972438,Rothman N,European,NR,"Finland, Sweden, U.S., Iceland, Italy, Netherlands, Romania, Greece, Germany, U.K., Spain, Hungary, Slovakia, France, Norway",
20971583,Ojwang JO,European,NR,U.S.,
20966902,Croteau-Chonka DC,NR,NR,NR,
20966902,Croteau-Chonka DC,NR,NR,NR,
20966902,Croteau-Chonka DC,South East Asian,NR,NR,
20966902,Croteau-Chonka DC,NR,NR,NR,
20953189,Stuart PE,NR,NR,NR,
20953189,Stuart PE,NR,NR,"U.S., Canada, Germany",
20953186,Huffmeier U,European,NR,Germany,
20953186,Huffmeier U,European,NR,"Sweden, Italy, Germany, U.K., Republic of Ireland",
20953188,Ellinghaus E,European,NR,Germany,
20953188,Ellinghaus E,European,Canada,"U.S., Canada, Germany",
20953188,Ellinghaus E,NR,NR,"U.S., Canada",
20953190,Strange A,European,NR,"U.K., Republic of Ireland",
20953190,Strange A,European,NR,"Sweden, Italy, Netherlands, Germany, U.K., Spain, Austria",
20947153,Ueta M,East Asian,NR,Japan,
20947153,Ueta M,NR,NR,NR,
20939080,Greenbaum L,European,NR,NR,
20939080,Greenbaum L,African American or Afro-Caribbean,NR,U.S.,
20939080,Greenbaum L,Other,NR,NR,
20939080,Greenbaum L,Other,NR,NR,
20935629,Heid IM,European,NR,NR,
20935629,Heid IM,European,NR,NR,
20935630,Speliotes EK,European,NR,NR,
20935630,Speliotes EK,European,NR,NR,
20932310,Han MR,European,NR,"U.S., Canada",
20932310,Han MR,European,NR,"U.S., Canada",
20887962,Jee SH,East Asian,NR,Republic of Korea,
20887962,Jee SH,East Asian,NR,Republic of Korea,
20932310,Han MR,European,NR,"U.S., Canada",
20932654,Kerns SL,African American or Afro-Caribbean,NR,Jamaica,
20921969,Aberg K,"African American or Afro-Caribbean, European, Hispanic or Latin American, Other",NR,NR,
20923822,Niu N,East Asian,NR,NR,
20923822,Niu N,African American or Afro-Caribbean,NR,NR,
20923822,Niu N,European,NR,NR,
20801717,Shatunov A,European,NR,"Sweden, U.S., Italy, Netherlands, Belgium, U.K., France, Republic of Ireland",
20920776,DeWan AT,European,NR,NR,
20920776,DeWan AT,Hispanic or Latin American,NR,NR,
20920776,DeWan AT,African American or Afro-Caribbean,NR,U.S.,
20920776,DeWan AT,Other,NR,NR,
20920776,DeWan AT,European,NR,NR,
20920776,DeWan AT,Other,NR,NR,
20920776,DeWan AT,Hispanic or Latin American,NR,NR,
20920776,DeWan AT,African American or Afro-Caribbean,NR,U.S.,
20889312,Wang KS,European,NR,NR,
20884846,Yang Q,European,NR,"U.S., Netherlands",
20884846,Yang Q,European,NR,NR,
20881960,Lango Allen H,European,NR,NR,
20881960,Lango Allen H,European,NR,NR,
20877300,Perroud N,European,NR,NR,
20927387,Kullo IJ,European,NR,NR,
20876614,Yoon KA,East Asian,NR,Republic of Korea,
20876614,Yoon KA,East Asian,NR,Republic of Korea,
20876611,Wu Y,NR,NR,NR,
20876611,Wu Y,NR,NR,NR,
20876420,Ingle JN,European,NR,"U.S., Canada",
20871597,Miki D,East Asian,NR,NR,
20871597,Miki D,East Asian,NR,NR,
20872241,Li J,European,NR,"Finland, Sweden",
20872241,Li J,NR,NR,NR,
20864672,Waterworth DM,European,NR,"Finland, Italy, U.K., Switzerland",
20864672,Waterworth DM,European,NR,"Finland, Netherlands, U.K.",
20864672,Waterworth DM,South Asian,NR,U.K.,
20861866,Kopplin LJ,European,NR,NR,
20861866,Kopplin LJ,European,NR,U.S.,
20885792,Naj AC,Other,NR,U.S.,
20885792,Naj AC,NR,NR,NR,
20860503,Moffatt MF,"European, Other",NR,"Finland, Australia, Russian Federation, Netherlands, Greece, Canada, Germany, U.K., Switzerland, Austria, Norway, Denmark",
20864672,Waterworth DM,European,NR,"Finland, Italy, U.K., Switzerland",
20864672,Waterworth DM,European,NR,"Finland, Netherlands, U.K.",
20864672,Waterworth DM,South Asian,NR,U.K.,
20864672,Waterworth DM,European,NR,"Finland, Italy, U.K., Switzerland",
20864672,Waterworth DM,European,NR,"Finland, Netherlands, U.K.",
20864672,Waterworth DM,South Asian,NR,U.K.,
20858683,Soranzo N,European,NR,NR,
20852633,Bolton KL,European,NR,U.K.,
20852633,Bolton KL,European,NR,"Finland, U.S., Poland, Australia, Iceland, Canada, Belgium, Germany, Denmark",
20852631,Antoniou AC,European,NR,"Sweden, U.S., Poland, Australia, Netherlands, Canada, Germany, U.K., Spain, France",
20852631,Antoniou AC,European,NR,"Finland, Sweden, U.S., Poland, Czech Republic, Israel, Australia, Netherlands, Canada, Belgium, Germany, U.K., Spain, Austria, France, Denmark",
20852632,Goode EL,European,NR,U.K.,
20852632,Goode EL,European,NR,"U.S., Australia, Iceland, Canada",
20877124,Hiura Y,East Asian,NR,NR,
20877124,Hiura Y,East Asian,NR,Japan,
20862305,Shu XO,East Asian,NR,NR,
20862305,Shu XO,"European, East Asian",NR,"U.S., Republic of Korea, China",
20849430,Franklin CS,European,NR,"U.K., Croatia",
20844546,Adachi S,East Asian,NR,Japan,
20835239,Solouki AM,European,NR,Netherlands,
20835239,Solouki AM,European,NR,"Netherlands, U.K.",
20835236,Hysi PG,European,NR,U.K.,
20835236,Hysi PG,European,NR,"Australia, Netherlands, U.K.",
20835238,Thorleifsson G,European,NR,Iceland,
20835238,Thorleifsson G,European,NR,"Sweden, Australia, U.K.",
20833655,Cha PC,East Asian,NR,NR,
20833655,Cha PC,East Asian,NR,Japan,
20826269,Panicker V,European,NR,U.K.,
20826269,Panicker V,European,NR,Australia,
20825314,Baratz KH,European,NR,NR,
20825314,Baratz KH,NR,NR,NR,
20838585,Smith EN,European,NR,U.S.,
20838585,Smith EN,European,NR,Finland,
20838585,Smith EN,European,NR,U.S.,
20838585,Smith EN,European,NR,Finland,
20832056,Ikeda M,East Asian,NR,Japan,
20832056,Ikeda M,East Asian,NR,Japan,
20832056,Ikeda M,European,NR,U.K.,
20818381,Yamauchi T,East Asian,NR,Japan,
20818381,Yamauchi T,East Asian,NR,"China, Japan",
20818381,Yamauchi T,European,NR,"France, Denmark",
20871662,Fu YP,Hispanic or Latin American,Mexico,NR,
20802204,Baranzini SE,NR,NR,NR,
20834067,Yashin AI,NR,NR,NR,
20808326,Krumbiegel M,European,NR,NR,
20808326,Krumbiegel M,European,NR,Italy,
20802479,Anttila V,European,NR,"Finland, Netherlands, Germany",
20802479,Anttila V,European,NR,"Iceland, Netherlands, Germany, Denmark",
20802025,Tang W,European,NR,NR,
20802025,Tang W,European,NR,NR,
20801718,Laaksovirta H,European,NR,Finland,
20800221,Terracciano A,European,NR,"U.S., Italy",
20811658,Uhl GR,European,NR,NR,
20729853,Wang LD,East Asian,NR,China,
20729853,Wang LD,East Asian,NR,China,
20729852,Abnet CC,East Asian,NR,China,
20719862,Vitart V,European,NR,Croatia,
20719862,Vitart V,European,NR,"U.K., Croatia",
20713499,Huang J,European,NR,NR,
20711177,Hamza TH,European,NR,U.S.,
20711177,Hamza TH,NR,NR,NR,
20711174,Hor H,European,NR,"Italy, Netherlands, Spain, France, Denmark",
20711174,Hor H,European,NR,"Italy, Germany, Switzerland, Spain, France",
20711176,Nakashima M,East Asian,NR,Japan,
20711176,Nakashima M,East Asian,NR,Japan,
20709820,Kong X,European,NR,Norway,
20705733,O'Seaghdha CM,European,NR,"U.S., Netherlands",
20708005,Chalasani N,European,NR,NR,
20708005,Chalasani N,European,NR,NR,
20708005,Chalasani N,European,NR,NR,
20694014,Thye T,Sub-Saharan African,NR,"Ghana, Gambia",
20694014,Thye T,Sub-Saharan African,NR,"Malawi, Ghana",
20694013,Davila S,European,NR,U.K.,
20694013,Davila S,European,NR,"Netherlands, Spain, Austria",
20694011,Ferreira RC,European,NR,"Sweden, Iceland",
20694011,Ferreira RC,European,NR,"Finland, Spain",
20686565,Teslovich TM,European,NR,"Finland, Sweden, U.S., Australia, Iceland, Italy, Netherlands, Germany, U.K., Croatia, Switzerland, Austria, France, Denmark",
20732627,Neale BM,European,NR,"U.S., Netherlands, Germany, U.K., Republic of Ireland",
20686565,Teslovich TM,European,NR,"Finland, Sweden, U.S., Australia, Iceland, Italy, Netherlands, Germany, U.K., Croatia, Switzerland, Austria, France, Denmark",
20700438,Hsiung CA,East Asian,NR,China,
20700438,Hsiung CA,East Asian,NR,"Republic of Korea, China",
20686565,Teslovich TM,European,NR,"Finland, Sweden, U.S., Australia, Iceland, Italy, Netherlands, Germany, U.K., Croatia, Switzerland, Austria, France, Denmark",
20686565,Teslovich TM,European,U.K.,"Finland, Sweden, U.S., Australia, Iceland, Italy, Netherlands, Germany, U.K., Croatia, Switzerland, Austria, France, Denmark",
20700443,Meyer TE,European,NR,U.S.,
20700443,Meyer TE,European,NR,Germany,
20694148,Zabaneh D,South Asian,India,NR,
20694148,Zabaneh D,South Asian,India,NR,
20691247,Verweij KJ,European,NR,NR,
20670164,Horinouchi M,East Asian,NR,NR,
20670164,Horinouchi M,East Asian,NR,NR,
20732625,Neale BM,European,NR,"U.S., Israel, Netherlands, Belgium, Germany, U.K., Switzerland, Spain, Republic of Ireland",
20676096,Zhang H,East Asian,NR,NR,
20676096,Zhang H,East Asian,NR,China,
20707712,Mosing MA,European,NR,Australia,
20014019,Dubinsky MC,NR,NR,U.S.,
20676098,Takata R,East Asian,NR,Japan,
20676098,Takata R,East Asian,NR,Japan,
20675712,Reed DR,European,NR,Australia,
20675712,Reed DR,European,NR,U.S.,
20673876,Rietschel M,European,Germany,Germany,
20673876,Rietschel M,European,Germany,Germany,
20686651,Gudbjartsson DF,European,NR,Iceland,
20686651,Gudbjartsson DF,European,NR,"Iceland, Netherlands",
20686608,Low SK,East Asian,NR,Japan,
20668459,Kim HN,"South East Asian, East Asian",NR,Republic of Korea,
20668430,Genovese G,African American or Afro-Caribbean,NR,U.S.,
20668430,Genovese G,European,NR,U.S.,
20668430,Genovese G,European,NR,NR,
20663923,Anney R,European,NR,"U.S., NR",
20663923,Anney R,"Asian unspecified, African American or Afro-Caribbean, Hispanic or Latin American",NR,"U.S., NR",
20663923,Anney R,NR,NR,NR,
20663923,Anney R,European,NR,NR,
20663923,Anney R,NR,NR,NR,
20663923,Anney R,"European, African American or Afro-Caribbean, Other",NR,NR,
20662065,Clancy RM,European,NR,U.S.,
20659327,Kariuki SN,African American or Afro-Caribbean,NR,U.S.,
20659327,Kariuki SN,European,NR,U.S.,
20659327,Kariuki SN,Hispanic or Latin American,NR,U.S.,
20659327,Kariuki SN,European,NR,U.S.,
20659327,Kariuki SN,Hispanic or Latin American,NR,U.S.,
20659327,Kariuki SN,African American or Afro-Caribbean,NR,U.S.,
20659327,Kariuki SN,Asian unspecified,NR,U.S.,
20657596,Johansen CT,European,NR,NR,
20661308,Kapur K,European,NR,"Italy, U.K., Switzerland",
20661308,Kapur K,South Asian,NR,U.K.,
20661308,Kapur K,European,NR,Iceland,
20639881,Conde L,European,NR,U.S.,
20639881,Conde L,European,NR,"Sweden, U.S., Czech Republic, Australia, Italy, Canada, Germany, Spain, France, Republic of Ireland, Denmark",
20639878,Singer JB,European,NR,"Argentina, Finland, U.S., Poland, Czech Republic, Ecuador, Russian Federation, Chile, Canada, Belgium, South Africa, Peru, Germany, U.K., Switzerland, Venezuela, Mexico",
20639878,Singer JB,Hispanic or Latin American,NR,"Argentina, Finland, U.S., Poland, Czech Republic, Ecuador, Russian Federation, Chile, Canada, Belgium, South Africa, Peru, Germany, U.K., Switzerland, Venezuela, Mexico",
20639878,Singer JB,Other,NR,"Argentina, Finland, U.S., Poland, Czech Republic, Ecuador, Russian Federation, Chile, Canada, Belgium, South Africa, Peru, Germany, U.K., Switzerland, Venezuela, Mexico",
20639878,Singer JB,"European, Hispanic or Latin American, Other",NR,"Argentina, Finland, U.S., Poland, Czech Republic, Ecuador, Russian Federation, Guatemala, Chile, Canada, Belgium, South Africa, Peru, Germany, U.K., Switzerland, Venezuela, Mexico",
20639878,Singer JB,European,NR,"Argentina, Finland, U.S., Poland, Czech Republic, Ecuador, Russian Federation, Chile, Canada, Belgium, South Africa, Peru, Germany, U.K., Switzerland, Venezuela, Mexico",
20639878,Singer JB,Hispanic or Latin American,NR,"Argentina, Finland, U.S., Poland, Czech Republic, Ecuador, Russian Federation, Chile, Canada, Belgium, South Africa, Peru, Germany, U.K., Switzerland, Venezuela, Mexico",
20639878,Singer JB,Other,NR,"Argentina, Finland, U.S., Poland, Czech Republic, Ecuador, Russian Federation, Chile, Canada, Belgium, Peru, Germany, U.K., Switzerland, Venezuela, Mexico",
20639878,Singer JB,"European, Hispanic or Latin American, Other",NR,"Argentina, Finland, U.S., Poland, Czech Republic, Ecuador, Russian Federation, Guatemala, Chile, Canada, Belgium, South Africa, Peru, Germany, U.K., Switzerland, Venezuela, Mexico",
20639880,Liu X,European,NR,Italy,
20639880,Liu X,European,NR,Canada,
20602913,Duffy DL,European,NR,Australia,
20602913,Duffy DL,European,NR,"Australia, U.K.",
20639392,Eijgelsheim M,European,NR,"U.S., Italy, Netherlands, Germany, U.K.",
20639394,Kang TW,East Asian,NR,Republic of Korea,
20639394,Kang TW,East Asian,NR,Republic of Korea,
20637204,Ochi H,East Asian,NR,Japan,
20637204,Ochi H,East Asian,NR,Japan,
20622878,Remmers EF,Other,NR,Turkey,
20622878,Remmers EF,East Asian,NR,Republic of Korea,
20622878,Remmers EF,European,NR,NR,
20622878,Remmers EF,"Greater Middle Eastern (Middle Eastern, North African or Persian)",NR,NR,
20622878,Remmers EF,Other,NR,NR,
20622880,Bezzina CR,European,NR,Netherlands,
20622880,Bezzina CR,European,NR,Netherlands,
20622879,Mizuki N,East Asian,NR,Japan,
20622879,Mizuki N,East Asian,NR,Republic of Korea,
20622879,Mizuki N,Other,NR,NR,
20622881,Gretarsdottir S,European,NR,"Iceland, Netherlands",
20622881,Gretarsdottir S,European,NR,"U.S., Netherlands, Canada, Belgium, U.K., New Zealand, Denmark",
20634892,Calboli FC,European,NR,Switzerland,
20634892,Calboli FC,European,NR,Switzerland,
20613766,Akiyama K,East Asian,NR,Japan,
20613766,Akiyama K,East Asian,NR,Japan,
20610541,Lascorz J,European,NR,Germany,
20610541,Lascorz J,European,NR,"Czech Republic, Germany",
20601957,Uno S,East Asian,NR,Japan,
20601957,Uno S,East Asian,NR,Japan,
20610895,Koriyama H,East Asian,NR,Japan,
20610895,Koriyama H,East Asian,NR,Japan,
20664687,Lin HJ,East Asian,NR,China,
20595679,Feehally J,European,NR,U.K.,
20596022,Petukhova L,European,NR,NR,
20592726,Chen SH,European,NR,U.S.,
20592726,Chen SH,African unspecified,NR,U.S.,
20592726,Chen SH,Hispanic or Latin American,NR,U.S.,
20592726,Chen SH,Asian unspecified,NR,U.S.,
20592726,Chen SH,Other,NR,U.S.,
20592726,Chen SH,European,NR,U.S.,
20592726,Chen SH,African unspecified,NR,U.S.,
20592726,Chen SH,Hispanic or Latin American,NR,U.S.,
20592726,Chen SH,Asian unspecified,NR,U.S.,
20592726,Chen SH,Other,NR,U.S.,
20598377,Nischwitz S,European,NR,NR,
20581827,Voight BF,European,U.K.,"Finland, Iceland, Italy, Netherlands, Germany, U.K., Croatia, France",
20581827,Voight BF,European,"Poland, Netherlands","Finland, U.S., Poland, Netherlands, U.K., Norway",
20585324,Dick DM,European,NR,U.S.,
20585324,Dick DM,African American or Afro-Caribbean,NR,U.S.,
20585324,Dick DM,Other,NR,NR,
20585324,Dick DM,European,NR,U.S.,
20585324,Dick DM,African American or Afro-Caribbean,NR,U.S.,
20585324,Dick DM,Other,NR,NR,
20600896,Engelman CD,Hispanic or Latin American,NR,U.S.,
20600896,Engelman CD,Hispanic or Latin American,NR,U.S.,
20585627,Eriksson N,European,NR,NR,
20585627,Eriksson N,European,NR,NR,
20585627,Eriksson N,European,NR,NR,
20585627,Eriksson N,European,NR,NR,
20585626,Long J,East Asian,NR,China,
20585626,Long J,East Asian,NR,"China, Japan",
20585626,Long J,European,NR,NR,
20534544,Beall CM,East Asian,NR,China,
20534544,Beall CM,East Asian,NR,China,
20570966,McGovern DP,European,NR,U.S.,
20570966,McGovern DP,European,NR,U.S.,
20558996,Ott J,European,NR,Italy,
20558539,Kestenbaum B,European,NR,"U.S., Netherlands",
20558539,Kestenbaum B,European,NR,"Germany, Croatia",
20543847,Turnbull C,European,NR,U.K.,
20543847,Turnbull C,European,NR,U.K.,
20548946,Ramdas WD,European,NR,Netherlands,
20548946,Ramdas WD,European,NR,Netherlands,
20548944,Hsu YH,European,NR,NR,
20548944,Hsu YH,European,NR,U.K.,
20548946,Ramdas WD,European,NR,Netherlands,
20548946,Ramdas WD,European,NR,Netherlands,
20541252,Wang TJ,European,NR,"U.S., U.K.",
20541252,Wang TJ,European,NR,"Sweden, U.S., U.K.",
20532800,Bostrom MA,African American or Afro-Caribbean,NR,U.S.,
20532800,Bostrom MA,African American or Afro-Caribbean,NR,U.S.,
20528957,Oedegaard KJ,European,NR,U.S.,
20528957,Oedegaard KJ,European,NR,Norway,
20529992,Teupser D,European,NR,Germany,
20529992,Teupser D,European,NR,Germany,
20526339,Quan C,East Asian,NR,China,
20526339,Quan C,East Asian,NR,China,
20526338,Johnson AD,European,NR,NR,
20526338,Johnson AD,African American or Afro-Caribbean,NR,U.S.,
20522523,Kasperaviciute D,European,NR,"Finland, U.S., Belgium, U.K., Switzerland, Republic of Ireland, Norway",
20463552,Wu C,East Asian,NR,China,
20463552,Wu C,East Asian,NR,China,
20516156,Lewis CM,European,NR,U.K.,
20516156,Lewis CM,European,NR,"Germany, Switzerland",
20520587,Nielsen DA,European,NR,U.S.,
20520587,Nielsen DA,African American or Afro-Caribbean,NR,U.S.,
20512145,Bei JX,East Asian,NR,China,
20512145,Bei JX,East Asian,NR,China,
20484958,Diergaarde B,European,NR,U.S.,
20484958,Diergaarde B,European,NR,NR,
20463881,Liu F,European,NR,Netherlands,
20463881,Liu F,European,NR,"Australia, U.K.",
20732626,Mick E,"NR, European",NR,NR,
20485516,Lu Y,European,NR,"Australia, U.K.",
20460622,Seshadri S,"European, Hispanic or Latin American",NR,NR,
20460622,Seshadri S,European,Spain,"Spain, France",
20460270,Garcia-Barcelo MM,East Asian,NR,China,
20460270,Garcia-Barcelo MM,East Asian,NR,China,
20453838,Turnbull C,European,NR,U.K.,
20453838,Turnbull C,European,NR,"Netherlands, U.K.",
20453842,Stahl EA,European,NR,"Sweden, U.S., Canada, U.K.",
20453842,Stahl EA,European,NR,"U.S., Netherlands, Canada, U.K.",
20453841,Kochi Y,East Asian,NR,Japan,
20453841,Kochi Y,East Asian,NR,Japan,
20453840,Sanna S,European,Italy,Italy,
20453840,Sanna S,European,Italy,Italy,
20452100,Kramer PL,European,NR,NR,
20451256,Djurovic S,European,NR,Norway,
20451256,Djurovic S,European,NR,Iceland,
20445134,Smith NL,European,NR,"U.S., Netherlands",
20445134,Smith NL,African American or Afro-Caribbean,NR,U.S.,
20436469,Beaty TH,Asian unspecified,NR,"China, Philippines",
20436469,Beaty TH,South Asian,NR,India,
20436469,Beaty TH,Other,NR,"Argentina, Colombia, Guatemala",
20436469,Beaty TH,European,NR,"U.S., Turkey, Spain, Hungary, Denmark",
20436469,Beaty TH,European,NR,U.S.,
20436469,Beaty TH,Asian unspecified,NR,"Republic of Korea, Singapore, China, Philippines",
20436471,Albagha OM,European,NR,"Australia, Italy, U.K., New Zealand",
20436471,Albagha OM,European,NR,"Australia, Italy, U.K., Spain",
20442857,Suchindran S,European,NR,NR,
20421487,Hodgkinson CA,Native American,NR,U.S.,
20421487,Hodgkinson CA,European,NR,U.K.,
20421499,Levy D,European,NR,NR,
20421499,Levy D,European,NR,U.K.,
20421499,Levy D,"African American or Afro-Caribbean, European",NR,U.S.,
20418888,Thorgeirsson TE,European,NR,"Finland, U.S., Australia, Iceland, Netherlands, Germany, U.K., Spain, Estonia, Austria, New Zealand, Denmark",
20418888,Thorgeirsson TE,European,NR,NR,
20418889,Liu JZ,European,NR,"Finland, U.S., Australia, Italy, Canada, Germany, U.K., Croatia, Switzerland, Norway",
20418889,Liu JZ,European,NR,NR,
20418890,Tobacco and Genetics Consortium,European,NR,"Finland, Sweden, U.S., Poland, Czech Republic, Italy, Russian Federation, Netherlands, Romania, Greece, U.K., Croatia, Switzerland, Spain, Hungary, Slovakia, France, Norway",
20418890,Tobacco and Genetics Consortium,NR,NR,NR,
20418485,Ahn J,European,NR,"Finland, U.S.",
20418485,Ahn J,European,NR,NR,
20418489,Qi L,European,NR,U.S.,
20418489,Qi L,European,NR,"Finland, Sweden, U.S., Iceland, Italy, Netherlands, Germany, U.K., Croatia, France",
20421936,Scherag A,European,NR,"Germany, France",
20421936,Scherag A,European,NR,"Finland, Germany, France",
20410501,Jin Y,European,NR,U.K.,
20410501,Jin Y,European,NR,NR,
20400778,Morrison AC,European,NR,NR,
20400778,Morrison AC,African unspecified,NR,NR,
20400458,Kang SJ,Sub-Saharan African,NR,"Nigeria, Niger",
20400458,Kang SJ,African American or Afro-Caribbean,NR,U.S.,
20400458,Kang SJ,African American or Afro-Caribbean,NR,"U.S., Jamaica",
20395239,Macgregor S,European,NR,Australia,
20395239,Macgregor S,European,NR,U.K.,
20395239,Macgregor S,European,NR,U.K.,
20395239,Macgregor S,European,NR,Australia,
20395239,Macgregor S,European,NR,Australia,
20395239,Macgregor S,European,NR,U.K.,
20205591,Pelak K,African American or Afro-Caribbean,NR,U.S.,
20395239,Macgregor S,European,NR,Australia,
20395239,Macgregor S,European,NR,U.K.,
20386566,Lee MT,East Asian,NR,China,
20386566,Lee MT,East Asian,NR,China,
20385826,Neale BM,NR,NR,NR,
20385826,Neale BM,European,NR,NR,
20385826,Neale BM,NR,NR,NR,
20385819,Chen W,European,NR,U.S.,
20385819,Chen W,European,NR,NR,
20385819,Chen W,East Asian,NR,NR,
20383147,Radstake TR,European,NR,"U.S., Netherlands, Germany, Spain",
20383147,Radstake TR,European,NR,"Sweden, U.S., Italy, Netherlands, Belgium, Germany, U.K., Spain, Norway",
20383145,Chambers JC,European,NR,"Netherlands, U.K.",
20383145,Chambers JC,European,NR,"Finland, Italy, U.K., Switzerland",
20383146,Kottgen A,European,NR,"Sweden, U.S., Italy, Netherlands, Germany, U.K., Austria",
20383146,Kottgen A,European,NR,"U.S., Germany, Switzerland",
20372150,Freathy RM,European,NR,"Finland, Netherlands, U.K.",
20372150,Freathy RM,European,NR,"Finland, U.S., Australia, Netherlands, Greece, Germany, U.K.",
20372150,Freathy RM,Other,NR,"Netherlands, Philippines",
20372150,Freathy RM,"Greater Middle Eastern (Middle Eastern, North African or Persian)",NR,Netherlands,
20370913,Ma L,NR,NR,NR,
20370913,Ma L,European,NR,NR,
20364137,Yasuno K,European,NR,Finland,
20364137,Yasuno K,East Asian,NR,Japan,
20363506,Meguro A,East Asian,NR,Japan,
20397748,Liu JZ,European,NR,Australia,
20360315,Uher R,European,NR,NR,
20397748,Liu JZ,European,NR,Australia,
20351715,Liu Y,NR,NR,Netherlands,
20351715,Liu Y,"NR, European",NR,"Republic of Ireland, U.S., U.K.",
20351715,Liu Y,NR,NR,Netherlands,
20351715,Liu Y,"European, NR",NR,"U.S., U.K.",
20350937,Takahashi M,European,NR,Belarus,
20350937,Takahashi M,NR,NR,NR,
20348956,Kiemeney LA,European,NR,"Iceland, Netherlands",
20348956,Kiemeney LA,European,NR,"Sweden, Italy, Netherlands, Romania, Belgium, Germany, U.K., Spain, Hungary, Slovakia",
20360844,Arking DE,European,NR,NR,
20360844,Arking DE,"European, African unspecified",NR,U.S.,
20308991,Kim S,European,NR,NR,
20332263,Azzato EM,NR,NR,NR,
20332263,Azzato EM,European,NR,U.K.,
20339536,Barber MJ,European,NR,U.S.,
20306291,Davis OS,European,NR,U.K.,
20306291,Davis OS,European,NR,U.K.,
20304703,Li Y,European,NR,U.S.,
20304703,Li Y,Other,NR,U.S.,
20304703,Li Y,European,NR,U.S.,
20304703,Li Y,Other,NR,U.S.,
20303064,Houlihan LM,European,NR,U.K.,
20305777,Nakajima M,East Asian,NR,Japan,
20305777,Nakajima M,European,NR,"Greece, Spain",
20305777,Nakajima M,East Asian,NR,Japan,
20303062,Medland SE,European,NR,"Australia, U.K.",
20303062,Medland SE,European,NR,U.K.,
20304771,Newman AB,European,NR,Netherlands,
20304771,Newman AB,European,NR,"Netherlands, Denmark",
20237162,Bozaoglu K,Hispanic or Latin American,NR,U.S.,
20231535,Smith NL,European,NR,U.S.,
20231535,Smith NL,European,NR,U.S.,
20231535,Smith NL,European,NR,U.S.,
20231535,Smith NL,European,NR,Sweden,
20231535,Smith NL,European,NR,U.S.,
20231535,Smith NL,European,NR,Sweden,
20228798,Franke A,European,NR,Germany,
20228798,Franke A,European,NR,"Greece, Belgium, Germany, U.K., Lithuania, Norway",
20228799,McGovern DP,European,NR,"Sweden, U.S., Canada",
20228799,McGovern DP,European,NR,"Italy, Netherlands",
20222955,Pattaro C,European,NR,"Sweden, Italy, Netherlands, U.K., Croatia",
20222955,Pattaro C,European,NR,"Germany, Croatia",
20212171,Buil A,European,NR,Spain,
20208534,Rothenberg ME,European,NR,NR,
20208534,Rothenberg ME,European,NR,NR,
20202923,Bierut LJ,European,NR,U.S.,
20202923,Bierut LJ,African American or Afro-Caribbean,NR,U.S.,
20202923,Bierut LJ,European,NR,Germany,
20195266,Adkins DE,European,NR,U.S.,
20195266,Adkins DE,African American or Afro-Caribbean,NR,U.S.,
20195266,Adkins DE,Other,NR,U.S.,
20197096,Stein JL,European,NR,U.S.,
20235792,Uhl GR,European,NR,U.K.,
20197096,Stein JL,European,NR,U.S.,
20201924,Edenberg HJ,European,NR,U.S.,
20201924,Edenberg HJ,African American or Afro-Caribbean,NR,U.S.,
20487506,Joubert BR,Sub-Saharan African,NR,Malawi,
20190752,Dubois PC,European,NR,"Finland, Italy, Netherlands, U.K.",
20190752,Dubois PC,European,NR,"Finland, U.S., Poland, Italy, Spain, Hungary, Republic of Ireland",
20189936,Okada Y,East Asian,NR,Japan,
20195514,Pillas D,European,NR,"Finland, U.K.",
20195514,Pillas D,European,NR,"Finland, U.K.",
20189245,Han S,East Asian,NR,Republic of Korea,
20185149,Athanasiu L,European,NR,Norway,
20185149,Athanasiu L,European,NR,"Finland, Iceland, Italy, Germany, U.K.",
20147318,Qi L,European,NR,U.S.,
20147318,Qi L,European,NR,U.S.,
20167575,Sun Q,European,NR,U.S.,
20167575,Sun Q,European,NR,Cyprus,
20173748,Cho MH,European,NR,Norway,
20173748,Cho MH,European,NR,NR,
20173748,Cho MH,NR,NR,NR,
20173735,Fellay J,European,NR,U.S.,
20173735,Fellay J,Sub-Saharan African,NR,U.S.,
20173735,Fellay J,NR,NR,U.S.,
20173747,Ellinor PT,European,NR,Germany,
20173747,Ellinor PT,European,NR,Germany,
20174558,Tsai FJ,East Asian,NR,China,
20174558,Tsai FJ,East Asian,NR,China,
20172861,Okada Y,East Asian,NR,NR,
20172861,Okada Y,East Asian,NR,NR,
20167578,Barbalic M,European,NR,"U.S., Netherlands",
20171287,Stein JL,European,NR,U.S.,
20164292,Koller DL,European,NR,NR,
20164292,Koller DL,European,NR,NR,
20064070,Herbeck JT,European,NR,U.S.,
20064070,Herbeck JT,European,NR,U.S.,
20154673,Van Deerlin VM,European,NR,"Finland, Sweden, U.S., Australia, Netherlands, Canada, Belgium, Germany, U.K., Spain, France",
20154673,Van Deerlin VM,European,NR,"U.S., Australia, Netherlands, Canada, Belgium, U.K., Spain",
20154341,Lange LA,NR,NR,Philippines,
20154341,Lange LA,NR,NR,Philippines,
20159113,Jakkula E,European,NR,Finland,
20159113,Jakkula E,European,NR,"Finland, Netherlands, U.K., Switzerland, Norway, Denmark",
20159113,Jakkula E,NR,NR,U.S.,
20169177,Yang W,East Asian,NR,China,
20169177,Yang W,East Asian,NR,"China, Thailand",
20169177,Yang W,South East Asian,NR,Thailand,
20150558,He M,European,NR,NR,
20150558,He M,European,NR,NR,
20152958,Xing C,African American or Afro-Caribbean,NR,NR,
20152958,Xing C,European,NR,NR,
20152958,Xing C,European,NR,NR,
20152958,Xing C,African American or Afro-Caribbean,NR,NR,
20139977,Codd V,European,NR,U.K.,
20139977,Codd V,European,NR,"Netherlands, U.K.",
20139978,Kamatani Y,East Asian,NR,NR,
20139978,Kamatani Y,East Asian,NR,NR,
20139978,Kamatani Y,East Asian,NR,NR,
20139978,Kamatani Y,East Asian,NR,NR,
20139978,Kamatani Y,East Asian,NR,NR,
20139978,Kamatani Y,East Asian,NR,NR,
20139978,Kamatani Y,East Asian,NR,NR,
20139978,Kamatani Y,East Asian,NR,NR,
20139978,Kamatani Y,East Asian,NR,NR,
20125193,Cirulli ET,European,NR,U.S.,
20125193,Cirulli ET,East Asian,NR,U.S.,
20125193,Cirulli ET,Hispanic or Latin American,NR,U.S.,
20125193,Cirulli ET,South Asian,NR,U.S.,
20125088,Shi J,European,NR,U.S.,
20159242,Li X,European,NR,NR,
20117844,Brynedal B,European,NR,"Sweden, Italy, France",
20117844,Brynedal B,European,NR,"Sweden, France",
20200953,Karasik D,NR,NR,NR,
20101243,Petersen GM,European,NR,"Finland, U.S., Canada",
20101243,Petersen GM,Other,NR,"U.S., Canada",
20101243,Petersen GM,East Asian,NR,China,
20100581,Shen L,European,NR,"U.S., Canada",
20096396,Kung AW,East Asian,NR,NR,
20096396,Kung AW,European,NR,U.K.,
20096396,Kung AW,East Asian,NR,China,
20081858,Dupuis J,European,NR,"Canada, U.S., Australia, Germany, Netherlands, Switzerland, Finland, Iceland, Sweden, U.K., Croatia, Italy",
20081858,Dupuis J,European,NR,"U.S., Australia, Germany, Netherlands, Denmark, Finland, Iceland, Sweden, Greece, Spain",
20081858,Dupuis J,European,NR,"Canada, U.S., Australia, Germany, Netherlands, Switzerland, Finland, Iceland, Sweden, U.K., Croatia, Italy",
20081858,Dupuis J,European,NR,"U.S., Australia, Germany, Netherlands, Denmark, Finland, Iceland, Sweden, Greece, Spain",
20081858,Dupuis J,European,NR,"Canada, U.S., Australia, Germany, Netherlands, Switzerland, Finland, Iceland, Sweden, U.K., Croatia, Italy",
20081858,Dupuis J,European,NR,"U.S., Australia, Germany, Netherlands, Denmark, Finland, Iceland, Sweden, Greece, Spain",
20081858,Dupuis J,European,NR,"Finland, Sweden, U.S., Australia, Iceland, Netherlands, Greece, Germany, U.K., Spain, France, Denmark",
20081858,Dupuis J,European,NR,"Finland, Sweden, U.S., Australia, Iceland, Italy, Netherlands, Canada, Germany, U.K., Croatia, Switzerland",
20081857,Saxena R,"European, Other",NR,"Finland, Sweden, U.S., Germany, U.K., Switzerland",
20081857,Saxena R,European,NR,"Finland, Sweden, U.S., Germany, U.K., France, Denmark",
20081856,McMahon FJ,European,NR,Germany,
20081856,McMahon FJ,European,NR,"Canada, Germany, U.K., Switzerland",
20070850,Edwards TL,European,NR,NR,
20068591,Van Laer L,European,Finland,Finland,
20066004,Chung CM,East Asian,NR,China,
20066004,Chung CM,East Asian,NR,China,
20062062,Reveille JD,European,NR,NR,
20062062,Reveille JD,European,NR,NR,
20062060,Pfeufer A,European,NR,NR,
20062063,Holm H,European,NR,Iceland,
20062063,Holm H,European,NR,Iceland,
20062061,Chambers JC,South Asian,NR,U.K.,
20062061,Chambers JC,South Asian,NR,U.K.,
20062061,Chambers JC,European,NR,U.K.,
20072603,Guo Y,East Asian,NR,China,
20072603,Guo Y,East Asian,NR,China,
20066028,Igl W,European,NR,Sweden,
20066028,Igl W,European,NR,"Italy, Netherlands, U.K., Croatia",
20112360,Kerkhof HJ,European,NR,NR,
20112360,Kerkhof HJ,European,NR,"Iceland, Greece, U.K.",
20112360,Kerkhof HJ,Other,NR,"U.S., Netherlands",
20112360,Kerkhof HJ,NR,NR,NR,
20060832,Rauch A,European,NR,"Germany, Switzerland",
20215924,Liu X,European,NR,NR,
20215924,Liu X,African American or Afro-Caribbean,NR,NR,
20215924,Liu X,Other,NR,NR,
20009918,Shrestha S,European,NR,U.S.,
20044523,Debette S,African American or Afro-Caribbean,NR,U.S.,
20044523,Debette S,European,NR,"U.S., Iceland, Netherlands, Austria",
20044523,Debette S,European,NR,NR,
20045101,Ferreira MA,European,NR,Australia,
20045101,Ferreira MA,European,NR,"Australia, U.K.",
20038948,Papassotiropoulos A,European,NR,Switzerland,
20038948,Papassotiropoulos A,European,NR,"Germany, Switzerland",
20038947,Shyn SI,European,NR,Netherlands,
20037589,Illig T,European,NR,Germany,
20037589,Illig T,European,NR,"Germany, U.K.",
20041166,Fellay J,European,NR,U.S.,
20032318,Sleiman PM,European,NR,NR,
20032318,Sleiman PM,African American or Afro-Caribbean,NR,NR,
20032318,Sleiman PM,European,NR,"Germany, U.K., Denmark",
20023658,Mangold E,European,NR,Germany,
20023658,Mangold E,European,NR,"Bulgaria, Slovenia, Italy, Netherlands, U.K., Spain, Estonia, Hungary, Slovakia",
20018961,Zhang FR,East Asian,NR,China,
20018961,Zhang FR,East Asian,NR,China,
20018918,Solovieff N,African unspecified,NR,NR,
20018918,Solovieff N,African unspecified,NR,NR,
20018918,Solovieff N,South East Asian,NR,Thailand,
20018918,Solovieff N,East Asian,NR,"China, China, Hong Kong SAR",
20010834,Repapi E,European,"Finland, U.K.","Finland, Sweden, Germany, U.K., Croatia",
20010834,Repapi E,European,NR,"Finland, Australia, Germany, U.K.",
20010835,Hancock DB,European,NR,NR,
20010835,Hancock DB,European,NR,NR,
20012890,Ronald A,European,NR,U.K.,
20012890,Ronald A,European,NR,U.K.,
20175129,Zhao LJ,European,NR,U.S.,
20175129,Zhao LJ,East Asian,NR,China,
20175129,Zhao LJ,European,NR,U.S.,
19961619,Castro-Giner F,European,NR,"Germany, U.K., Spain",
19961619,Castro-Giner F,European,NR,"Germany, U.K., Spain",
19966805,Wallace C,European,NR,"U.S., U.K.",
19966805,Wallace C,European,NR,NR,
20011104,Richards JB,European,NR,"U.K., Switzerland",
20011104,Richards JB,European,NR,"U.S., Italy, U.K.",
20018283,Heid IM,European,NR,"Italy, Netherlands",
20018283,Heid IM,European,NR,"Italy, U.K., Switzerland",
19954339,Yin CS,East Asian,NR,Republic of Korea,
19950302,Zhou X,European,NR,U.S.,
19950302,Zhou X,East Asian,NR,Republic of Korea,
19944697,Karlsen TH,European,NR,Norway,
19944697,Karlsen TH,European,NR,"Sweden, Netherlands, Belgium, Germany, Norway",
19936222,Chasman DI,European,NR,NR,
19936222,Chasman DI,European,NR,"Sweden, Italy, Germany, U.K.",
19936222,Chasman DI,NR,NR,NR,
20183929,Nuinoon M,South Asian,NR,NR,
20183929,Nuinoon M,South Asian,NR,NR,
19915575,Simon-Sanchez J,European,NR,"U.S., Germany",
19915575,Simon-Sanchez J,European,NR,"U.S., Germany, U.K.",
19915574,Imielinski M,European,NR,"U.S., Italy, Canada, U.K.",
19915574,Imielinski M,European,NR,NR,
19915572,Barrett JC,European,NR,U.K.,
19915572,Barrett JC,European,NR,U.K.,
19915573,Asano K,East Asian,NR,Japan,
19915573,Asano K,East Asian,NR,Japan,
19915576,Satake W,East Asian,NR,Japan,
19915576,Satake W,East Asian,NR,Japan,
20039944,Docherty SJ,European,NR,U.K.,
20039944,Docherty SJ,European,NR,U.K.,
19910028,Mathias RA,African American or Afro-Caribbean,NR,"U.S., Barbados",
19910028,Mathias RA,European,NR,U.K.,
19910028,Mathias RA,African American or Afro-Caribbean,NR,U.S.,
19902172,Palmer ND,Hispanic or Latin American,NR,U.S.,
19902172,Palmer ND,Hispanic or Latin American,NR,U.S.,
19901119,Trevino LR,European,NR,U.S.,
19901119,Trevino LR,NR,NR,U.S.,
19901119,Trevino LR,African American or Afro-Caribbean,NR,U.S.,
19901119,Trevino LR,Other,NR,U.S.,
19901119,Trevino LR,Asian unspecified,NR,U.S.,
19893584,Kim JJ,East Asian,NR,Republic of Korea,
19897590,Schaefer AS,European,NR,Germany,
19897590,Schaefer AS,European,NR,Netherlands,
19890347,Birlea SA,European,NR,Romania,
19896111,Medland SE,European,NR,NR,
19929986,Craig DW,European,NR,NR,
19838195,Gateva V,European,NR,"U.S., Sweden",
19838195,Gateva V,European,NR,U.S.,
19880490,Tanaka T,European,NR,"U.S., Italy",
19880490,Tanaka T,NR,NR,NR,
19874204,Guo Y,European,NR,U.S.,
19874204,Guo Y,European,NR,NR,
19875614,Paterson AD,European,NR,NR,
19875614,Paterson AD,European,NR,NR,
19875103,Aberg K,European,NR,U.S.,
19875103,Aberg K,African American or Afro-Caribbean,NR,U.S.,
19875103,Aberg K,Other,NR,U.S.,
20029952,Sebastiani P,African American or Afro-Caribbean,NR,U.S.,
20029952,Sebastiani P,African American or Afro-Caribbean,NR,U.S.,
19851299,Johansson A,European,NR,"Sweden, Italy, Netherlands, U.K., Croatia",
19851299,Johansson A,European,NR,"Sweden, Italy, Netherlands, U.K., Croatia",
19853236,Ferreira MA,European,NR,NR,
19853236,Ferreira MA,NR,NR,NR,
19853236,Ferreira MA,European,NR,Australia,
19850125,Kim HJ,East Asian,NR,Republic of Korea,
19850125,Kim HJ,East Asian,NR,Republic of Korea,
19846067,Garriock HA,European,NR,U.S.,
19846067,Garriock HA,African American or Afro-Caribbean,NR,U.S.,
19846067,Garriock HA,Hispanic or Latin American,NR,U.S.,
19838193,Han JW,East Asian,NR,China,
19838193,Han JW,East Asian,NR,China,
19836008,Landi MT,European,NR,"U.S., Poland, Czech Republic, Iceland, Russian Federation, Romania, Canada, Germany, U.K., Estonia, Hungary, Slovakia, France, Norway",
19836008,Landi MT,European,NR,"Finland, U.S., Italy",
19862010,Ganesh SK,European,NR,"U.S., Iceland, Italy, Netherlands",
19862010,Ganesh SK,European,NR,"Germany, U.K.",
19820697,Soranzo N,European,NR,"Germany, U.K.",
19820697,Soranzo N,European,NR,Germany,
19820697,Soranzo N,European,NR,"Germany, U.K.",
19820697,Soranzo N,European,NR,Germany,
19862010,Ganesh SK,European,NR,"U.S., Iceland, Italy, Netherlands",
19862010,Ganesh SK,European,NR,"Germany, U.K.",
19862010,Ganesh SK,European,NR,"U.S., Iceland, Italy, Netherlands",
19862010,Ganesh SK,European,NR,"Germany, U.K.",
19862010,Ganesh SK,European,NR,"U.S., Iceland, Italy, Netherlands",
19862010,Ganesh SK,European,NR,"Germany, U.K.",
19862010,Ganesh SK,European,NR,"U.S., Iceland, Italy, Netherlands",
19862010,Ganesh SK,European,NR,"Germany, U.K.",
19820698,Chambers JC,European,NR,"Finland, U.K.",
19820698,Chambers JC,South Asian,India,U.K.,
19820698,Chambers JC,European,NR,U.K.,
19820698,Chambers JC,South Asian,India,U.K.,
19820699,Benyamin B,European,NR,Australia,
19820699,Benyamin B,European,NR,NR,
19812673,Weiss LA,"African American or Afro-Caribbean, European, Hispanic or Latin American, Oceanian, Asian unspecified, Native American, Other",NR,NR,
19812673,Weiss LA,"European, Greater Middle Eastern (Middle Eastern, North African or Persian)",NR,NR,
19812673,Weiss LA,NR,NR,NR,
19801982,Rivadeneira F,European,NR,"Netherlands, U.K.",
19801982,Rivadeneira F,European,NR,"Netherlands, U.K.",
19798445,Hicks AA,European,NR,"Sweden, Italy, U.K., Croatia",
19786962,Roeske D,European,NR,Germany,
19786962,Roeske D,European,NR,Germany,
19779542,Nakanishi H,East Asian,NR,Japan,
19779542,Nakanishi H,East Asian,NR,Japan,
19772629,Latourelle JC,European,NR,NR,
19772629,Latourelle JC,NR,NR,NR,
19772629,Latourelle JC,European,NR,Italy,
19767753,Eeles RA,European,NR,U.K.,
19767753,Eeles RA,"African American or Afro-Caribbean, European, Hispanic or Latin American, Oceanian, East Asian",NR,NR,
19767754,Gudmundsson J,European,NR,Iceland,
19767754,Gudmundsson J,European,NR,"Finland, U.S., Iceland, Netherlands, Spain",
19754311,Le Clerc S,European,NR,France,
19749757,Tanaka Y,East Asian,NR,Japan,
19749757,Tanaka Y,East Asian,NR,Japan,
19749758,Suppiah V,European,NR,Australia,
19749758,Suppiah V,European,NR,"Australia, Italy, Germany, U.K.",
20061627,Heinzen EL,European,NR,NR,
19744961,Hazra A,European,NR,U.S.,
19740415,Sha Q,European,NR,NR,
19734901,van Es MA,European,NR,"U.S., Poland, Netherlands, Germany, U.K., France",
19734901,van Es MA,European,NR,"Sweden, U.S., Netherlands, Belgium",
19734903,Lambert JC,European,NR,France,
19734903,Lambert JC,European,NR,"Finland, Italy, Belgium, Spain",
19734900,Rung J,European,NR,France,
19734900,Rung J,European,NR,"France, Denmark",
19734902,Harold D,European,NR,"U.S., U.K.",
19734902,Harold D,European,NR,"Greece, Belgium, Germany",
19734545,Need AC,European,NR,"U.S., U.K.",
19734545,Need AC,East Asian,NR,"U.S., U.K.",
19734545,Need AC,South Asian,NR,"U.S., U.K.",
19734545,Need AC,NR,NR,"U.S., U.K.",
19729612,Paterson AD,European,NR,NR,
19729612,Paterson AD,European,NR,NR,
19729412,Tonjes A,European,NR,Germany,
19729412,Tonjes A,European,NR,Germany,
19727025,De Moor MH,European,NR,"U.S., Netherlands",
19736353,Ising M,European,NR,Germany,
19736353,Ising M,European,NR,Germany,
19723657,Spain SL,European,NR,U.K.,
19723657,Spain SL,European,NR,U.K.,
19721433,McClay JL,European,NR,U.S.,
19721433,McClay JL,"African American or Afro-Caribbean, Other",NR,U.S.,
19724244,Laje G,"European, Hispanic or Latin American",NR,U.S.,
19724244,Laje G,"European, Hispanic or Latin American",NR,U.S.,
19714205,Hancock DB,Hispanic or Latin American,NR,Mexico,
19714205,Hancock DB,Hispanic or Latin American,NR,"U.S., Mexico",
19714249,Liu YZ,European,NR,U.S.,
19714249,Liu YZ,European,NR,NR,
19706858,Shuldiner AR,European,NR,NR,
19706858,Shuldiner AR,European,NR,NR,
19706858,Shuldiner AR,African American or Afro-Caribbean,NR,NR,
19706858,Shuldiner AR,Other,NR,NR,
19698717,Cui R,East Asian,NR,Japan,
19698717,Cui R,East Asian,NR,Japan,
19684573,Ge D,European,NR,NR,
19684573,Ge D,African American or Afro-Caribbean,NR,NR,
19684573,Ge D,Hispanic or Latin American,NR,NR,
19684603,Trevino LR,European,NR,U.S.,
19684604,Papaemmanuil E,European,NR,U.K.,
19680635,Alkelai A,European,NR,U.S.,
19680635,Alkelai A,African American or Afro-Caribbean,NR,U.S.,
19680635,Alkelai A,Other,NR,U.S.,
19668339,Potkin SG,European,NR,"U.S., Canada",
19668339,Potkin SG,African American or Afro-Caribbean,NR,"U.S., Canada",
19668339,Potkin SG,Asian unspecified,NR,"U.S., Canada",
19668339,Potkin SG,Other,NR,"U.S., Canada",
19664746,Tse KP,East Asian,NR,China,
19664746,Tse KP,East Asian,NR,China,
19654303,Broderick P,European,NR,U.K.,
19654303,Broderick P,European,NR,U.K.,
19654303,Broderick P,NR,NR,NR,
19656524,Grant SF,European,NR,U.S.,
19651812,Chambers JC,South Asian,India,U.K.,
19651812,Chambers JC,European,NR,Finland,
19648919,Song H,European,NR,U.K.,
19648919,Song H,European,NR,"U.S., Poland, Australia, Canada, Germany, U.K., Denmark",
19648918,Amundadottir L,European,NR,"Finland, U.S.",
19648918,Amundadottir L,European,NR,"U.S., Canada",
19648920,Wu X,European,NR,U.S.,
19648920,Wu X,European,NR,"Sweden, U.S., Iceland, Italy, Netherlands, Romania, Belgium, U.K., Spain, Hungary, Slovakia",
20031603,Marroni F,European,NR,"Italy, Netherlands, U.K.",
19667218,Comabella M,European,NR,Spain,
19667218,Comabella M,European,NR,Spain,
20031604,Cheng YC,European,NR,U.S.,
20031603,Marroni F,European,NR,"Italy, Netherlands, U.K.",
19625618,Nakano M,East Asian,NR,Japan,
19625618,Nakano M,East Asian,NR,Japan,
19620980,Skibola CF,European,NR,U.S.,
19620980,Skibola CF,European,NR,"U.S., Canada, Germany",
19609347,Adeyemo A,African American or Afro-Caribbean,NR,U.S.,
19609347,Adeyemo A,African unspecified,NR,NR,
19597492,Benjamin EJ,European,NR,U.S.,
19597492,Benjamin EJ,European,NR,Germany,
19597491,Gudbjartsson DF,European,NR,Iceland,
19597491,Gudbjartsson DF,European,NR,"U.S., Iceland, Norway",
19597491,Gudbjartsson DF,East Asian,NR,China,
19587794,Nolte IM,European,NR,"U.S., Canada, U.K.",
19587794,Nolte IM,European,NR,NR,
19584346,Vasan RS,European,NR,"U.S., Netherlands, Germany",
19584346,Vasan RS,European,NR,"Germany, Austria",
19584900,Tonjes A,European,NR,Germany,
19584346,Vasan RS,European,NR,"U.S., Netherlands, Germany",
19584346,Vasan RS,European,NR,"Germany, Austria",
19578366,Wrensch M,European,NR,U.S.,
19578366,Wrensch M,European,NR,"U.S., Canada",
19578366,Wrensch M,"African American or Afro-Caribbean, European, Hispanic or Latin American, Asian unspecified, Native American, Other",NR,"U.S., Canada",
19578366,Wrensch M,Other,NR,"U.S., Canada",
19578364,Bishop DT,European,NR,"Sweden, Australia, Italy, Netherlands, U.K., Spain, France",
19578364,Bishop DT,European,NR,"Sweden, Israel, Australia, Italy, Netherlands, U.K., France",
19578365,Falchi M,European,NR,U.K.,
19578365,Falchi M,European,NR,"Australia, U.K.",
19578367,Shete S,European,NR,"U.S., U.K.",
19578367,Shete S,European,NR,"Sweden, Germany, France",
19578179,Teichert M,European,NR,NR,
19578179,Teichert M,NR,NR,NR,
19571811,Purcell SM,European,NR,"Sweden, Portugal, U.K., Republic of Ireland",
19571811,Purcell SM,European,NR,NR,
19567438,Elliott P,"South Asian, European",NR,"Finland, U.K., Switzerland, France",
19567438,Elliott P,"South Asian, European",NR,U.K.,
19581569,Treutlein J,European,NR,Germany,
19581569,Treutlein J,European,NR,Germany,
19571809,Shi J,European,NR,"U.S., Australia",
19571809,Shi J,African American or Afro-Caribbean,NR,"U.S., Australia",
19571809,Shi J,European,NR,NR,
19570815,Estrada K,European,NR,"Netherlands, Germany",
19570815,Estrada K,European,NR,"Sweden, Netherlands",
19571808,Stefansson H,European,NR,"Finland, Iceland, Italy, Germany, U.K.",
19571808,Stefansson H,European,NR,"Finland, Sweden, Russian Federation, Netherlands, Germany, Spain, Hungary, Norway, Denmark",
19561606,Thorleifsson G,European,NR,"Iceland, Netherlands",
19561606,Thorleifsson G,European,NR,"Iceland, Netherlands",
19557161,Lindgren CM,European,NR,NR,
19557161,Lindgren CM,European,NR,NR,
19557197,Heard-Costa NL,European,NR,"U.S., Italy, Netherlands, Croatia",
19553259,Cotsapas C,European,NR,U.S.,
19525953,De Jager PL,European,NR,"U.S., Netherlands, U.K., Switzerland",
19525953,De Jager PL,European,NR,"U.S., U.K.",
19525955,Bahlo M,European,NR,"U.S., Australia, U.K., New Zealand",
19525955,Bahlo M,European,NR,"Australia, New Zealand",
19525478,Malarstig A,European,NR,Spain,
19525478,Malarstig A,European,NR,"Sweden, Italy, Germany, U.K.",
19508998,Knauff EA,European,NR,Netherlands,
19508998,Knauff EA,European,NR,Netherlands,
19508968,Zhai G,European,NR,U.K.,
19508968,Zhai G,European,NR,"Russian Federation, Netherlands, U.K.",
19503088,Gregersen PK,European,NR,"U.S., Canada",
19503088,Gregersen PK,"European, Other",NR,"U.S., Canada",
19497516,Elmore JR,Other,NR,"U.S., Canada, Belgium",
19497516,Elmore JR,NR,NR,NR,
19503597,Kolz M,European,NR,"Finland, Sweden, Australia, Italy, Germany, U.K., Croatia, Switzerland",
19488044,Smith EN,European,NR,U.S.,
19488044,Smith EN,African American or Afro-Caribbean,NR,U.S.,
19488044,Smith EN,European,NR,NR,
19483681,Rapley EA,European,NR,U.K.,
19483681,Rapley EA,European,NR,U.K.,
19483682,Kanetsky PA,European,NR,U.S.,
19483682,Kanetsky PA,European,NR,U.S.,
19483685,Daly AK,European,NR,U.K.,
19478819,Ng CC,East Asian,NR,Malaysia,
19478819,Ng CC,East Asian,NR,Malaysia,
19478329,Aston KI,European,NR,NR,
19456320,Ma D,European,NR,U.S.,
19456320,Ma D,European,NR,U.S.,
19465909,Jallow M,Sub-Saharan African,NR,Gambia,
19465909,Jallow M,Sub-Saharan African,NR,Gambia,
19461586,Norris JM,Hispanic or Latin American,NR,U.S.,
19461586,Norris JM,Hispanic or Latin American,NR,U.S.,
19458352,Hirschfield GM,European,NR,"U.S., Canada",
19458352,Hirschfield GM,European,NR,"U.S., Canada",
19454037,Arnett DK,European,NR,U.S.,
19454037,Arnett DK,African American or Afro-Caribbean,NR,U.S.,
19454037,Arnett DK,European,NR,U.S.,
19451621,Landers JE,"European, Other",NR,"U.S., Netherlands, France",
19451621,Landers JE,"European, Other",NR,"U.S., Netherlands, France",
19448623,Ong KK,European,NR,"U.K., Switzerland",
19448623,Ong KK,European,NR,U.K.,
19448621,He C,European,NR,U.S.,
19448620,Perry JR,European,NR,"U.S., Italy, Netherlands, U.K.",
19448622,Sulem P,European,NR,Iceland,
19448622,Sulem P,European,NR,"Iceland, Netherlands, Denmark",
19448619,Stolk L,European,NR,Netherlands,
19448619,Stolk L,European,NR,Netherlands,
19448189,Perlis RH,Other,NR,U.S.,
19448189,Perlis RH,European,NR,U.K.,
19442274,Fei Y,Other,NR,Turkey,
19430479,Levy D,European,NR,U.S.,
19430479,Levy D,European,NR,NR,
19430482,Kottgen A,European,NR,"U.S., Netherlands",
19430482,Kottgen A,NR,NR,NR,
19430482,Kottgen A,European,NR,Iceland,
19430480,Barrett JC,European,NR,U.K.,
19430480,Barrett JC,European,NR,"U.K., Denmark",
19430483,Newton-Cheh C,European,NR,"Finland, Sweden, U.S., Italy, Germany, U.K., Switzerland, Spain, France",
19430483,Newton-Cheh C,European,NR,"Finland, Sweden, Italy, Netherlands, U.K.",
19430483,Newton-Cheh C,South Asian,NR,U.K.,
19430483,Newton-Cheh C,European,NR,"Finland, Sweden, U.S., Italy, Germany, U.K., Switzerland, Spain, France",
19430483,Newton-Cheh C,European,NR,"Finland, Sweden, Italy, Netherlands, U.K.",
19430483,Newton-Cheh C,South Asian,NR,U.K.,
19430479,Levy D,European,NR,U.S.,
19430479,Levy D,European,NR,NR,
19430479,Levy D,European,NR,U.S.,
19430479,Levy D,European,NR,NR,
19430760,Rich SS,Hispanic or Latin American,NR,U.S.,
19430760,Rich SS,Hispanic or Latin American,NR,U.S.,
19426955,Himes BE,European,NR,NR,
19426955,Himes BE,European,NR,U.K.,
19426955,Himes BE,African American or Afro-Caribbean,NR,Barbados,
19426955,Himes BE,Hispanic or Latin American,NR,Costa Rica,
19426955,Himes BE,"European, Hispanic or Latin American",NR,NR,
19421330,Yang HC,East Asian,NR,China,
19421330,Yang HC,East Asian,NR,China,
19419973,Sanna S,European,NR,Italy,
19419973,Sanna S,European,NR,"U.S., Italy",
19416921,Scott LJ,European,NR,"Canada, U.K.",
19414484,Johnson AD,Other,NR,Netherlands,
19412175,Capasso M,European,NR,NR,
19412175,Capasso M,European,NR,"U.S., U.K.",
19412176,Hallmayer J,East Asian,NR,NR,
19412176,Hallmayer J,European,NR,"U.S., Canada",
19412176,Hallmayer J,African American or Afro-Caribbean,NR,NR,
19412176,Hallmayer J,European,NR,NR,
19330027,Ahmed S,European,NR,U.K.,
19330027,Ahmed S,European,NR,"Canada, U.S., Australia, New Zealand, Germany, Netherlands, Belarus, Poland, Russian Federation, Denmark, Finland, Norway, Sweden, U.K., Spain",
19330027,Ahmed S,East Asian,NR,"Republic of Korea, Taiwan",
19330027,Ahmed S,European,NR,U.K.,
19330027,Ahmed S,European,NR,"U.S., Australia, New Zealand, U.K.",
19401414,Takeuchi F,East Asian,NR,NR,
19401414,Takeuchi F,East Asian,NR,Japan,
19404256,Wang K,European,NR,U.S.,
19404256,Wang K,European,NR,U.S.,
19396169,Cho YS,East Asian,NR,Republic of Korea,
19396169,Cho YS,East Asian,NR,Republic of Korea,
19396169,Cho YS,East Asian,NR,Republic of Korea,
19396169,Cho YS,East Asian,NR,Republic of Korea,
19369658,Ikram MA,European,NR,"U.S., Netherlands",
19369658,Ikram MA,African American or Afro-Caribbean,NR,U.S.,
19369658,Ikram MA,European,NR,"Netherlands, NR",
19367585,Poduslo SE,European,NR,U.S.,
19367585,Poduslo SE,African American or Afro-Caribbean,NR,U.S.,
19359809,Hiura Y,East Asian,NR,NR,
19359809,Hiura Y,East Asian,NR,NR,
19359265,Mangino M,European,NR,U.K.,
19359265,Mangino M,European,NR,U.K.,
19349983,Kamatani Y,East Asian,NR,Japan,
19349983,Kamatani Y,East Asian,NR,Japan,
19349983,Kamatani Y,South East Asian,NR,Thailand,
19349984,Esparza-Gordillo J,European,NR,Germany,
19349984,Esparza-Gordillo J,European,NR,"Poland, Czech Republic, Germany",
19403135,Yamada Y,East Asian,NR,Japan,
19403135,Yamada Y,East Asian,NR,Japan,
19343178,Soranzo N,European,NR,"Russian Federation, U.K.",
19343178,Soranzo N,European,NR,"Netherlands, U.K.",
19340012,Nan H,European,NR,U.S.,
19340012,Nan H,European,NR,U.S.,
20031576,Dehghan A,European,NR,"U.S., Netherlands, Germany",
20031576,Dehghan A,European,NR,NR,
20031578,Pare G,European,NR,NR,
20031578,Pare G,European,NR,"Sweden, Italy, Germany, U.K.",
20031577,Danik JS,European,NR,NR,
20031579,Tarasov KV,European,Italy,Italy,
20031579,Tarasov KV,European,Italy,"U.S., Italy",
20031582,Thompson JF,European,NR,NR,
20031582,Thompson JF,European,NR,NR,
20031582,Thompson JF,NR,NR,NR,
19330030,Thomas G,European,NR,NR,
19330030,Thomas G,European,NR,"U.S., Poland, Norway",
19305409,Pfeufer A,European,NR,"U.S., Italy, Germany",
19305409,Pfeufer A,NR,NR,NR,
19305408,Newton-Cheh C,European,NR,NR,
19305408,Newton-Cheh C,European,NR,NR,
19300500,Wilk JB,European,NR,U.S.,
19300500,Wilk JB,European,NR,U.S.,
19300499,Takeuchi F,European,NR,Sweden,
19300499,Takeuchi F,European,NR,Sweden,
19300482,Pillai SG,European,NR,Norway,
19300482,Pillai SG,European,NR,"U.S., Norway",
19300482,Pillai SG,NR,NR,NR,
19304780,Org E,European,NR,Germany,
19304780,Org E,European,NR,"Germany, Estonia",
19303062,Tanaka T,European,NR,"U.S., Italy",
19303062,Tanaka T,European,NR,Italy,
19287384,Kilpivaara O,European,NR,NR,
19287509,Cui J,European,NR,U.S.,
19287509,Cui J,European,NR,NR,
19282985,Liu YZ,European,NR,U.S.,
19282985,Liu YZ,European,NR,U.S.,
19282985,Liu YZ,East Asian,NR,China,
19278955,Tregouet DA,European,NR,France,
19278955,Tregouet DA,European,NR,France,
19270707,Birnbaum S,European,NR,Germany,
19270707,Birnbaum S,NR,NR,NR,
19268274,Liu XG,European,NR,U.S.,
19268274,Liu XG,European,NR,U.S.,
19268274,Liu XG,East Asian,NR,China,
19268276,Vink JM,European,NR,NR,
19268276,Vink JM,European,NR,"Finland, Sweden, Australia, U.K., Denmark",
19268276,Vink JM,Other,NR,Netherlands,
19259986,Hattori E,East Asian,NR,Japan,
19259986,Hattori E,East Asian,NR,Japan,
19252134,Pezzolesi MG,European,NR,"U.S., Canada",
19252134,Pezzolesi MG,European,NR,NR,
19247474,Caporaso N,European,NR,NR,
19249006,Xiong DH,European,NR,U.S.,
19249006,Xiong DH,European,NR,U.S.,
19249006,Xiong DH,East Asian,NR,China,
19249006,Xiong DH,African unspecified,NR,Trinidad and Tobago,
19242412,Gu Y,NR,NR,NR,
19242412,Gu Y,European,NR,NR,
19242412,Gu Y,European,NR,NR,
19230858,Schrauwen I,Other,NR,"Netherlands, Belgium",
19230858,Schrauwen I,Other,NR,"Netherlands, Belgium, France",
19219042,Zheng W,East Asian,NR,China,
19219042,Zheng W,East Asian,NR,China,
19219042,Zheng W,European,NR,U.S.,
19389651,Smith JG,Oceanian,NR,Micronesia (Federated States of),
19221038,Soranzo N,NR,NR,NR,
19221038,Soranzo N,NR,NR,NR,
19221038,Soranzo N,European,NR,Germany,
19198611,Tregouet DA,European,NR,U.K.,
19198611,Tregouet DA,European,NR,"Germany, U.K., France",
19198612,Erdmann J,European,NR,Germany,
19198612,Erdmann J,European,NR,"Finland, Sweden, U.S., Germany, U.K.",
19198609,Kathiresan S,European,NR,"Finland, Sweden, U.S., Italy, Spain",
19198609,Kathiresan S,European,Republic of Ireland,"Sweden, Iceland, Germany",
19198610,Gudbjartsson DF,European,NR,Iceland,
19198610,Gudbjartsson DF,European,NR,"Sweden, U.S., Australia, Italy, Netherlands, Germany, U.K., Denmark",
19198610,Gudbjartsson DF,East Asian,NR,Republic of Korea,
19197348,Lowe JK,Oceanian,NR,Micronesia (Federated States of),
19198613,Gudmundsson J,European,NR,Iceland,
19198613,Gudmundsson J,European,NR,"U.S., Spain",
19197363,Need AC,European,NR,"Germany, U.K.",
19197363,Need AC,European,NR,"U.S., Iceland, Italy, Germany",
19196962,Garcia-Barcelo MM,East Asian,NR,China,
19196962,Garcia-Barcelo MM,East Asian,NR,China,
19193627,Chio A,European,NR,"U.S., Italy",
19193627,Chio A,European,NR,"U.S., Italy, Germany",
19188921,Liu YZ,European,NR,U.S.,
19188921,Liu YZ,European,NR,NR,
19188921,Liu YZ,African American or Afro-Caribbean,NR,U.S.,
19260139,Polasek O,European,NR,Croatia,
20031564,Ridker PM,European,NR,NR,
19187332,Kim SH,East Asian,NR,Republic of Korea,
19260141,Zemunik T,European,NR,Croatia,
19207018,Kim H,European,NR,NR,
19182806,Stefansson H,European,NR,Iceland,
19182806,Stefansson H,European,NR,"U.S., Iceland, Germany, Austria",
19181680,Timpson NJ,European,NR,"Australia, U.K.",
19181680,Timpson NJ,European,NR,U.K.,
19185284,Ferrucci L,European,NR,Italy,
19185284,Ferrucci L,European,NR,"Finland, U.S.",
19185284,Ferrucci L,NR,NR,NR,
19176441,Yang JJ,European,NR,NR,
19176441,Yang JJ,Other,NR,NR,
19176441,Yang JJ,African unspecified,NR,NR,
19169254,Nair RP,European,NR,NR,
19169254,Nair RP,European,NR,NR,
19169255,Zhang XJ,East Asian,NR,China,
19169255,Zhang XJ,East Asian,NR,China,
19165232,Otowa T,East Asian,NR,Japan,
19165155,Ling H,European,NR,"Finland, U.S., Australia, Canada, Switzerland",
19151714,Meyre D,European,NR,"Switzerland, France",
19151714,Meyre D,European,NR,France,
19151717,Rafnar T,European,NR,Iceland,
19151717,Rafnar T,European,NR,"Iceland, Romania, Hungary, Slovakia",
19148276,Tanaka T,European,NR,Italy,
19148276,Tanaka T,European,NR,U.S.,
19136949,Carrasquillo MM,European,NR,U.S.,
19136949,Carrasquillo MM,European,NR,U.S.,
19132087,Burgner D,European,NR,NR,
19132087,Burgner D,European,NR,"U.S., Australia, U.K.",
19124843,Ober C,Other,NR,U.S.,
19124843,Ober C,European,NR,NR,
19125160,Feulner TM,European,NR,Germany,
19122664,Silverberg MS,European,NR,"U.S., Canada",
19122664,Silverberg MS,European,NR,"U.S., Italy, Canada",
19118814,Beecham GW,European,NR,U.S.,
19118814,Beecham GW,European,NR,U.S.,
19116933,Hinks A,European,NR,U.K.,
19116933,Hinks A,European,NR,U.K.,
19117981,Sun J,European,NR,"U.S., France",
19117981,Sun J,European,NR,"U.S., France",
19117981,Sun J,NR,NR,NR,
19115949,Limou S,European,NR,France,
19115949,Limou S,NR,NR,NR,
19115949,Limou S,NR,NR,NR,
19114657,Wang Y,European,NR,U.S.,
19114657,Wang Y,Other,NR,"U.S., Canada",
19114657,Wang Y,European,Switzerland,U.S.,
19110211,Meisinger C,European,NR,Germany,
19110211,Meisinger C,European,NR,"Germany, U.K.",
19107115,Muglia P,European,NR,"Germany, Switzerland",
19096518,Pare G,European,NR,NR,
19096518,Pare G,European,NR,NR,
19084217,Benyamin B,European,NR,Australia,
19084217,Benyamin B,European,NR,Australia,
19074352,Pollin TI,Other,NR,NR,
19074352,Pollin TI,Other,NR,NR,
19079260,Thorleifsson G,European,NR,"U.S., Iceland, Netherlands",
19079260,Thorleifsson G,African American or Afro-Caribbean,NR,U.S.,
19079260,Thorleifsson G,European,NR,Denmark,
19079260,Thorleifsson G,NR,NR,NR,
19079262,Styrkarsdottir U,European,NR,Iceland,
19079262,Styrkarsdottir U,European,NR,"Australia, Iceland, Denmark",
19079262,Styrkarsdottir U,European,NR,Iceland,
19079262,Styrkarsdottir U,European,NR,"Australia, Iceland, Denmark",
19079260,Thorleifsson G,European,NR,"U.S., Iceland, Netherlands",
19079260,Thorleifsson G,European,NR,Denmark,
19079260,Thorleifsson G,African American or Afro-Caribbean,NR,U.S.,
19079260,Thorleifsson G,NR,NR,NR,
19079261,Willer CJ,European,Italy,"Finland, Sweden, U.S., Italy, Germany, U.K., Switzerland",
19079261,Willer CJ,European,NR,"Finland, U.S., Italy, Netherlands, U.K.",
19081515,Mead S,European,NR,U.K.,
19081515,Mead S,European,NR,U.K.,
19081515,Mead S,Oceanian,NR,"Papua New Guinea, Guinea",
19065144,Sullivan PF,European,NR,Netherlands,
19065144,Sullivan PF,European,NR,"U.S., Germany, U.K.",
19060906,Kathiresan S,European,NR,"Finland, Sweden, U.S., Italy, U.K., France",
19060906,Kathiresan S,European,NR,"Finland, Sweden, U.S.",
19060909,Bouatia-Naji N,European,NR,France,
19060909,Bouatia-Naji N,European,NR,"Finland, France",
19060910,Sabatti C,European,NR,Finland,
19060910,Sabatti C,European,NR,Finland,
19060911,Aulchenko YS,European,NR,"Finland, Sweden, Australia, Italy, Netherlands, Germany, U.K., Croatia, Norway, Denmark",
19060910,Sabatti C,European,NR,Finland,
19060911,Aulchenko YS,European,NR,"Finland, Sweden, Australia, Italy, Netherlands, Germany, U.K., Croatia, Norway, Denmark",
19060911,Aulchenko YS,European,NR,"Finland, Sweden, Australia, Italy, Netherlands, Germany, U.K., Croatia, Norway, Denmark",
19060911,Aulchenko YS,European,NR,"Finland, Sweden, Australia, Italy, Netherlands, Germany, U.K., Croatia, Norway, Denmark",
19060906,Kathiresan S,European,NR,"Finland, Sweden, U.S., Italy, U.K., France",
19060906,Kathiresan S,European,NR,"Finland, Sweden, U.K.",
19060906,Kathiresan S,European,NR,"Finland, Sweden, U.S., Italy, U.K., France",
19060906,Kathiresan S,European,NR,"Finland, Sweden, U.K.",
18821565,Lasky-Su J,European,NR,"Israel, Netherlands, Belgium, Germany, U.K., Switzerland, Spain, Republic of Ireland",
18821565,Lasky-Su J,European,NR,"Israel, Netherlands, Belgium, Germany, U.K., Switzerland, Spain, Republic of Ireland",
18821565,Lasky-Su J,European,NR,"Israel, Netherlands, Belgium, Germany, U.K., Switzerland, Spain, Republic of Ireland",
18937294,Lasky-Su J,European,NR,"Israel, Netherlands, Belgium, Germany, U.K., Switzerland, Spain, Republic of Ireland",
19056611,Timpson NJ,European,NR,U.K.,
19056611,Timpson NJ,European,NR,U.K.,
19047183,Friedman RA,European,NR,"Finland, Italy, Netherlands, Belgium, Germany",
19047183,Friedman RA,European,NR,Belgium,
19060907,Prokopenko I,European,NR,NR,
19043545,Gieger C,European,NR,Germany,
18957941,Terracciano A,European,Italy,Italy,
18957941,Terracciano A,"NR, Other",NR,"U.S., Netherlands",
19030899,Lei SF,East Asian,NR,China,
19030899,Lei SF,East Asian,NR,China,
19023125,Potkin SG,European,NR,NR,
19023125,Potkin SG,NR,NR,NR,
19011631,Houlston RS,European,NR,U.K.,
19011631,Houlston RS,European,NR,"Finland, Germany, U.K.",
19010793,Baranzini SE,European,NR,"U.S., Netherlands, Switzerland",
19010793,Baranzini SE,European,NR,"U.S., Netherlands, Switzerland",
19010793,Baranzini SE,European,NR,"U.S., Netherlands, Switzerland",
19010793,Baranzini SE,European,NR,"U.S., Netherlands, Switzerland",
19010793,Baranzini SE,European,NR,"U.S., Netherlands, Switzerland",
18997786,Bilguvar K,European,NR,"Finland, Netherlands",
18997786,Bilguvar K,East Asian,NR,Japan,
19009022,Drgon T,European,NR,U.S.,
18997785,Aulchenko YS,European,NR,NR,
18997785,Aulchenko YS,European,NR,Sweden,
18997785,Aulchenko YS,NR,NR,Canada,
18985386,Pankratz N,European,NR,U.S.,
18987618,Cronin S,European,Netherlands,"U.S., Netherlands, Republic of Ireland",
18987618,Cronin S,NR,NR,"Poland, Republic of Ireland",
18980221,Neale BM,European,NR,"Israel, Netherlands, Belgium, Germany, U.K., Switzerland, Spain, Republic of Ireland",
18978792,Cooper JD,European,NR,"U.S., U.K.",
18978792,Cooper JD,European,NR,"Finland, U.S., U.K., Republic of Ireland, Norway",
18978787,Wang Y,European,NR,"U.S., Poland, Czech Republic, Russian Federation, Romania, U.K., Hungary, Slovakia",
18978787,Wang Y,European,NR,U.K.,
18978790,McKay JD,European,NR,"U.S., Poland, Czech Republic, Russian Federation, Romania, Canada, Hungary, Slovakia, Norway",
18978790,McKay JD,European,NR,"Sweden, U.S., Poland, Italy, Netherlands, Greece, Germany, U.K., Spain, France, Norway, Denmark",
18976728,Bertram L,European,NR,NR,
18976728,Bertram L,European,NR,NR,
18952825,Johansson A,European,NR,"Sweden, Italy, Netherlands, U.K., Croatia",
18952825,Johansson A,European,NR,"U.S., Iceland, Netherlands, U.K.",
18952825,Johansson A,African American or Afro-Caribbean,NR,"Iceland, Netherlands, U.K.",
18951430,Anney RJ,European,NR,"Netherlands, Belgium, Germany, U.K., Switzerland, Spain, Republic of Ireland",
18941528,Comabella M,European,NR,Spain,
18941528,Comabella M,European,NR,"U.S., Spain",
18849993,Stacey SN,European,NR,"Iceland, Romania, Hungary, Slovakia",
18849993,Stacey SN,European,NR,NR,
18849994,Hillmer AM,European,NR,NR,
18849994,Hillmer AM,European,NR,NR,
18849991,Richards JB,European,NR,Switzerland,
18849991,Richards JB,European,NR,"Iceland, Netherlands, U.K.",
18940312,Yuan X,South Asian,NR,U.K.,
18940312,Yuan X,European,NR,U.K.,
18940312,Yuan X,European,NR,"Italy, U.K., Switzerland",
18839057,Lesch KP,European,NR,Germany,
18839057,Lesch KP,NR,NR,NR,
18846501,Sonuga-Barke EJ,European,NR,"Israel, Netherlands, Belgium, Germany, U.K., Switzerland, Spain, Republic of Ireland",
18846501,Sonuga-Barke EJ,European,NR,"Israel, Netherlands, Belgium, Germany, U.K., Switzerland, Spain, Republic of Ireland",
18840781,Grant SF,European,NR,"U.S., Australia, Canada",
18840781,Grant SF,European,NR,"U.S., Canada",
18836448,Franke A,European,NR,"Germany, Norway",
18836448,Franke A,European,NR,"Netherlands, Greece, Belgium, Germany, U.K.",
18834626,Dehghan A,European,NR,Netherlands,
18834626,Dehghan A,European,NR,U.S.,
18834626,Dehghan A,African American or Afro-Caribbean,NR,U.S.,
18991354,Gretarsdottir S,European,NR,Iceland,
18991354,Gretarsdottir S,European,NR,"Sweden, Iceland, Germany, U.K.",
19802338,Chasman DI,European,NR,NR,
19802338,Chasman DI,European,NR,NR,
20031538,Heid IM,European,NR,NR,
20031538,Heid IM,European,NR,NR,
18835860,Mushiroda T,East Asian,NR,Japan,
18835860,Mushiroda T,East Asian,NR,Japan,
18823527,Abraham R,European,NR,U.K.,
18823527,Abraham R,NR,NR,NR,
18820697,Miyagawa T,East Asian,NR,Japan,
18820697,Miyagawa T,East Asian,NR,"Republic of Korea, Japan",
18820697,Miyagawa T,European,NR,U.S.,
18820697,Miyagawa T,African American or Afro-Caribbean,NR,U.S.,
18821564,Mick E,European,NR,NR,
18821564,Mick E,Hispanic or Latin American,NR,NR,
18821564,Mick E,African American or Afro-Caribbean,NR,NR,
18821564,Mick E,Other,NR,NR,
18802019,Burkhardt R,Oceanian,NR,Micronesia (Federated States of),
18780872,Liu P,European,NR,U.S.,
18780872,Liu P,NR,NR,NR,
18794855,Kiemeney LA,European,NR,"Iceland, Netherlands",
18794855,Kiemeney LA,European,NR,"Sweden, Italy, Romania, Belgium, U.K., Spain, Hungary, Slovakia",
18794853,Raychaudhuri S,European,NR,"Sweden, U.S., Canada, U.K.",
18794853,Raychaudhuri S,European,NR,"Sweden, U.S., Netherlands, Canada",
18760390,Huyghe JR,European,NR,NR,
18776929,Liu YZ,European,NR,U.S.,
18776929,Liu YZ,European,NR,U.K.,
18776911,Hazra A,European,NR,U.S.,
18776911,Hazra A,European,NR,U.S.,
18759275,McArdle PF,Other,NR,U.S.,
18762592,van den Oord EJ,European,NR,U.S.,
18762592,van den Oord EJ,European,NR,Germany,
18758461,Di Bernardo MC,European,NR,U.K.,
18758461,Di Bernardo MC,European,NR,U.K.,
18758464,Kugathasan S,European,NR,"U.S., Italy",
18758464,Kugathasan S,European,NR,"U.S., Italy",
18729187,Galvan A,European,NR,Italy,
18846228,Weidinger S,European,NR,Germany,
18846228,Weidinger S,European,NR,Germany,
18711367,Yasuda K,East Asian,NR,"Republic of Korea, China, Japan, China, Hong Kong SAR",
18711367,Yasuda K,European,NR,"Finland, Sweden",
18711367,Yasuda K,East Asian,NR,Japan,
18711365,Ferreira MA,European,NR,"U.K., Republic of Ireland",
18711366,Unoki H,East Asian,NR,Japan,
18711366,Unoki H,East Asian,NR,Japan,
18711366,Unoki H,European,NR,Denmark,
18668548,Julia A,European,Spain,Spain,
18668548,Julia A,European,NR,Spain,
19165918,Graham RR,European,NR,NR,
19165918,Graham RR,European,NR,U.K.,
19165918,Graham RR,NR,NR,"U.S., Canada",
18677311,O'Donovan MC,European,NR,U.K.,
18677311,O'Donovan MC,European,NR,"U.S., Bulgaria, Australia, Germany, U.K., Republic of Ireland",
18677311,O'Donovan MC,East Asian,NR,"China, Japan",
18677311,O'Donovan MC,NR,NR,Israel,
18660810,Schormair B,European,NR,"Germany, Austria",
18660810,Schormair B,European,Canada,"Czech Republic, Canada, Germany, Austria",
18650507,Link E,European,NR,U.K.,
18650507,Link E,European,NR,U.K.,
18723019,Franke A,European,NR,Germany,
18723019,Franke A,European,NR,Germany,
18615156,Liu C,European,NR,NR,
18604267,Pare G,European,NR,NR,
18604267,Pare G,European,NR,NR,
18594024,Sarasquete ME,European,NR,NR,
18591461,Turner ST,European,NR,U.S.,
18591461,Turner ST,African American or Afro-Caribbean,NR,U.S.,
18587394,Barrett JC,European,NR,"U.S., Canada, Belgium, U.K., France",
18587394,Barrett JC,European,NR,"U.S., Canada, Belgium, U.K., France",
18576341,Behrens EM,European,NR,NR,
18576341,Behrens EM,NR,NR,NR,
18451265,Bouatia-Naji N,European,NR,France,
18451265,Bouatia-Naji N,European,NR,"Finland, France",
18535201,Cooper GM,European,NR,U.S.,
18535201,Cooper GM,European,NR,U.S.,
18521185,Chen WM,European,NR,"Finland, Italy",
18521185,Chen WM,European,NR,"Finland, Sweden, U.S., U.K., Denmark",
18519826,Uhl GR,European,NR,NR,
18521090,Lavedan C,"African American or Afro-Caribbean, European, Asian unspecified, Other",NR,NR,
18521090,Lavedan C,"African American or Afro-Caribbean, European, Asian unspecified, Other",NR,NR,
18521091,Volpi S,African American or Afro-Caribbean,NR,NR,
18521091,Volpi S,European,NR,NR,
18521091,Volpi S,Asian unspecified,NR,NR,
18521091,Volpi S,Other,NR,NR,
18514160,Arnaud-Lopez L,European,NR,"U.S., Italy",
18514160,Arnaud-Lopez L,European,NR,Italy,
18488028,Sulem P,European,NR,"Netherlands, Iceland",
18488028,Sulem P,European,NR,Iceland,
18488028,Sulem P,European,NR,NR,
18488028,Sulem P,European,NR,"Netherlands, NR",
18488028,Sulem P,European,NR,NR,
18488028,Sulem P,European,NR,Netherlands,
18488028,Sulem P,European,NR,NR,
18488028,Sulem P,European,NR,NR,
18488028,Sulem P,European,NR,NR,
18488028,Sulem P,European,NR,NR,
18488028,Sulem P,European,NR,NR,
18488028,Sulem P,European,NR,NR,
18488026,Brown KM,European,NR,Australia,
18488026,Brown KM,European,NR,Australia,
18483556,Han J,European,NR,U.S.,
18483556,Han J,European,NR,"U.S., Australia",
18483556,Han J,European,NR,U.S.,
18483556,Han J,European,NR,"U.S., Australia",
18464913,Melzer D,European,NR,NR,
18464913,Melzer D,European,NR,"Finland, U.K.",
18463370,Maris JM,European,NR,U.S.,
18463370,Maris JM,European,NR,"U.S., U.K.",
18463975,Kibriya MG,European,NR,"U.S., Canada, Germany",
18463975,Kibriya MG,Hispanic or Latin American,NR,U.S.,
18463975,Kibriya MG,African American or Afro-Caribbean,NR,U.S.,
18471798,Valdes AM,European,NR,U.K.,
18471798,Valdes AM,European,NR,"U.S., Netherlands, U.K.",
18454146,Chambers JC,South Asian,India,U.K.,
18454146,Chambers JC,South Asian,India,U.K.,
18454146,Chambers JC,European,NR,U.K.,
18454148,Loos RJ,European,NR,"Finland, Sweden, U.S., Italy, Germany, U.K.",
18454148,Loos RJ,European,NR,"U.K., Switzerland",
18449908,Poduslo SE,European,NR,NR,
18449908,Poduslo SE,NR,NR,NR,
18449908,Poduslo SE,European,NR,NR,
18455228,Richards JB,European,NR,U.K.,
18455228,Richards JB,European,NR,U.K.,
18445777,Styrkarsdottir U,European,NR,NR,
18445777,Styrkarsdottir U,European,NR,NR,
18445777,Styrkarsdottir U,European,NR,NR,
18445777,Styrkarsdottir U,European,NR,NR,
18439552,Reiner AP,European,NR,NR,
18439552,Reiner AP,European,NR,NR,
18439548,Ridker PM,European,NR,NR,
18403759,Ober C,European,NR,U.S.,
18403759,Ober C,European,NR,"U.S., Germany",
18391950,Lettre G,European,NR,"Finland, Sweden, U.S., Italy, Germany",
18391950,Lettre G,European,NR,"Finland, U.S., Germany",
18391952,Weedon MN,European,NR,U.K.,
18391952,Weedon MN,European,NR,"U.K., Switzerland",
18391951,Gudbjartsson DF,European,NR,"U.S., Netherlands",
18391951,Gudbjartsson DF,European,NR,Denmark,
18369459,Liu Y,European,NR,U.S.,
18369459,Liu Y,European,NR,"U.S., U.K.",
18385739,Thorgeirsson TE,European,NR,Iceland,
18385739,Thorgeirsson TE,European,NR,"Netherlands, Spain",
18385676,Amos CI,European,NR,U.S.,
18385676,Amos CI,European,NR,"U.S., U.K.",
18385738,Hung RJ,"European, Other",NR,"Poland, Czech Republic, Russian Federation, Romania, Hungary, Slovakia",
18385738,Hung RJ,European,NR,Canada,
18385738,Hung RJ,"European, Other",NR,"Sweden, Czech Republic, Italy, Netherlands, Greece, Germany, U.K., Croatia, Spain, France, Norway",
18372903,Zeggini E,European,NR,"Finland, U.K.",
18372903,Zeggini E,European,NR,"Finland, Sweden, U.S., U.K.",
18372901,Tenesa A,NR,NR,Israel,
18372901,Tenesa A,European,U.K.,U.K.,
18372901,Tenesa A,European,NR,"Canada, Germany, U.K., Spain",
18372901,Tenesa A,East Asian,NR,Japan,
18372905,Tomlinson IP,European,NR,U.K.,
18372905,Tomlinson IP,European,NR,"Finland, Australia, Germany, U.K., Spain",
18372905,Tomlinson IP,NR,NR,Netherlands,
18360741,Butcher LM,European,NR,U.K.,
18360741,Butcher LM,European,NR,U.K.,
18364390,Capon F,European,U.K.,U.K.,
18364390,Capon F,European,NR,"Germany, U.K.",
18347602,Sullivan PF,European,NR,U.S.,
18347602,Sullivan PF,African American or Afro-Caribbean,NR,U.S.,
18347602,Sullivan PF,"Hispanic or Latin American, Oceanian, Asian unspecified, Native American",NR,U.S.,
18332876,Kirov G,European,NR,Bulgaria,
18326623,Gold B,European,NR,"U.S., Israel, Canada",
18326623,Gold B,European,NR,U.S.,
18327256,Doring A,European,NR,Germany,
18327256,Doring A,European,NR,"Germany, Austria",
18327257,Vitart V,European,NR,Croatia,
18327257,Vitart V,European,NR,"Germany, U.K.",
18325910,Liu YJ,European,NR,U.S.,
18325910,Liu YJ,European,NR,France,
18317468,Sklar P,European,U.K.,"U.S., U.K.",
18317468,Sklar P,European,NR,U.K.,
18311140,Hunt KA,European,NR,U.K.,
18311140,Hunt KA,European,NR,"Netherlands, U.K., Republic of Ireland",
18316681,Uhl GR,East Asian,NR,"China, Japan",
18282107,Shifman S,Other,NR,Israel,
18282107,Shifman S,European,"U.K., Republic of Ireland","U.S., U.K., Republic of Ireland",
18282107,Shifman S,East Asian,NR,China,
18282107,Shifman S,Other,NR,Israel,
18264098,Gudmundsson J,European,NR,Iceland,
18264098,Gudmundsson J,European,NR,"Sweden, U.S., Netherlands, Spain",
18264097,Eeles RA,European,NR,U.K.,
18264097,Eeles RA,European,NR,"Australia, U.K.",
18264096,Thomas G,European,NR,NR,
18264096,Thomas G,European,NR,"Finland, U.S., France",
18262040,Sandhu MS,European,NR,"U.K., Switzerland",
18262040,Sandhu MS,European,NR,U.K.,
18245381,Uda M,European,Italy,"U.S., Italy",
18245381,Uda M,European,Italy,"U.S., Italy",
18239089,Kong A,NR,NR,NR,
18239089,Kong A,NR,NR,NR,
18239089,Kong A,NR,NR,NR,
18239089,Kong A,NR,NR,NR,
18227835,Berrettini W,European,NR,Switzerland,
18227835,Berrettini W,European,NR,"U.S., Canada",
18252221,Kayser M,European,NR,Netherlands,
18252221,Kayser M,European,NR,Netherlands,
18067574,Butcher LM,European,NR,U.K.,
18067574,Butcher LM,European,NR,U.K.,
18204446,Harley JB,European,NR,NR,
18204446,Harley JB,European,NR,U.S.,
18204447,Kozyrev SV,European,NR,NR,
18204447,Kozyrev SV,European,NR,"Italy, Spain",
18204098,Hom G,European,NR,U.S.,
18204098,Hom G,European,NR,Sweden,
18198356,Hakonarson H,European,NR,NR,
18198356,Hakonarson H,European,NR,"U.S., Australia, Canada",
18195134,Byun E,European,NR,"Spain, France",
18195134,Byun E,European,NR,Spain,
18193044,Kathiresan S,European,NR,NR,
18193044,Kathiresan S,European,NR,"Finland, Sweden, NR",
18193043,Willer CJ,European,Italy,"Finland, Italy",
18193043,Willer CJ,European,NR,"Finland, U.S., U.K., France",
18193043,Willer CJ,European,Italy,"Finland, Italy",
18193043,Willer CJ,European,NR,"Finland, U.S., U.K., France",
18193044,Kathiresan S,European,NR,"Italy, NR",
18193044,Kathiresan S,European,NR,"Finland, Norway, Sweden, NR",
18193044,Kathiresan S,European,NR,"Finland, Sweden, Norway",
18193044,Kathiresan S,European,NR,"NR, Italy",
18193043,Willer CJ,European,Italy,"Finland, Italy",
18193043,Willer CJ,European,NR,"Finland, U.S., U.K., France",
18193045,Sanna S,European,NR,Finland,
18193045,Sanna S,European,NR,"Finland, Italy",
18193045,Sanna S,African American or Afro-Caribbean,NR,U.S.,
18193046,Kooner JS,European,U.K.,U.K.,
18193046,Kooner JS,South Asian,India,U.K.,
18193046,Kooner JS,European,U.K.,U.K.,
18193046,Kooner JS,Other,NR,Mexico,
18193046,Kooner JS,South Asian,India,U.K.,
18179892,Wallace C,European,NR,U.K.,
18179892,Wallace C,European,NR,U.K.,
18179892,Wallace C,European,NR,U.K.,
18179892,Wallace C,European,NR,U.K.,
18159244,Hinney A,European,NR,Germany,
18159244,Hinney A,European,NR,NR,
18073375,Duggan D,European,NR,U.S.,
18073375,Duggan D,African American or Afro-Caribbean,NR,U.S.,
18073375,Duggan D,European,NR,"Sweden, U.S.",
18084291,van Es MA,European,NR,"U.S., Netherlands",
18084291,van Es MA,European,NR,"Sweden, Netherlands, Belgium",
18057069,Cronin S,European,Republic of Ireland,Republic of Ireland,
18057069,Cronin S,European,Netherlands,"U.S., Netherlands",
18075462,Suzuki S,East Asian,NR,Japan,
18075462,Suzuki S,East Asian,NR,Japan,
17998437,Li H,European,NR,Canada,
17998437,Li H,European,NR,U.K.,
17997608,Li S,European,NR,Italy,
17997608,Li S,European,NR,Italy,
17982456,Plenge RM,NR,NR,U.S.,
17982456,Plenge RM,European,NR,U.S.,
17982456,Plenge RM,NR,NR,"U.S., Canada",
17982456,Plenge RM,European,NR,Sweden,
17975299,Webster JA,NR,NR,NR,
17952075,Sulem P,European,NR,NR,
17952075,Sulem P,European,NR,Netherlands,
17999355,Stokowski RP,South Asian,"India, Sri Lanka, Pakistan, Bangladesh",U.K.,
17999355,Stokowski RP,South Asian,"India, Sri Lanka, Pakistan, Bangladesh",U.K.,
17934461,Broderick P,European,NR,U.K.,
17934461,Broderick P,European,NR,U.K.,
17911428,Cervino AC,European,NR,U.S.,
17903294,Yang Q,European,NR,NR,
17903308,Gottlieb DJ,NR,NR,NR,
17903294,Yang Q,European,NR,NR,
17903305,Murabito JM,NR,NR,NR,
17903299,Kathiresan S,European,NR,U.S.,
17903299,Kathiresan S,European,NR,NR,
17903298,Meigs JB,NR,NR,NR,
17903301,Vasan RS,European,NR,NR,
17903295,Lunetta KL,NR,NR,NR,
17903304,Larson MG,NR,NR,U.S.,
17903292,Hwang SJ,NR,NR,NR,
17903307,Wilk JB,NR,NR,NR,
17903302,Levy D,NR,NR,U.S.,
17903298,Meigs JB,NR,NR,NR,
17903306,Newton-Cheh C,European,NR,NR,
17903301,Vasan RS,European,NR,NR,
17903304,Larson MG,NR,NR,U.S.,
17903296,Kiel DP,NR,NR,NR,
17903292,Hwang SJ,NR,NR,NR,
17903307,Wilk JB,NR,NR,NR,
17903297,Seshadri S,European,NR,NR,
17903303,O'Donnell CJ,NR,NR,NR,
17903295,Lunetta KL,NR,NR,NR,
17903305,Murabito JM,NR,NR,NR,
17903302,Levy D,NR,NR,U.S.,
17903304,Larson MG,NR,NR,U.S.,
17903296,Kiel DP,NR,NR,NR,
17903292,Hwang SJ,NR,NR,NR,
17903300,Fox CS,European,NR,NR,
17903301,Vasan RS,European,NR,NR,
17903297,Seshadri S,European,NR,NR,
17903303,O'Donnell CJ,NR,NR,NR,
17903306,Newton-Cheh C,European,NR,NR,
17903298,Meigs JB,NR,NR,NR,
17903300,Fox CS,European,NR,NR,
17903293,Benjamin EJ,European,NR,NR,
17848626,Florez JC,European,NR,NR,
17848626,Florez JC,European,NR,NR,
17848626,Florez JC,Native American,NR,NR,
17848626,Florez JC,Hispanic or Latin American,NR,NR,
17846126,Rampersaud E,European,Switzerland,NR,
17846126,Rampersaud E,Hispanic or Latin American,NR,NR,
17846126,Rampersaud E,Native American,NR,NR,
17846126,Rampersaud E,European,NR,NR,
17846124,Hayes MG,Hispanic or Latin American,NR,U.S.,
17846124,Hayes MG,European,NR,NR,
17846124,Hayes MG,Native American,NR,NR,
17846125,Hanson RL,Native American,NR,U.S.,
17846125,Hanson RL,Native American,NR,U.S.,
17846125,Hanson RL,European,NR,NR,
17846125,Hanson RL,Hispanic or Latin American,NR,NR,
17827064,van Es MA,European,Netherlands,Netherlands,
17827064,van Es MA,European,"Sweden, Netherlands, Belgium","Sweden, Netherlands, Belgium",
17804836,Plenge RM,European,NR,"Sweden, U.S., Canada",
17804836,Plenge RM,European,NR,"Sweden, U.S., Canada",
17804789,Raelson JV,European,"Canada, France",Canada,
17804789,Raelson JV,European,NR,Germany,
17767159,Menzel S,European,NR,NR,
17767159,Menzel S,European,NR,NR,
17767157,Weedon MN,European,"U.K., Republic of Ireland","Finland, Sweden, U.K.",
17767157,Weedon MN,European,"U.S., Russian Federation","Finland, U.S., Poland, U.K.",
17690259,Thorleifsson G,European,NR,Iceland,
17690259,Thorleifsson G,European,NR,Sweden,
17684544,Franke A,European,Canada,"Canada, Germany, U.K.",
17684544,Franke A,European,NR,Germany,
17671248,Dunckley T,European,NR,NR,
17671248,Dunckley T,European,NR,NR,
17671248,Dunckley T,Hispanic or Latin American,NR,NR,
17671248,Dunckley T,African unspecified,NR,NR,
17671248,Dunckley T,Asian unspecified,NR,NR,
17671248,Dunckley T,Native American,NR,NR,
17671248,Dunckley T,Oceanian,NR,NR,
17671248,Dunckley T,Other,NR,NR,
17653210,Maeda S,East Asian,NR,NR,
17667963,Shifman S,European,NR,U.K.,
17667963,Shifman S,European,NR,U.K.,
17660530,Hafler DA,European,NR,"U.S., U.K.",
17660530,Hafler DA,European,NR,"U.S., U.K.",
17611496,Moffatt MF,European,NR,"Germany, U.K., Austria",
17611496,Moffatt MF,European,NR,Germany,
17658951,Scuteri A,European,Italy,Italy,
17658951,Scuteri A,European,NR,U.S.,
17658951,Scuteri A,African American or Afro-Caribbean,NR,U.S.,
17658951,Scuteri A,Hispanic or Latin American,NR,U.S.,
17634447,Stefansson H,European,NR,Iceland,
17634447,Stefansson H,European,NR,"U.S., Iceland",
17641165,Fellay J,European,NR,"Australia, Italy, Switzerland, Spain, Denmark",
17641165,Fellay J,European,NR,"Australia, Italy, Switzerland, Spain, Denmark",
17634449,Samani NJ,European,NR,U.K.,
17634449,Samani NJ,European,NR,Germany,
17637780,Winkelmann J,European,NR,Germany,
17637780,Winkelmann J,European,NR,"Canada, Germany",
17632509,Buch S,European,NR,Germany,
17632509,Buch S,European,NR,Germany,
17632509,Buch S,Hispanic or Latin American,NR,Chile,
17632545,Hakonarson H,European,NR,"U.S., Canada",
17632545,Hakonarson H,European,NR,"U.S., Australia, Canada",
17618284,Tomlinson I,European,NR,U.K.,
17618284,Tomlinson I,European,NR,U.K.,
17618283,Zanke BW,NR,NR,Canada,
17618283,Zanke BW,European,NR,"U.K., France",
17618283,Zanke BW,NR,NR,"U.S., Canada",
17603472,Gudbjartsson DF,European,NR,Iceland,
17603472,Gudbjartsson DF,European,NR,"Sweden, U.S., Iceland",
17603472,Gudbjartsson DF,East Asian,NR,"China, China, Hong Kong SAR",
17603485,Gudmundsson J,European,NR,Iceland,
17603485,Gudmundsson J,European,NR,"U.S., Netherlands, Spain",
17668382,Salonen JT,European,Finland,"Finland, Israel, Germany, U.K.",
17668382,Salonen JT,European,NR,France,
17558408,van Heel DA,European,NR,U.K.,
17558408,van Heel DA,European,Netherlands,"Netherlands, Republic of Ireland",
17554300,Wellcome Trust Case Control Consortium,European,NR,U.K.,
17554300,Wellcome Trust Case Control Consortium,European,NR,U.K.,
17554300,Wellcome Trust Case Control Consortium,European,NR,U.K.,
17554300,Wellcome Trust Case Control Consortium,European,NR,U.K.,
17554300,Wellcome Trust Case Control Consortium,European,NR,U.K.,
17553421,Reiman EM,NR,NR,NR,
17553421,Reiman EM,NR,NR,U.S.,
17554300,Wellcome Trust Case Control Consortium,European,"U.K., Republic of Ireland","U.K., Republic of Ireland",
17554300,Wellcome Trust Case Control Consortium,European,NR,U.K.,
17554261,Parkes M,NR,NR,NR,
17554261,Parkes M,European,NR,U.K.,
17554260,Todd JA,European,NR,NR,
17554260,Todd JA,European,NR,U.K.,
17529973,Hunter DJ,European,NR,NR,
17529973,Hunter DJ,European,NR,U.S.,
17529973,Hunter DJ,Other,NR,U.S.,
17529967,Easton DF,European,NR,"Finland, Sweden, U.S., Poland, Australia, Netherlands, Germany, U.K., Spain, New Zealand, NR, Denmark",
17529967,Easton DF,European,NR,U.K.,
17529967,Easton DF,East Asian,NR,"Republic of Korea, Thailand, NR, Taiwan",
17529974,Stacey SN,European,NR,Iceland,
17529974,Stacey SN,European,NR,"Sweden, U.S., Iceland, Netherlands, Spain",
17529974,Stacey SN,East Asian,NR,U.S.,
17529974,Stacey SN,African American or Afro-Caribbean,NR,U.S.,
17529974,Stacey SN,Hispanic or Latin American,NR,U.S.,
17529974,Stacey SN,Other,NR,U.S.,
17505501,Kindmark A,European,NR,NR,
17505501,Kindmark A,European,NR,Sweden,
17486107,Baum AE,European,NR,U.S.,
17486107,Baum AE,European,Germany,Germany,
17434096,Matarin M,European,NR,NR,
17478681,McPherson R,European,NR,Canada,
17478681,McPherson R,European,NR,"U.S., Canada, Denmark",
17478679,Helgadottir A,European,NR,Iceland,
17478679,Helgadottir A,European,NR,"U.S., Iceland",
17470457,Huentelman MJ,European,NR,Switzerland,
17470457,Huentelman MJ,European,NR,Switzerland,
17463249,Zeggini E,European,NR,U.K.,
17463249,Zeggini E,European,NR,U.K.,
17463246,Saxena R,European,NR,"Finland, Sweden",
17463246,Saxena R,European,NR,"Finland, Sweden",
17463246,Saxena R,European,NR,"Finland, Sweden",
17463246,Saxena R,European,NR,"Sweden, Finland",
17463246,Saxena R,European,NR,Sweden,
17460697,Steinthorsdottir V,European,NR,Iceland,
17460697,Steinthorsdottir V,European,NR,"U.S., Netherlands, Denmark",
17463248,Scott LJ,European,NR,Finland,
17463248,Scott LJ,European,NR,NR,
17463246,Saxena R,European,NR,"Finland, Sweden",
17463246,Saxena R,European,NR,"U.S., Poland, Sweden",
17463246,Saxena R,NR,NR,NR,
17435756,Rioux JD,NR,NR,"U.S., Canada",
17435756,Rioux JD,NR,NR,"U.S., Canada",
17434869,Frayling TM,European,NR,"Finland, Italy, U.K.",
17434869,Frayling TM,European,"U.K., Republic of Ireland",U.K.,
17407593,Uhl GR,European,NR,U.S.,
17401366,Gudmundsson J,European,NR,Iceland,
17401366,Gudmundsson J,European,NR,"U.S., Netherlands, Spain",
17401366,Gudmundsson J,African American or Afro-Caribbean,NR,U.S.,
17395743,Hanson RL,Native American,NR,U.S.,
17401363,Yeager M,European,NR,NR,
17401363,Yeager M,European,NR,"Finland, U.S., France",
17474819,Coon KD,European,NR,U.S.,
17522711,Lencz T,European,NR,U.S.,
17357082,Melquist S,European,NR,"U.S., Canada",
17357082,Melquist S,European,NR,"U.S., Canada",
17447842,Libioulle C,European,NR,"Belgium, France",
17447842,Libioulle C,European,NR,Belgium,
17362836,Schymick JC,European,NR,U.S.,
17293876,Sladek R,European,NR,France,
17293876,Sladek R,European,NR,France,
17223258,Spinola M,European,NR,Italy,
17223258,Spinola M,European,NR,NR,
17158188,Bierut LJ,European,NR,"U.S., Australia",
17158188,Bierut LJ,European,NR,"U.S., Australia",
17099884,Liu QR,European,NR,U.S.,
17099884,Liu QR,African American or Afro-Caribbean,NR,U.S.,
17068223,Duerr RH,European,NR,"U.S., Canada",
17068223,Duerr RH,Other,NR,"U.S., Canada",
17053149,Papassotiropoulos A,European,NR,Switzerland,
17053149,Papassotiropoulos A,European,NR,"U.S., Switzerland",
17053149,Papassotiropoulos A,"African American or Afro-Caribbean, Hispanic or Latin American, Asian unspecified, Native American",NR,U.S.,
17053108,Dewan A,South East Asian,NR,"China, China, Hong Kong SAR",
17052657,Fung HC,European,NR,U.S.,
16648850,Arking DE,European,NR,Germany,
16648850,Arking DE,European,NR,"U.S., Germany",
16614226,Herbert A,NR,NR,NR,
16614226,Herbert A,European,NR,"U.S., Poland, Germany",
16614226,Herbert A,African American or Afro-Caribbean,NR,U.S.,
16614226,Herbert A,NR,NR,NR,
16252231,Maraganore DM,European,NR,U.S.,
16252231,Maraganore DM,Other,NR,U.S.,
16252231,Maraganore DM,Asian unspecified,NR,U.S.,
16252231,Maraganore DM,European,NR,U.S.,
16252231,Maraganore DM,Other,NR,U.S.,
16252231,Maraganore DM,Asian unspecified,NR,U.S.,
15761122,Klein RJ,European,NR,NR,
